date,fpo,produce,temperature,humidity,harvest_volume_kg,market_price,storage_days,storage_capacity_kg,storage_demand_kg,utilization_pct,spoilage_risk,future_market_price,storage_cost_per_kg,potential_revenue,decision
2025-01-01 00:00:00,FPO_Karnal,Onion,30.19,54.2,516,33.64,1,2000,206.13,10.31,LOW,48.35,3.17,24950.79,STORE
2025-01-01 01:00:00,FPO_Nagpur,Tomato,21.17,63.47,837,29.92,5,2000,623.59,31.18,LOW,26.13,4.81,21872.46,SELL NOW
2025-01-01 02:00:00,FPO_Lucknow,Apple,32.5,68.49,557,104.52,1,1000,482.73,48.27,LOW,106.16,4.37,59129.79,SELL NOW
2025-01-01 03:00:00,FPO_Karnal,Cabbage,22.9,64.27,1499,22.4,3,2000,1098.33,54.92,LOW,18.93,1.59,28377.59,SELL NOW
2025-01-01 04:00:00,FPO_Jaipur,Onion,32.84,46.71,889,35.42,9,1000,579.89,57.99,LOW,42.18,4.24,37496.74,STORE
2025-01-01 05:00:00,FPO_Surat,Potato,25.44,42.91,543,18.91,3,1500,381.92,25.46,LOW,25.66,2.1,13931.72,STORE
2025-01-01 06:00:00,FPO_Lucknow,Onion,23.26,42.6,1654,31.01,3,1000,1000.0,100.0,LOW,30.53,3.5,50489.05,SELL NOW
2025-01-01 07:00:00,FPO_Lucknow,Onion,37.68,75.89,758,27.19,13,1500,937.82,62.52,HIGH,23.98,4.32,18176.34,SELL NOW
2025-01-01 08:00:00,FPO_Karnal,Potato,29.06,52.69,911,21.51,9,2000,755.36,37.77,LOW,22.58,3.46,20569.25,SELL NOW
2025-01-01 09:00:00,FPO_Nashik,Mango,26.07,72.04,762,70.17,5,1500,614.67,40.98,LOW,69.68,2.91,53095.81,SELL NOW
2025-01-01 10:00:00,FPO_Jaipur,Mango,32.55,66.3,638,62.55,12,2500,789.53,31.58,MEDIUM,65.87,2.62,42023.32,SELL NOW
2025-01-01 11:00:00,FPO_Karnal,Tomato,19.96,50.38,1685,29.13,8,2000,1470.55,73.53,LOW,40.22,2.57,67778.74,STORE
2025-01-01 12:00:00,FPO_Jaipur,Tomato,34.64,50.75,1493,35.06,10,1000,1000.0,100.0,MEDIUM,41.37,4.43,61760.26,STORE
2025-01-01 13:00:00,FPO_Jaipur,Mango,27.16,67.01,1932,47.18,9,500,500.0,100.0,MEDIUM,53.97,4.39,104274.47,STORE
2025-01-01 14:00:00,FPO_Surat,Cabbage,31.6,66.17,1654,24.21,12,2000,1577.84,78.89,MEDIUM,27.18,4.38,44963.57,STORE
2025-01-01 15:00:00,FPO_Lucknow,Apple,18.71,72.38,1244,97.5,6,2500,1207.8,48.31,LOW,113.72,2.49,141466.79,STORE
2025-01-01 16:00:00,FPO_Nagpur,Onion,25.71,58.14,342,25.71,7,1500,341.83,22.79,LOW,29.29,4.3,10018.87,STORE
2025-01-01 17:00:00,FPO_Surat,Apple,28.03,52.3,1983,92.36,7,1000,1000.0,100.0,LOW,98.98,1.63,196286.89,SELL NOW
2025-01-01 18:00:00,FPO_Surat,Onion,34.18,66.65,1067,28.9,7,1000,1000.0,100.0,MEDIUM,37.4,2.22,39903.38,STORE
2025-01-01 19:00:00,FPO_Jaipur,Mango,32.08,86.3,552,63.47,4,2500,589.05,23.56,LOW,66.21,3.3,36548.98,SELL NOW
2025-01-01 20:00:00,FPO_Indore,Tomato,25.65,36.85,1688,27.27,13,2500,1452.65,58.11,LOW,31.3,2.92,52839.32,STORE
2025-01-01 21:00:00,FPO_Lucknow,Cabbage,29.91,53.01,1216,28.99,13,2000,1279.43,63.97,LOW,29.15,1.89,35440.73,SELL NOW
2025-01-01 22:00:00,FPO_Nashik,Tomato,35.54,73.86,667,28.36,2,500,392.56,78.51,MEDIUM,31.45,1.65,20975.47,STORE
2025-01-01 23:00:00,FPO_Surat,Apple,26.8,68.25,1736,105.83,2,500,500.0,100.0,LOW,116.15,3.64,201633.07,SELL NOW
2025-01-02 00:00:00,FPO_Nagpur,Tomato,26.15,74.08,1687,25.49,7,1500,1323.61,88.24,MEDIUM,34.31,2.6,57873.55,STORE
2025-01-02 01:00:00,FPO_Indore,Mango,16.66,58.56,1076,50.64,10,1000,1000.0,100.0,LOW,57.07,1.56,61412.07,STORE
2025-01-02 02:00:00,FPO_Indore,Cabbage,26.33,40.82,1617,17.1,7,2000,1278.12,63.91,LOW,24.65,3.01,39858.66,STORE
2025-01-02 03:00:00,FPO_Nashik,Apple,17.56,90.07,1118,97.51,10,1000,1000.0,100.0,MEDIUM,100.32,2.57,112162.26,SELL NOW
2025-01-02 04:00:00,FPO_Surat,Cabbage,27.31,81.26,1976,20.6,7,2000,1605.07,80.25,MEDIUM,28.34,3.52,55999.97,STORE
2025-01-02 05:00:00,FPO_Nagpur,Onion,33.93,64.64,1281,27.05,13,2500,1323.81,52.95,MEDIUM,29.29,4.75,37515.35,SELL NOW
2025-01-02 06:00:00,FPO_Lucknow,Tomato,15.28,52.38,1349,33.69,8,1500,1238.34,82.56,LOW,28.53,2.58,38482.12,SELL NOW
2025-01-02 07:00:00,FPO_Ahmedabad,Cabbage,35.41,57.64,1040,17.49,3,2500,693.24,27.73,LOW,29.66,4.99,30843.01,STORE
2025-01-02 08:00:00,FPO_Nagpur,Potato,26.02,68.44,1077,29.54,13,1000,1000.0,100.0,MEDIUM,31.52,1.8,33946.29,SELL NOW
2025-01-02 09:00:00,FPO_Nashik,Tomato,27.84,61.23,1684,23.97,11,1500,1500.0,100.0,MEDIUM,32.24,1.81,54296.42,STORE
2025-01-02 10:00:00,FPO_Indore,Onion,24.99,64.78,251,23.78,5,2000,240.2,12.01,LOW,24.97,4.0,6266.53,SELL NOW
2025-01-02 11:00:00,FPO_Lucknow,Cabbage,17.72,89.15,1211,24.31,6,2000,1164.42,58.22,LOW,13.86,4.12,16781.41,SELL NOW
2025-01-02 12:00:00,FPO_Nagpur,Apple,23.3,78.86,1958,107.5,13,1500,1500.0,100.0,HIGH,110.13,2.98,215636.54,SELL NOW
2025-01-02 13:00:00,FPO_Ahmedabad,Onion,40.58,47.44,1013,26.44,8,2500,727.8,29.11,LOW,20.23,2.5,20493.12,SELL NOW
2025-01-02 14:00:00,FPO_Ahmedabad,Potato,21.42,66.15,468,19.0,8,1500,799.77,53.32,LOW,25.77,4.28,12061.27,STORE
2025-01-02 15:00:00,FPO_Jaipur,Cabbage,18.47,57.19,295,22.33,10,2500,486.55,19.46,LOW,24.18,4.85,7134.06,SELL NOW
2025-01-02 16:00:00,FPO_Jaipur,Mango,28.85,69.47,472,65.75,3,1500,226.28,15.09,LOW,74.84,4.96,35326.6,STORE
2025-01-02 17:00:00,FPO_Karnal,Tomato,27.49,64.05,1546,25.77,12,2500,1302.6,52.1,LOW,29.94,3.72,46280.71,STORE
2025-01-02 18:00:00,FPO_Nashik,Apple,26.06,95.0,1796,102.23,14,500,500.0,100.0,HIGH,100.08,4.09,179744.84,SELL NOW
2025-01-02 19:00:00,FPO_Surat,Mango,28.09,71.44,1916,60.6,4,1500,1361.88,90.79,LOW,66.95,4.38,128279.9,STORE
2025-01-02 20:00:00,FPO_Nagpur,Cabbage,31.87,62.99,332,24.45,6,2500,259.21,10.37,LOW,19.65,4.3,6524.47,SELL NOW
2025-01-02 21:00:00,FPO_Nagpur,Cabbage,24.48,92.65,1127,22.51,4,1000,1000.0,100.0,MEDIUM,23.97,4.98,27015.54,SELL NOW
2025-01-02 22:00:00,FPO_Surat,Onion,29.17,68.08,288,39.84,10,1000,550.84,55.08,LOW,33.53,4.34,9655.27,SELL NOW
2025-01-02 23:00:00,FPO_Karnal,Cabbage,34.14,42.22,884,38.96,4,1500,452.45,30.16,LOW,43.71,3.82,38640.31,STORE
2025-01-03 00:00:00,FPO_Indore,Apple,22.03,63.13,1023,95.58,5,1500,830.96,55.4,LOW,99.82,2.82,102115.08,SELL NOW
2025-01-03 01:00:00,FPO_Indore,Mango,15.0,74.21,204,54.64,10,2000,798.48,39.92,LOW,58.27,3.59,11887.8,SELL NOW
2025-01-03 02:00:00,FPO_Karnal,Apple,32.02,72.27,556,100.2,7,2500,536.04,21.44,LOW,98.52,4.58,54779.67,SELL NOW
2025-01-03 03:00:00,FPO_Indore,Potato,43.02,80.08,1566,10.63,12,1500,1164.59,77.64,HIGH,20.4,2.57,31941.67,SELL NOW
2025-01-03 04:00:00,FPO_Jaipur,Potato,27.96,67.31,403,22.24,2,1000,357.23,35.72,LOW,29.79,1.61,12003.37,STORE
2025-01-03 05:00:00,FPO_Nagpur,Tomato,29.21,66.25,1897,38.04,13,1000,1000.0,100.0,HIGH,42.21,2.65,80065.12,SELL NOW
2025-01-03 06:00:00,FPO_Karnal,Tomato,26.23,43.96,1796,25.01,2,1000,1000.0,100.0,LOW,25.1,4.86,45081.88,SELL NOW
2025-01-03 07:00:00,FPO_Nagpur,Potato,37.53,87.93,670,27.4,12,2500,779.87,31.19,HIGH,28.65,4.28,19197.51,SELL NOW
2025-01-03 08:00:00,FPO_Surat,Cabbage,27.53,60.42,663,32.35,10,500,500.0,100.0,MEDIUM,35.27,2.15,23384.0,SELL NOW
2025-01-03 09:00:00,FPO_Ahmedabad,Apple,26.88,50.31,696,95.69,14,1500,902.93,60.2,LOW,93.19,1.54,64858.41,SELL NOW
2025-01-03 10:00:00,FPO_Jaipur,Potato,33.47,95.0,901,22.89,9,500,500.0,100.0,HIGH,30.16,3.84,27171.48,SELL NOW
2025-01-03 11:00:00,FPO_Lucknow,Tomato,25.09,90.2,1036,29.77,4,2500,915.62,36.62,LOW,39.07,3.53,40473.47,STORE
2025-01-03 12:00:00,FPO_Jaipur,Potato,20.29,58.28,262,25.64,5,1500,418.01,27.87,LOW,37.19,1.79,9743.73,STORE
2025-01-03 13:00:00,FPO_Karnal,Cabbage,33.29,36.79,1779,29.01,3,2000,1160.4,58.02,LOW,30.29,4.88,53886.78,SELL NOW
2025-01-03 14:00:00,FPO_Lucknow,Potato,24.45,54.22,438,27.61,2,1500,413.57,27.57,LOW,37.5,3.66,16424.49,STORE
2025-01-03 15:00:00,FPO_Ahmedabad,Apple,22.15,88.69,739,96.09,14,1500,831.28,55.42,MEDIUM,106.28,3.78,78543.82,STORE
2025-01-03 16:00:00,FPO_Karnal,Mango,40.6,67.65,397,60.87,10,1500,336.65,22.44,MEDIUM,60.71,4.49,24101.73,SELL NOW
2025-01-03 17:00:00,FPO_Nashik,Cabbage,26.93,44.76,980,32.41,8,1500,857.18,57.15,LOW,30.39,2.68,29785.28,SELL NOW
2025-01-03 18:00:00,FPO_Nagpur,Tomato,30.97,76.76,1906,35.95,4,1500,1373.04,91.54,MEDIUM,44.39,3.45,84598.69,STORE
2025-01-03 19:00:00,FPO_Ahmedabad,Apple,28.18,61.85,229,101.13,14,2500,497.32,19.89,LOW,101.38,3.52,23216.68,SELL NOW
2025-01-03 20:00:00,FPO_Nagpur,Potato,22.68,55.27,865,19.34,12,1500,933.11,62.21,LOW,18.67,4.89,16151.57,SELL NOW
2025-01-03 21:00:00,FPO_Indore,Potato,32.14,56.41,1432,27.18,1,2500,795.28,31.81,LOW,34.26,1.96,49057.35,STORE
2025-01-03 22:00:00,FPO_Nashik,Mango,29.89,84.6,1286,62.68,13,1500,1364.36,90.96,HIGH,58.75,4.16,75554.43,SELL NOW
2025-01-03 23:00:00,FPO_Nashik,Tomato,24.04,73.2,1280,30.57,6,1500,980.09,65.34,LOW,31.34,3.51,40120.41,SELL NOW
2025-01-04 00:00:00,FPO_Ahmedabad,Tomato,30.6,42.71,1943,31.88,6,2500,1377.75,55.11,LOW,25.56,4.46,49660.41,SELL NOW
2025-01-04 01:00:00,FPO_Nashik,Onion,24.91,70.51,1656,25.25,2,1500,1261.12,84.07,LOW,24.04,4.41,39814.85,SELL NOW
2025-01-04 02:00:00,FPO_Lucknow,Tomato,21.37,66.61,1531,32.24,2,1000,1000.0,100.0,LOW,31.95,1.54,48912.96,SELL NOW
2025-01-04 03:00:00,FPO_Nashik,Mango,20.77,58.69,1798,60.77,8,1500,1324.6,88.31,LOW,60.02,2.4,107918.77,SELL NOW
2025-01-04 04:00:00,FPO_Nagpur,Onion,29.62,59.48,1983,35.71,11,2000,1539.31,76.97,MEDIUM,36.56,2.13,72492.65,SELL NOW
2025-01-04 05:00:00,FPO_Nagpur,Onion,25.7,52.02,1689,30.1,7,2500,1206.29,48.25,LOW,22.83,3.12,38561.4,SELL NOW
2025-01-04 06:00:00,FPO_Karnal,Potato,37.01,55.06,1876,24.92,14,1500,1500.0,100.0,HIGH,22.88,4.67,42930.81,SELL NOW
2025-01-04 07:00:00,FPO_Nagpur,Potato,27.74,69.35,1828,24.29,2,1500,1074.16,71.61,LOW,34.01,1.52,62172.19,STORE
2025-01-04 08:00:00,FPO_Karnal,Tomato,23.29,60.84,1330,25.27,10,2500,1371.31,54.85,LOW,29.76,3.21,39582.35,STORE
2025-01-04 09:00:00,FPO_Nagpur,Onion,28.95,73.19,799,25.49,1,500,416.7,83.34,LOW,25.93,4.6,20717.67,SELL NOW
2025-01-04 10:00:00,FPO_Lucknow,Potato,20.23,53.23,1217,26.03,11,1000,1000.0,100.0,LOW,25.76,4.74,31345.62,SELL NOW
2025-01-04 11:00:00,FPO_Surat,Mango,27.5,75.61,1524,55.72,8,1000,1000.0,100.0,MEDIUM,62.54,3.8,95313.57,STORE
2025-01-04 12:00:00,FPO_Karnal,Potato,29.92,84.72,819,20.32,10,1500,884.88,58.99,MEDIUM,23.75,4.4,19450.47,STORE
2025-01-04 13:00:00,FPO_Jaipur,Cabbage,29.17,64.9,1269,23.17,2,2500,993.28,39.73,LOW,20.56,2.63,26088.18,SELL NOW
2025-01-04 14:00:00,FPO_Indore,Cabbage,35.82,72.81,276,26.84,5,2000,258.91,12.95,LOW,27.17,2.5,7498.3,SELL NOW
2025-01-04 15:00:00,FPO_Ahmedabad,Potato,43.59,73.39,928,25.38,6,1500,656.2,43.75,MEDIUM,22.19,1.67,20596.74,SELL NOW
2025-01-04 16:00:00,FPO_Nagpur,Onion,32.03,57.47,1392,22.22,10,1000,1000.0,100.0,MEDIUM,21.75,3.26,30281.8,SELL NOW
2025-01-04 17:00:00,FPO_Nashik,Onion,35.07,73.45,1013,26.37,1,1500,727.97,48.53,LOW,32.8,3.1,33226.09,STORE
2025-01-04 18:00:00,FPO_Surat,Apple,43.26,30.97,1352,96.14,2,2500,501.16,20.05,LOW,102.06,2.8,137988.94,SELL NOW
2025-01-04 19:00:00,FPO_Nagpur,Cabbage,21.96,30.0,1936,23.86,14,2000,1669.25,83.46,LOW,32.01,1.9,61962.81,STORE
2025-01-04 20:00:00,FPO_Nashik,Mango,28.78,60.06,907,50.04,10,500,500.0,100.0,MEDIUM,53.75,2.31,48750.98,SELL NOW
2025-01-04 21:00:00,FPO_Indore,Onion,25.13,74.5,467,35.67,4,2000,403.66,20.18,LOW,31.12,2.21,14534.6,SELL NOW
2025-01-04 22:00:00,FPO_Indore,Tomato,33.06,63.72,1823,28.3,2,1500,1196.7,79.78,LOW,25.07,4.8,45709.26,SELL NOW
2025-01-04 23:00:00,FPO_Indore,Cabbage,29.63,76.19,964,24.33,11,1000,1000.0,100.0,HIGH,29.7,4.88,28629.8,SELL NOW
2025-01-05 00:00:00,FPO_Nashik,Mango,23.09,46.97,1973,63.77,6,2500,1497.28,59.89,LOW,67.28,1.51,132750.65,SELL NOW
2025-01-05 01:00:00,FPO_Nagpur,Mango,28.07,78.24,784,62.59,14,1500,904.72,60.31,MEDIUM,59.79,2.1,46876.77,SELL NOW
2025-01-05 02:00:00,FPO_Indore,Onion,34.28,89.43,618,32.53,4,500,500.0,100.0,HIGH,33.82,4.61,20901.97,SELL NOW
2025-01-05 03:00:00,FPO_Lucknow,Mango,20.18,54.55,1069,59.92,11,2500,958.1,38.32,LOW,72.42,1.63,77417.75,STORE
2025-01-05 04:00:00,FPO_Karnal,Onion,23.22,76.56,1384,30.52,3,2500,941.68,37.67,LOW,38.18,4.8,52843.14,STORE
2025-01-05 05:00:00,FPO_Nashik,Potato,22.32,65.34,1281,26.22,6,2500,1171.03,46.84,LOW,36.71,2.83,47031.42,STORE
2025-01-05 06:00:00,FPO_Nashik,Cabbage,29.96,71.63,583,27.66,9,1500,754.79,50.32,LOW,24.76,3.39,14437.48,SELL NOW
2025-01-05 07:00:00,FPO_Nagpur,Apple,35.44,89.4,1002,108.64,8,500,500.0,100.0,HIGH,119.99,4.17,120233.34,SELL NOW
2025-01-05 08:00:00,FPO_Nashik,Potato,15.94,69.91,709,22.7,2,1500,705.42,47.03,LOW,23.1,2.35,16377.71,SELL NOW
2025-01-05 09:00:00,FPO_Nashik,Cabbage,28.57,76.47,629,28.25,3,2500,500.52,20.02,LOW,39.11,1.85,24603.04,STORE
2025-01-05 10:00:00,FPO_Indore,Onion,22.45,46.05,1563,29.39,2,2500,943.06,37.72,LOW,34.18,4.33,53417.98,STORE
2025-01-05 11:00:00,FPO_Nagpur,Cabbage,34.03,76.0,777,26.62,10,1000,950.53,95.05,HIGH,32.76,4.95,25455.32,SELL NOW
2025-01-05 12:00:00,FPO_Indore,Onion,26.58,89.15,1139,31.88,7,2000,1102.76,55.14,MEDIUM,38.35,3.81,43683.24,STORE
2025-01-05 13:00:00,FPO_Karnal,Potato,28.78,51.15,1249,19.78,9,1500,1130.0,75.33,LOW,23.27,4.39,29069.86,STORE
2025-01-05 14:00:00,FPO_Surat,Tomato,27.99,60.15,788,24.77,1,500,500.0,100.0,LOW,30.69,4.79,24179.83,STORE
2025-01-05 15:00:00,FPO_Karnal,Tomato,34.75,75.29,997,31.21,11,2500,1099.59,43.98,MEDIUM,29.11,2.3,29024.39,SELL NOW
2025-01-05 16:00:00,FPO_Surat,Cabbage,40.29,71.72,571,27.27,3,1500,216.59,14.44,LOW,29.63,2.73,16917.22,SELL NOW
2025-01-05 17:00:00,FPO_Indore,Tomato,21.19,44.6,1127,35.34,6,2000,785.44,39.27,LOW,42.24,2.27,47606.01,STORE
2025-01-05 18:00:00,FPO_Karnal,Onion,22.28,67.47,1259,30.02,4,1500,895.31,59.69,LOW,33.57,1.72,42260.89,STORE
2025-01-05 19:00:00,FPO_Nagpur,Mango,29.93,60.01,1754,55.03,10,2000,1467.11,73.36,LOW,56.27,4.06,98704.64,SELL NOW
2025-01-05 20:00:00,FPO_Ahmedabad,Onion,23.1,50.47,1490,30.06,14,1500,1379.37,91.96,LOW,34.23,2.01,50997.33,STORE
2025-01-05 21:00:00,FPO_Indore,Mango,33.6,85.35,1655,63.85,10,1000,1000.0,100.0,HIGH,60.03,1.82,99345.38,SELL NOW
2025-01-05 22:00:00,FPO_Surat,Potato,34.56,65.08,1242,11.39,1,1500,759.36,50.62,LOW,19.62,2.75,24371.72,STORE
2025-01-05 23:00:00,FPO_Lucknow,Apple,24.72,79.75,1562,99.97,9,1000,1000.0,100.0,MEDIUM,92.57,1.71,144601.36,SELL NOW
2025-01-06 00:00:00,FPO_Surat,Mango,23.42,47.4,339,63.33,7,2000,591.57,29.58,LOW,66.21,2.13,22444.21,SELL NOW
2025-01-06 01:00:00,FPO_Lucknow,Tomato,26.35,73.83,266,29.17,14,2500,687.51,27.5,MEDIUM,35.97,1.74,9569.32,STORE
2025-01-06 02:00:00,FPO_Nashik,Onion,28.62,80.93,1214,28.21,11,2500,1052.06,42.08,MEDIUM,31.62,4.57,38381.86,STORE
2025-01-06 03:00:00,FPO_Karnal,Potato,29.89,61.37,1753,15.99,12,1500,1500.0,100.0,MEDIUM,16.64,4.23,29171.94,SELL NOW
2025-01-06 04:00:00,FPO_Lucknow,Tomato,15.0,57.54,1592,27.94,7,500,500.0,100.0,LOW,36.44,4.51,58010.12,STORE
2025-01-06 05:00:00,FPO_Surat,Potato,22.2,45.44,460,15.88,12,1500,580.3,38.69,LOW,15.43,4.54,7099.58,SELL NOW
2025-01-06 06:00:00,FPO_Nashik,Apple,25.58,51.98,1847,103.37,1,1000,1000.0,100.0,LOW,114.79,4.81,212015.29,STORE
2025-01-06 07:00:00,FPO_Ahmedabad,Onion,23.22,58.21,1173,30.31,9,1000,1000.0,100.0,LOW,32.26,2.15,37837.22,SELL NOW
2025-01-06 08:00:00,FPO_Nagpur,Cabbage,15.0,50.36,826,32.47,12,2000,1043.25,52.16,LOW,34.25,4.65,28289.21,SELL NOW
2025-01-06 09:00:00,FPO_Nagpur,Onion,16.67,53.48,1901,20.23,12,1500,1500.0,100.0,LOW,26.87,3.34,51087.39,STORE
2025-01-06 10:00:00,FPO_Nagpur,Apple,20.17,67.37,778,98.3,8,2000,725.55,36.28,LOW,99.75,2.08,77604.62,SELL NOW
2025-01-06 11:00:00,FPO_Lucknow,Onion,27.31,69.17,1990,33.67,11,500,500.0,100.0,MEDIUM,37.15,3.8,73922.14,STORE
2025-01-06 12:00:00,FPO_Ahmedabad,Cabbage,25.38,81.36,1805,30.71,12,2500,1498.3,59.93,MEDIUM,36.57,2.64,66008.46,STORE
2025-01-06 13:00:00,FPO_Lucknow,Mango,24.21,53.57,1221,63.87,10,2500,1150.87,46.03,LOW,60.74,1.66,74166.57,SELL NOW
2025-01-06 14:00:00,FPO_Karnal,Potato,32.78,65.35,1426,17.23,12,1500,1094.69,72.98,MEDIUM,23.3,1.78,33224.27,STORE
2025-01-06 15:00:00,FPO_Lucknow,Cabbage,32.78,58.73,838,22.59,5,2000,610.22,30.51,LOW,17.13,2.98,14352.52,SELL NOW
2025-01-06 16:00:00,FPO_Ahmedabad,Tomato,28.9,57.67,609,16.82,4,2000,413.08,20.65,LOW,19.76,4.39,12031.53,STORE
2025-01-06 17:00:00,FPO_Ahmedabad,Apple,28.72,60.26,1032,100.23,1,500,500.0,100.0,LOW,101.44,2.59,104690.64,SELL NOW
2025-01-06 18:00:00,FPO_Karnal,Mango,22.86,62.06,1303,65.82,9,2000,1084.35,54.22,LOW,62.26,4.18,81125.21,SELL NOW
2025-01-06 19:00:00,FPO_Ahmedabad,Tomato,23.58,68.76,1911,28.04,8,1000,1000.0,100.0,LOW,39.49,1.7,75469.86,STORE
2025-01-06 20:00:00,FPO_Surat,Tomato,17.75,60.04,312,30.88,13,1000,735.54,73.55,LOW,34.72,2.88,10832.74,STORE
2025-01-06 21:00:00,FPO_Ahmedabad,Apple,26.5,83.41,822,102.75,2,1000,687.53,68.75,LOW,102.49,1.95,84244.14,SELL NOW
2025-01-06 22:00:00,FPO_Nagpur,Mango,32.71,39.43,1020,58.42,4,1500,554.95,37.0,LOW,62.13,4.52,63368.11,SELL NOW
2025-01-06 23:00:00,FPO_Surat,Tomato,36.13,80.81,1360,15.84,4,1000,1000.0,100.0,HIGH,31.27,4.89,42533.72,SELL NOW
2025-01-07 00:00:00,FPO_Surat,Tomato,26.53,59.47,1868,34.7,13,1000,1000.0,100.0,MEDIUM,32.73,2.64,61135.17,SELL NOW
2025-01-07 01:00:00,FPO_Karnal,Mango,30.95,62.17,1039,62.16,7,2500,812.1,32.48,LOW,68.45,4.96,71119.31,STORE
2025-01-07 02:00:00,FPO_Jaipur,Onion,15.0,64.86,388,23.75,3,1500,308.92,20.59,LOW,22.17,4.13,8603.36,SELL NOW
2025-01-07 03:00:00,FPO_Jaipur,Tomato,25.4,75.58,476,29.85,8,1000,618.48,61.85,LOW,35.27,1.5,16786.58,STORE
2025-01-07 04:00:00,FPO_Ahmedabad,Potato,25.26,51.8,1960,23.0,11,500,500.0,100.0,LOW,22.7,3.2,44501.09,SELL NOW
2025-01-07 05:00:00,FPO_Surat,Mango,36.95,55.15,302,66.56,7,1000,285.29,28.53,LOW,68.74,4.42,20758.77,SELL NOW
2025-01-07 06:00:00,FPO_Jaipur,Tomato,30.36,72.51,306,30.36,10,1500,473.06,31.54,LOW,34.15,3.37,10450.25,STORE
2025-01-07 07:00:00,FPO_Jaipur,Apple,30.97,39.53,1798,102.38,12,2000,1528.78,76.44,LOW,111.98,3.42,201337.52,SELL NOW
2025-01-07 08:00:00,FPO_Ahmedabad,Cabbage,30.65,64.49,956,26.0,12,2500,814.0,32.56,LOW,21.63,3.07,20675.44,SELL NOW
2025-01-07 09:00:00,FPO_Jaipur,Potato,28.27,53.03,372,18.15,4,2500,156.83,6.27,LOW,29.65,2.88,11029.69,STORE
2025-01-07 10:00:00,FPO_Lucknow,Cabbage,37.19,49.88,1198,28.36,9,1500,983.95,65.6,LOW,21.77,1.6,26083.56,SELL NOW
2025-01-07 11:00:00,FPO_Nashik,Cabbage,15.0,40.42,1554,24.87,6,1000,1000.0,100.0,LOW,29.51,3.68,45860.37,STORE
2025-01-07 12:00:00,FPO_Karnal,Tomato,28.88,76.58,921,23.24,3,500,487.67,97.53,MEDIUM,26.54,4.18,24441.44,STORE
2025-01-07 13:00:00,FPO_Nashik,Potato,34.78,67.38,1414,18.7,7,1000,1000.0,100.0,MEDIUM,21.05,4.27,29762.07,STORE
2025-01-07 14:00:00,FPO_Ahmedabad,Potato,16.65,54.92,1893,16.32,6,1000,1000.0,100.0,LOW,19.5,3.69,36914.62,STORE
2025-01-07 15:00:00,FPO_Nagpur,Onion,33.03,62.53,1030,35.3,8,500,500.0,100.0,MEDIUM,40.91,2.69,42134.77,STORE
2025-01-07 16:00:00,FPO_Karnal,Cabbage,23.43,48.61,424,34.89,5,2500,418.51,16.74,LOW,40.2,1.58,17045.86,STORE
2025-01-07 17:00:00,FPO_Ahmedabad,Potato,28.66,56.96,1907,27.78,6,1000,1000.0,100.0,LOW,29.88,4.64,56977.62,SELL NOW
2025-01-07 18:00:00,FPO_Surat,Onion,23.32,62.02,1546,31.88,1,2000,1109.85,55.49,LOW,38.4,3.0,59362.51,STORE
2025-01-07 19:00:00,FPO_Nagpur,Mango,33.75,65.96,1731,59.67,8,2000,1248.36,62.42,MEDIUM,61.52,3.6,106499.32,SELL NOW
2025-01-07 20:00:00,FPO_Nashik,Onion,26.27,70.88,1771,28.55,1,1500,1153.04,76.87,LOW,32.01,2.18,56694.31,STORE
2025-01-07 21:00:00,FPO_Ahmedabad,Apple,33.07,37.91,333,95.07,3,1500,159.6,10.64,LOW,103.86,2.0,34584.53,SELL NOW
2025-01-07 22:00:00,FPO_Surat,Tomato,30.61,70.93,1260,37.73,12,500,500.0,100.0,HIGH,46.67,1.8,58800.76,SELL NOW
2025-01-07 23:00:00,FPO_Karnal,Mango,23.24,39.12,292,54.83,2,500,237.99,47.6,LOW,63.07,4.3,18416.08,STORE
2025-01-08 00:00:00,FPO_Karnal,Mango,31.01,71.47,274,55.75,6,1500,318.48,21.23,LOW,53.63,3.76,14693.94,SELL NOW
2025-01-08 01:00:00,FPO_Indore,Apple,24.02,61.8,955,99.02,8,1000,835.08,83.51,LOW,104.15,3.67,99467.07,SELL NOW
2025-01-08 02:00:00,FPO_Surat,Onion,28.38,81.37,382,29.44,8,2500,567.88,22.72,LOW,34.74,4.72,13271.76,STORE
2025-01-08 03:00:00,FPO_Lucknow,Tomato,26.16,54.88,916,31.01,7,2000,787.21,39.36,LOW,42.85,2.06,39249.0,STORE
2025-01-08 04:00:00,FPO_Jaipur,Onion,33.4,76.71,658,26.63,7,500,500.0,100.0,HIGH,33.6,2.1,22106.92,SELL NOW
2025-01-08 05:00:00,FPO_Nagpur,Potato,31.24,47.49,1922,12.06,8,1500,1422.43,94.83,LOW,11.92,2.16,22913.67,SELL NOW
2025-01-08 06:00:00,FPO_Surat,Onion,27.82,66.59,1901,28.84,5,2000,1360.85,68.04,LOW,29.93,2.98,56904.6,SELL NOW
2025-01-08 07:00:00,FPO_Indore,Mango,23.89,34.43,826,59.18,3,500,397.58,79.52,LOW,49.47,4.56,40859.89,SELL NOW
2025-01-08 08:00:00,FPO_Jaipur,Tomato,20.39,78.25,608,26.77,2,500,500.0,100.0,LOW,29.39,4.59,17867.83,SELL NOW
2025-01-08 09:00:00,FPO_Jaipur,Onion,28.81,90.9,406,28.71,3,1000,408.92,40.89,LOW,29.86,3.57,12123.47,SELL NOW
2025-01-08 10:00:00,FPO_Ahmedabad,Tomato,24.21,54.53,1468,26.25,11,500,500.0,100.0,LOW,26.62,3.8,39083.32,SELL NOW
2025-01-08 11:00:00,FPO_Jaipur,Tomato,16.73,66.84,1556,21.38,11,2500,1362.72,54.51,LOW,20.48,4.64,31866.81,SELL NOW
2025-01-08 12:00:00,FPO_Lucknow,Potato,20.02,71.66,872,29.31,3,500,500.0,100.0,LOW,40.0,3.68,34876.89,STORE
2025-01-08 13:00:00,FPO_Karnal,Potato,37.76,41.75,1748,29.03,12,2500,1543.32,61.73,LOW,18.59,2.3,32493.85,SELL NOW
2025-01-08 14:00:00,FPO_Indore,Mango,24.04,53.76,1517,66.98,7,1000,1000.0,100.0,LOW,63.63,3.97,96530.88,SELL NOW
2025-01-08 15:00:00,FPO_Jaipur,Apple,34.49,52.83,1212,94.07,1,2500,756.28,30.25,LOW,109.01,4.19,132114.87,STORE
2025-01-08 16:00:00,FPO_Ahmedabad,Tomato,25.86,95.0,947,30.02,7,2000,858.98,42.95,MEDIUM,37.94,3.72,35928.67,STORE
2025-01-08 17:00:00,FPO_Lucknow,Apple,35.44,80.69,472,97.89,6,500,286.25,57.25,MEDIUM,102.42,2.46,48339.99,SELL NOW
2025-01-08 18:00:00,FPO_Nashik,Mango,35.0,61.74,578,57.61,11,1500,655.52,43.7,MEDIUM,60.59,2.9,35021.27,SELL NOW
2025-01-08 19:00:00,FPO_Karnal,Tomato,23.05,76.69,825,23.36,10,1500,993.22,66.21,LOW,23.43,3.15,19330.49,SELL NOW
2025-01-08 20:00:00,FPO_Karnal,Tomato,16.07,68.17,863,40.83,14,2500,1093.51,43.74,LOW,37.45,2.01,32315.58,SELL NOW
2025-01-08 21:00:00,FPO_Indore,Cabbage,16.58,73.9,1249,23.76,2,1000,771.27,77.13,LOW,28.59,3.08,35714.58,STORE
2025-01-08 22:00:00,FPO_Karnal,Apple,23.15,49.2,879,95.39,10,2500,660.43,26.42,LOW,102.39,2.06,89999.42,SELL NOW
2025-01-08 23:00:00,FPO_Jaipur,Onion,39.34,85.6,743,30.69,1,2500,575.41,23.02,LOW,30.23,3.25,22457.78,SELL NOW
2025-01-09 00:00:00,FPO_Ahmedabad,Potato,25.54,53.48,932,25.82,9,2500,875.53,35.02,LOW,19.73,1.68,18389.83,SELL NOW
2025-01-09 01:00:00,FPO_Karnal,Onion,28.87,54.26,1941,29.29,2,2000,1324.17,66.21,LOW,35.62,4.82,69132.14,STORE
2025-01-09 02:00:00,FPO_Karnal,Apple,35.82,73.85,1833,101.22,4,2000,1289.62,64.48,MEDIUM,108.1,2.36,198142.65,SELL NOW
2025-01-09 03:00:00,FPO_Nashik,Potato,28.66,70.19,290,27.01,9,2500,369.72,14.79,LOW,34.17,3.13,9909.0,STORE
2025-01-09 04:00:00,FPO_Nashik,Onion,28.46,65.35,675,25.23,9,1000,696.57,69.66,LOW,27.43,1.61,18518.29,SELL NOW
2025-01-09 05:00:00,FPO_Nagpur,Cabbage,31.74,77.59,925,25.89,12,500,500.0,100.0,HIGH,18.1,2.17,16739.1,SELL NOW
2025-01-09 06:00:00,FPO_Lucknow,Potato,29.73,47.58,1411,18.8,11,1500,1301.61,86.77,LOW,15.68,3.93,22123.29,SELL NOW
2025-01-09 07:00:00,FPO_Jaipur,Tomato,27.4,92.67,1792,24.13,1,2000,1290.5,64.52,LOW,33.56,1.89,60135.28,STORE
2025-01-09 08:00:00,FPO_Karnal,Onion,23.67,57.49,1842,38.76,14,500,500.0,100.0,MEDIUM,35.01,3.7,64482.9,SELL NOW
2025-01-09 09:00:00,FPO_Surat,Potato,28.47,63.67,1418,21.55,2,2000,1084.02,54.2,LOW,28.05,1.51,39778.9,STORE
2025-01-09 10:00:00,FPO_Karnal,Cabbage,34.57,92.9,733,19.69,2,2000,512.98,25.65,LOW,17.58,3.13,12889.19,SELL NOW
2025-01-09 11:00:00,FPO_Ahmedabad,Potato,38.69,54.36,897,21.44,12,2000,782.45,39.12,MEDIUM,18.83,4.02,16893.26,SELL NOW
2025-01-09 12:00:00,FPO_Nagpur,Potato,29.75,80.35,1079,15.95,2,2500,763.77,30.55,LOW,28.08,4.74,30300.45,STORE
2025-01-09 13:00:00,FPO_Lucknow,Cabbage,32.53,61.79,284,23.91,8,2500,516.47,20.66,LOW,36.23,3.22,10288.5,STORE
2025-01-09 14:00:00,FPO_Surat,Onion,29.62,52.37,791,26.61,13,2000,732.7,36.63,LOW,30.42,4.44,24065.21,STORE
2025-01-09 15:00:00,FPO_Nagpur,Mango,27.48,59.24,1040,62.55,8,2000,915.99,45.8,LOW,63.13,4.31,65656.87,SELL NOW
2025-01-09 16:00:00,FPO_Indore,Onion,31.09,73.49,276,39.69,10,1500,581.69,38.78,MEDIUM,47.85,2.54,13205.39,STORE
2025-01-09 17:00:00,FPO_Lucknow,Apple,35.14,80.21,529,99.13,12,500,500.0,100.0,HIGH,94.23,4.56,49846.27,SELL NOW
2025-01-09 18:00:00,FPO_Karnal,Cabbage,22.68,68.38,582,21.8,8,500,500.0,100.0,LOW,30.85,3.74,17956.68,STORE
2025-01-09 19:00:00,FPO_Karnal,Onion,19.29,41.03,1656,30.46,12,1000,1000.0,100.0,LOW,43.56,1.86,72131.28,STORE
2025-01-09 20:00:00,FPO_Lucknow,Potato,24.8,74.53,576,29.46,4,1000,648.31,64.83,LOW,35.36,4.79,20367.26,STORE
2025-01-09 21:00:00,FPO_Karnal,Cabbage,29.27,62.87,540,27.58,8,1000,523.02,52.3,LOW,24.77,2.12,13374.54,SELL NOW
2025-01-09 22:00:00,FPO_Jaipur,Tomato,33.22,48.46,1400,27.29,14,2500,1070.12,42.8,LOW,37.92,3.15,53084.86,STORE
2025-01-09 23:00:00,FPO_Lucknow,Onion,22.06,70.2,1649,19.67,13,2500,1528.25,61.13,LOW,24.23,3.13,39958.12,STORE
2025-01-10 00:00:00,FPO_Nagpur,Cabbage,15.0,82.01,623,24.74,7,1500,692.08,46.14,LOW,27.04,3.69,16843.85,SELL NOW
2025-01-10 01:00:00,FPO_Lucknow,Onion,24.94,65.1,373,33.88,8,2500,501.8,20.07,LOW,32.04,3.83,11950.06,SELL NOW
2025-01-10 02:00:00,FPO_Surat,Cabbage,26.84,78.85,605,29.79,1,1000,298.12,29.81,LOW,27.09,2.32,16388.58,SELL NOW
2025-01-10 03:00:00,FPO_Karnal,Potato,21.03,71.94,281,28.55,3,2000,322.93,16.15,LOW,37.32,2.73,10487.24,STORE
2025-01-10 04:00:00,FPO_Jaipur,Tomato,23.46,72.13,220,24.63,10,1000,464.19,46.42,LOW,27.25,2.01,5994.25,STORE
2025-01-10 05:00:00,FPO_Jaipur,Tomato,33.2,60.42,890,25.98,6,1500,902.92,60.19,LOW,28.55,1.94,25410.92,SELL NOW
2025-01-10 06:00:00,FPO_Indore,Apple,28.47,77.28,1209,99.4,1,2000,842.32,42.12,LOW,103.03,4.39,124562.5,SELL NOW
2025-01-10 07:00:00,FPO_Nagpur,Cabbage,30.07,78.71,597,28.55,4,2500,546.42,21.86,LOW,21.79,4.13,13006.31,SELL NOW
2025-01-10 08:00:00,FPO_Nashik,Onion,25.87,76.89,529,28.68,9,2000,659.78,32.99,LOW,31.57,3.05,16702.71,STORE
2025-01-10 09:00:00,FPO_Nashik,Tomato,23.48,60.29,424,30.62,7,1500,638.43,42.56,LOW,33.59,1.84,14242.89,SELL NOW
2025-01-10 10:00:00,FPO_Lucknow,Tomato,25.82,79.78,1625,26.08,1,2500,1172.53,46.9,LOW,36.55,3.07,59400.12,STORE
2025-01-10 11:00:00,FPO_Indore,Mango,30.99,70.79,980,56.47,13,500,500.0,100.0,HIGH,63.61,2.53,62336.71,SELL NOW
2025-01-10 12:00:00,FPO_Ahmedabad,Mango,19.05,50.42,1986,65.55,12,1000,1000.0,100.0,LOW,62.48,4.22,124080.12,SELL NOW
2025-01-10 13:00:00,FPO_Lucknow,Tomato,37.9,59.28,1093,29.56,6,1000,756.55,75.66,MEDIUM,30.59,1.84,33439.99,SELL NOW
2025-01-10 14:00:00,FPO_Indore,Cabbage,31.45,57.04,637,28.73,6,1500,616.55,41.1,LOW,36.96,3.08,23546.47,STORE
2025-01-10 15:00:00,FPO_Nagpur,Apple,24.78,35.18,1495,98.97,12,1500,1380.43,92.03,LOW,95.45,3.57,142705.17,SELL NOW
2025-01-10 16:00:00,FPO_Nagpur,Tomato,32.88,80.05,1503,32.02,2,1000,1000.0,100.0,MEDIUM,43.5,4.95,65381.48,STORE
2025-01-10 17:00:00,FPO_Nagpur,Potato,35.33,95.0,422,16.69,6,2000,526.77,26.34,MEDIUM,19.48,1.81,8222.25,STORE
2025-01-10 18:00:00,FPO_Nagpur,Onion,26.02,83.13,1810,25.48,14,500,500.0,100.0,HIGH,31.16,1.9,56406.69,SELL NOW
2025-01-10 19:00:00,FPO_Nagpur,Apple,26.7,67.44,1886,104.71,10,500,500.0,100.0,MEDIUM,105.5,4.96,198975.0,SELL NOW
2025-01-10 20:00:00,FPO_Indore,Potato,36.96,57.26,708,21.65,2,1500,417.41,27.83,LOW,22.37,2.92,15838.41,SELL NOW
2025-01-10 21:00:00,FPO_Indore,Apple,40.71,51.12,1565,98.77,8,1500,1132.01,75.47,MEDIUM,97.16,4.1,152052.38,SELL NOW
2025-01-10 22:00:00,FPO_Jaipur,Potato,28.18,67.26,816,17.4,7,2000,866.5,43.33,LOW,28.09,4.24,22918.49,STORE
2025-01-10 23:00:00,FPO_Surat,Onion,21.05,79.52,1265,34.02,14,1500,1318.09,87.87,MEDIUM,39.98,2.6,50576.23,STORE
2025-01-11 00:00:00,FPO_Nashik,Onion,25.18,54.88,1399,39.33,6,500,500.0,100.0,LOW,37.49,2.25,52455.28,SELL NOW
2025-01-11 01:00:00,FPO_Karnal,Mango,34.2,95.0,1468,63.04,14,1000,1000.0,100.0,HIGH,69.57,2.47,102122.62,SELL NOW
2025-01-11 02:00:00,FPO_Nagpur,Cabbage,21.82,44.24,1476,22.75,10,500,500.0,100.0,LOW,30.46,4.18,44954.14,STORE
2025-01-11 03:00:00,FPO_Ahmedabad,Potato,26.75,68.37,1497,28.93,6,2000,1355.16,67.76,LOW,37.34,4.44,55899.91,STORE
2025-01-11 04:00:00,FPO_Karnal,Mango,29.76,66.05,1158,61.8,9,1000,1000.0,100.0,MEDIUM,66.2,3.95,76664.35,SELL NOW
2025-01-11 05:00:00,FPO_Indore,Potato,22.46,65.1,1557,19.84,9,1000,1000.0,100.0,LOW,23.69,3.04,36885.35,STORE
2025-01-11 06:00:00,FPO_Ahmedabad,Mango,34.58,56.47,803,66.38,10,500,500.0,100.0,MEDIUM,64.72,2.42,51971.11,SELL NOW
2025-01-11 07:00:00,FPO_Ahmedabad,Onion,32.16,66.24,1234,29.1,10,1000,939.14,93.91,MEDIUM,38.76,2.99,47825.13,STORE
2025-01-11 08:00:00,FPO_Ahmedabad,Apple,40.06,58.25,351,92.79,2,1000,178.02,17.8,LOW,99.12,4.7,34791.15,SELL NOW
2025-01-11 09:00:00,FPO_Jaipur,Mango,32.69,84.32,388,58.41,3,1500,329.99,22.0,LOW,66.36,4.52,25746.3,STORE
2025-01-11 10:00:00,FPO_Indore,Potato,22.23,89.31,1159,24.66,10,1000,1000.0,100.0,HIGH,18.25,2.63,21147.22,SELL NOW
2025-01-11 11:00:00,FPO_Ahmedabad,Potato,31.18,59.17,875,18.41,7,2000,680.52,34.03,LOW,26.19,2.65,22920.26,STORE
2025-01-11 12:00:00,FPO_Nagpur,Cabbage,33.93,40.33,837,15.64,11,1000,918.89,91.89,LOW,18.76,4.23,15705.22,STORE
2025-01-11 13:00:00,FPO_Lucknow,Onion,34.24,69.76,410,37.35,10,1500,432.28,28.82,LOW,44.49,2.99,18239.78,STORE
2025-01-11 14:00:00,FPO_Ahmedabad,Potato,23.34,69.22,1320,36.97,12,2500,1279.36,51.17,LOW,33.98,3.5,44853.34,SELL NOW
2025-01-11 15:00:00,FPO_Jaipur,Tomato,22.62,66.58,538,25.62,13,2500,784.32,31.37,LOW,37.69,2.98,20276.4,STORE
2025-01-11 16:00:00,FPO_Karnal,Apple,21.16,72.99,246,96.85,14,2000,809.36,40.47,LOW,96.59,2.35,23761.36,SELL NOW
2025-01-11 17:00:00,FPO_Indore,Mango,37.63,85.72,1019,53.26,14,2000,1085.38,54.27,HIGH,62.02,2.16,63201.96,SELL NOW
2025-01-11 18:00:00,FPO_Surat,Cabbage,31.74,77.49,1959,20.89,9,1000,1000.0,100.0,HIGH,22.87,1.99,44803.38,SELL NOW
2025-01-11 19:00:00,FPO_Jaipur,Apple,23.07,72.97,1174,92.36,12,1000,1000.0,100.0,MEDIUM,104.61,1.54,122814.84,STORE
2025-01-11 20:00:00,FPO_Ahmedabad,Onion,28.76,76.31,1280,23.48,13,2500,1206.92,48.28,MEDIUM,27.96,2.48,35793.57,STORE
2025-01-11 21:00:00,FPO_Indore,Cabbage,27.26,68.77,1298,25.01,14,2500,1319.73,52.79,MEDIUM,37.43,2.1,48590.53,STORE
2025-01-11 22:00:00,FPO_Lucknow,Mango,22.16,50.82,1477,52.1,6,500,500.0,100.0,LOW,54.75,2.4,80872.78,SELL NOW
2025-01-11 23:00:00,FPO_Ahmedabad,Mango,28.22,86.76,1886,52.66,11,2500,1934.36,77.37,HIGH,50.09,1.77,94476.52,SELL NOW
2025-01-12 00:00:00,FPO_Jaipur,Tomato,29.14,66.54,1794,29.04,1,2500,1121.31,44.85,LOW,33.52,2.7,60127.18,STORE
2025-01-12 01:00:00,FPO_Nashik,Onion,39.59,50.81,1036,26.91,11,2000,885.19,44.26,MEDIUM,29.25,3.32,30299.39,SELL NOW
2025-01-12 02:00:00,FPO_Nagpur,Cabbage,24.07,48.08,1151,26.78,7,500,500.0,100.0,LOW,26.76,4.81,30804.04,SELL NOW
2025-01-12 03:00:00,FPO_Surat,Cabbage,17.74,51.23,797,23.29,11,500,500.0,100.0,LOW,32.51,2.71,25907.06,STORE
2025-01-12 04:00:00,FPO_Karnal,Potato,21.71,46.51,369,21.07,1,1000,345.04,34.5,LOW,17.31,1.61,6386.18,SELL NOW
2025-01-12 05:00:00,FPO_Jaipur,Tomato,22.64,75.03,1369,31.9,5,1000,1000.0,100.0,LOW,44.46,2.77,60863.52,STORE
2025-01-12 06:00:00,FPO_Indore,Tomato,25.44,62.37,1038,25.26,9,500,500.0,100.0,LOW,27.33,4.36,28370.06,SELL NOW
2025-01-12 07:00:00,FPO_Surat,Cabbage,21.72,76.64,1256,28.55,10,500,500.0,100.0,MEDIUM,24.74,2.69,31071.01,SELL NOW
2025-01-12 08:00:00,FPO_Surat,Cabbage,32.93,82.54,1738,22.9,11,1000,1000.0,100.0,HIGH,27.85,2.52,48403.08,SELL NOW
2025-01-12 09:00:00,FPO_Surat,Apple,21.3,78.66,995,95.9,10,2000,1095.34,54.77,LOW,99.81,4.72,99311.06,SELL NOW
2025-01-12 10:00:00,FPO_Ahmedabad,Apple,28.12,74.51,1480,94.63,9,2000,1386.61,69.33,MEDIUM,96.86,2.54,143354.22,SELL NOW
2025-01-12 11:00:00,FPO_Nagpur,Apple,40.0,69.31,1349,91.72,1,2000,962.55,48.13,LOW,91.57,4.9,123524.3,SELL NOW
2025-01-12 12:00:00,FPO_Ahmedabad,Tomato,31.32,62.14,1158,21.8,6,2000,986.03,49.3,LOW,31.37,4.41,36324.46,STORE
2025-01-12 13:00:00,FPO_Indore,Potato,30.7,63.15,1336,13.13,13,1000,1000.0,100.0,HIGH,18.83,3.89,25156.18,SELL NOW
2025-01-12 14:00:00,FPO_Ahmedabad,Mango,39.14,73.77,1014,55.03,3,1500,774.88,51.66,MEDIUM,55.6,3.59,56377.44,SELL NOW
2025-01-12 15:00:00,FPO_Nashik,Apple,35.47,50.58,541,104.11,12,2500,555.46,22.22,LOW,109.1,2.29,59021.04,SELL NOW
2025-01-12 16:00:00,FPO_Nagpur,Potato,31.39,64.19,247,21.96,9,2500,344.42,13.78,LOW,21.06,4.06,5201.44,SELL NOW
2025-01-12 17:00:00,FPO_Nagpur,Onion,26.14,53.86,563,28.06,14,2500,825.28,33.01,LOW,35.95,2.71,20241.71,STORE
2025-01-12 18:00:00,FPO_Indore,Apple,27.86,82.59,1621,96.54,12,2500,1614.9,64.6,MEDIUM,110.03,3.2,178354.27,STORE
2025-01-12 19:00:00,FPO_Karnal,Mango,27.57,75.76,1418,59.59,3,1000,1000.0,100.0,LOW,68.13,1.86,96607.23,STORE
2025-01-12 20:00:00,FPO_Nashik,Onion,25.59,95.0,1960,30.15,2,1500,1405.23,93.68,MEDIUM,29.85,2.54,58502.57,SELL NOW
2025-01-12 21:00:00,FPO_Jaipur,Onion,29.27,53.63,924,24.42,8,1000,609.09,60.91,LOW,22.61,3.35,20894.89,SELL NOW
2025-01-12 22:00:00,FPO_Ahmedabad,Mango,30.1,55.24,1544,62.32,3,1500,1272.32,84.82,LOW,65.81,3.14,101613.82,SELL NOW
2025-01-12 23:00:00,FPO_Lucknow,Apple,20.53,65.86,337,98.37,5,1000,404.39,40.44,LOW,93.32,2.7,31450.44,SELL NOW
2025-01-13 00:00:00,FPO_Ahmedabad,Tomato,37.79,54.12,554,29.48,12,500,366.0,73.2,MEDIUM,37.06,3.15,20530.59,STORE
2025-01-13 01:00:00,FPO_Surat,Mango,30.46,73.06,1293,59.84,6,1500,1042.68,69.51,LOW,66.17,4.11,85555.98,STORE
2025-01-13 02:00:00,FPO_Ahmedabad,Mango,26.42,64.24,1010,52.91,12,2500,1105.11,44.2,LOW,55.14,3.11,55692.23,SELL NOW
2025-01-13 03:00:00,FPO_Jaipur,Mango,29.33,57.67,1805,66.5,10,1500,1438.65,95.91,MEDIUM,68.05,3.27,122837.48,SELL NOW
2025-01-13 04:00:00,FPO_Ahmedabad,Onion,33.58,81.31,1706,29.94,14,2000,1483.17,74.16,HIGH,32.39,3.95,55257.12,SELL NOW
2025-01-13 05:00:00,FPO_Nashik,Potato,19.2,37.26,1943,20.16,10,1500,1500.0,100.0,LOW,30.97,4.45,60175.65,STORE
2025-01-13 06:00:00,FPO_Nashik,Tomato,27.37,73.13,911,30.91,1,2000,705.9,35.3,LOW,31.88,3.34,29047.0,SELL NOW
2025-01-13 07:00:00,FPO_Nagpur,Apple,20.88,56.73,258,94.21,7,2000,468.43,23.42,LOW,91.23,4.82,23538.26,SELL NOW
2025-01-13 08:00:00,FPO_Indore,Apple,43.94,77.25,970,92.13,11,500,500.0,100.0,HIGH,91.22,2.74,88483.09,SELL NOW
2025-01-13 09:00:00,FPO_Karnal,Potato,28.83,80.84,588,24.78,7,1500,578.22,38.55,LOW,32.73,2.38,19245.19,STORE
2025-01-13 10:00:00,FPO_Lucknow,Mango,20.93,30.85,1574,65.73,5,500,500.0,100.0,LOW,63.93,3.93,100624.2,SELL NOW
2025-01-13 11:00:00,FPO_Surat,Tomato,45.0,61.83,1045,29.43,9,2500,778.28,31.13,MEDIUM,38.43,2.12,40154.13,STORE
2025-01-13 12:00:00,FPO_Ahmedabad,Apple,24.78,65.87,1068,104.03,11,1500,1141.08,76.07,LOW,106.02,4.65,113230.72,SELL NOW
2025-01-13 13:00:00,FPO_Ahmedabad,Cabbage,26.75,30.0,538,18.67,2,1000,256.25,25.63,LOW,12.7,2.85,6833.35,SELL NOW
2025-01-13 14:00:00,FPO_Jaipur,Apple,27.18,68.42,1900,98.2,5,1000,1000.0,100.0,LOW,104.95,3.94,199399.36,SELL NOW
2025-01-13 15:00:00,FPO_Indore,Mango,22.91,57.08,956,56.71,2,1000,721.66,72.17,LOW,58.35,3.5,55785.47,SELL NOW
2025-01-13 16:00:00,FPO_Nashik,Cabbage,29.48,46.91,795,30.14,14,2000,1149.28,57.46,LOW,35.0,1.69,27821.63,STORE
2025-01-13 17:00:00,FPO_Lucknow,Potato,15.0,55.24,635,24.47,2,1000,449.79,44.98,LOW,24.35,3.98,15464.94,SELL NOW
2025-01-13 18:00:00,FPO_Nagpur,Tomato,34.52,52.65,1673,33.16,12,2500,1318.32,52.73,LOW,42.31,4.27,70785.37,STORE
2025-01-13 19:00:00,FPO_Nashik,Potato,21.23,56.44,576,18.91,11,1500,746.61,49.77,LOW,24.14,4.94,13904.03,STORE
2025-01-13 20:00:00,FPO_Surat,Potato,25.51,67.78,590,16.34,9,1500,773.4,51.56,LOW,30.17,2.96,17802.98,STORE
2025-01-13 21:00:00,FPO_Indore,Tomato,32.51,79.72,680,34.65,7,2000,722.65,36.13,LOW,41.2,3.26,28014.71,STORE
2025-01-13 22:00:00,FPO_Surat,Tomato,26.77,63.83,1020,28.13,4,2000,768.49,38.42,LOW,29.97,4.56,30566.02,SELL NOW
2025-01-13 23:00:00,FPO_Karnal,Apple,27.02,81.54,313,105.32,14,2000,678.32,33.92,MEDIUM,104.0,2.44,32552.59,SELL NOW
2025-01-14 00:00:00,FPO_Nagpur,Apple,21.93,49.31,1969,99.68,11,2500,1847.29,73.89,LOW,95.59,2.16,188214.86,SELL NOW
2025-01-14 01:00:00,FPO_Karnal,Tomato,40.57,67.29,973,39.02,14,1500,1114.13,74.28,HIGH,41.38,1.97,40258.33,SELL NOW
2025-01-14 02:00:00,FPO_Jaipur,Cabbage,31.19,95.0,371,30.89,8,500,500.0,100.0,HIGH,33.44,4.92,12406.51,SELL NOW
2025-01-14 03:00:00,FPO_Surat,Onion,21.5,41.14,217,29.2,11,2000,547.74,27.39,LOW,40.15,2.45,8713.56,STORE
2025-01-14 04:00:00,FPO_Jaipur,Apple,29.07,40.57,434,100.1,11,1000,546.91,54.69,LOW,101.05,4.15,43854.24,SELL NOW
2025-01-14 05:00:00,FPO_Ahmedabad,Onion,21.08,84.2,1533,30.12,13,500,500.0,100.0,HIGH,38.19,3.07,58550.52,SELL NOW
2025-01-14 06:00:00,FPO_Karnal,Cabbage,38.33,68.31,1892,19.32,4,500,500.0,100.0,MEDIUM,21.79,2.34,41219.05,STORE
2025-01-14 07:00:00,FPO_Indore,Tomato,29.2,55.98,922,25.59,1,2000,620.04,31.0,LOW,38.05,4.7,35081.64,STORE
2025-01-14 08:00:00,FPO_Surat,Cabbage,22.15,48.05,480,22.21,12,1000,527.16,52.72,LOW,17.38,3.12,8342.49,SELL NOW
2025-01-14 09:00:00,FPO_Lucknow,Apple,32.19,64.46,1030,101.16,14,2000,1235.63,61.78,MEDIUM,110.92,3.48,114250.49,SELL NOW
2025-01-14 10:00:00,FPO_Nagpur,Potato,26.33,67.0,1419,17.92,10,2000,1412.4,70.62,LOW,18.43,2.28,26151.15,SELL NOW
2025-01-14 11:00:00,FPO_Nashik,Tomato,20.27,67.08,1338,27.25,14,1000,1000.0,100.0,MEDIUM,34.71,2.63,46438.58,STORE
2025-01-14 12:00:00,FPO_Indore,Mango,30.29,47.91,1620,58.17,3,500,500.0,100.0,LOW,69.03,4.12,111825.35,STORE
2025-01-14 13:00:00,FPO_Indore,Onion,30.12,59.95,1895,30.38,10,500,500.0,100.0,MEDIUM,31.62,2.7,59925.76,SELL NOW
2025-01-14 14:00:00,FPO_Jaipur,Cabbage,34.83,56.48,1890,32.34,12,1000,1000.0,100.0,MEDIUM,29.86,3.27,56433.95,SELL NOW
2025-01-14 15:00:00,FPO_Karnal,Tomato,28.39,74.7,1786,33.48,1,500,500.0,100.0,LOW,30.51,1.9,54493.8,SELL NOW
2025-01-14 16:00:00,FPO_Surat,Cabbage,28.64,48.79,617,18.45,2,2500,426.39,17.06,LOW,17.18,4.48,10598.67,SELL NOW
2025-01-14 17:00:00,FPO_Surat,Tomato,28.96,66.14,483,27.74,2,2000,406.68,20.33,LOW,18.6,4.08,8981.52,SELL NOW
2025-01-14 18:00:00,FPO_Ahmedabad,Apple,37.57,95.0,784,98.49,7,2500,656.39,26.26,MEDIUM,100.35,4.16,78672.61,SELL NOW
2025-01-14 19:00:00,FPO_Ahmedabad,Apple,26.14,47.77,1551,96.77,13,2500,1444.34,57.77,LOW,103.02,2.12,159777.69,SELL NOW
2025-01-14 20:00:00,FPO_Nagpur,Apple,30.82,53.79,1564,110.77,4,2500,972.88,38.92,LOW,115.0,3.23,179852.24,SELL NOW
2025-01-14 21:00:00,FPO_Jaipur,Cabbage,31.7,63.59,821,22.37,10,1500,810.55,54.04,LOW,23.48,1.6,19273.73,SELL NOW
2025-01-14 22:00:00,FPO_Indore,Mango,30.1,30.0,420,57.71,12,1500,484.56,32.3,LOW,56.28,2.6,23636.97,SELL NOW
2025-01-14 23:00:00,FPO_Surat,Apple,25.91,43.6,208,108.77,9,2500,461.23,18.45,LOW,108.92,2.72,22654.78,SELL NOW
2025-01-15 00:00:00,FPO_Lucknow,Tomato,28.72,69.66,1305,32.85,2,2000,964.32,48.22,LOW,37.26,4.7,48629.17,STORE
2025-01-15 01:00:00,FPO_Jaipur,Apple,27.44,62.36,1031,97.78,9,2500,1009.48,40.38,LOW,104.91,4.97,108161.99,SELL NOW
2025-01-15 02:00:00,FPO_Nagpur,Potato,39.76,80.82,1517,25.8,6,2500,1148.66,45.95,MEDIUM,21.33,3.66,32352.01,SELL NOW
2025-01-15 03:00:00,FPO_Nagpur,Apple,25.25,61.43,574,98.8,10,1500,748.95,49.93,LOW,102.59,3.31,58886.49,SELL NOW
2025-01-15 04:00:00,FPO_Jaipur,Cabbage,22.52,60.11,733,24.14,8,2500,957.46,38.3,LOW,28.46,3.04,20862.08,STORE
2025-01-15 05:00:00,FPO_Nagpur,Mango,27.96,54.46,1638,55.97,7,2000,1381.8,69.09,LOW,54.26,1.56,88870.83,SELL NOW
2025-01-15 06:00:00,FPO_Jaipur,Potato,27.54,59.86,1322,9.83,11,2000,1107.39,55.37,LOW,15.57,4.3,20582.78,STORE
2025-01-15 07:00:00,FPO_Nashik,Cabbage,29.18,46.83,1905,17.88,13,2500,1546.87,61.87,LOW,25.54,3.85,48659.25,STORE
2025-01-15 08:00:00,FPO_Jaipur,Cabbage,25.26,62.79,901,19.48,8,2000,831.11,41.56,LOW,19.63,3.77,17683.55,SELL NOW
2025-01-15 09:00:00,FPO_Karnal,Cabbage,28.66,50.43,1841,27.1,13,2500,1549.41,61.98,LOW,25.76,4.33,47427.93,SELL NOW
2025-01-15 10:00:00,FPO_Jaipur,Tomato,28.78,46.84,1031,28.77,13,1500,952.75,63.52,LOW,42.54,4.75,43863.67,STORE
2025-01-15 11:00:00,FPO_Nagpur,Cabbage,33.44,55.41,976,30.43,9,2500,906.81,36.27,LOW,37.43,2.86,36535.16,STORE
2025-01-15 12:00:00,FPO_Surat,Tomato,28.56,71.77,1605,21.98,12,500,500.0,100.0,HIGH,25.88,2.99,41540.95,SELL NOW
2025-01-15 13:00:00,FPO_Karnal,Cabbage,28.61,67.13,1139,33.93,13,1500,1189.59,79.31,MEDIUM,33.56,4.91,38227.88,SELL NOW
2025-01-15 14:00:00,FPO_Nagpur,Onion,31.1,75.01,1727,38.47,8,2000,1207.87,60.39,MEDIUM,37.61,3.83,64949.03,SELL NOW
2025-01-15 15:00:00,FPO_Ahmedabad,Potato,33.21,51.15,646,22.18,6,2000,360.42,18.02,LOW,28.04,4.48,18115.6,STORE
2025-01-15 16:00:00,FPO_Ahmedabad,Onion,22.1,64.8,879,26.57,8,1500,814.85,54.32,LOW,25.46,2.28,22375.93,SELL NOW
2025-01-15 17:00:00,FPO_Surat,Cabbage,20.49,90.53,543,21.83,8,500,500.0,100.0,MEDIUM,20.5,2.61,11130.74,SELL NOW
2025-01-15 18:00:00,FPO_Surat,Potato,38.17,85.96,624,22.99,2,1500,475.91,31.73,LOW,25.32,2.87,15797.16,STORE
2025-01-15 19:00:00,FPO_Karnal,Potato,32.22,45.88,824,31.41,2,1000,586.2,58.62,LOW,37.6,2.61,30985.98,STORE
2025-01-15 20:00:00,FPO_Nashik,Mango,26.68,49.87,505,59.53,11,500,500.0,100.0,LOW,71.35,4.59,36029.38,STORE
2025-01-15 21:00:00,FPO_Surat,Onion,28.12,90.46,347,22.09,1,1500,375.56,25.04,LOW,26.29,3.29,9123.29,STORE
2025-01-15 22:00:00,FPO_Ahmedabad,Mango,25.64,71.77,1048,69.48,10,1000,1000.0,100.0,MEDIUM,68.37,4.84,71650.67,SELL NOW
2025-01-15 23:00:00,FPO_Jaipur,Potato,29.27,62.14,931,20.0,2,2500,720.09,28.8,LOW,21.66,2.62,20164.91,SELL NOW
2025-01-16 00:00:00,FPO_Nagpur,Tomato,22.17,60.46,653,35.27,7,500,500.0,100.0,LOW,44.79,1.63,29247.61,STORE
2025-01-16 01:00:00,FPO_Ahmedabad,Potato,33.04,68.41,1137,25.13,11,2500,1175.74,47.03,MEDIUM,34.14,1.98,38822.45,STORE
2025-01-16 02:00:00,FPO_Ahmedabad,Mango,29.05,68.6,232,59.26,3,1000,261.81,26.18,LOW,68.49,2.26,15890.43,STORE
2025-01-16 03:00:00,FPO_Nashik,Onion,29.27,57.0,1955,34.83,4,2000,1393.01,69.65,LOW,42.9,3.74,83865.75,STORE
2025-01-16 04:00:00,FPO_Karnal,Cabbage,22.64,62.55,1724,21.33,4,2000,1516.72,75.84,LOW,33.9,2.13,58438.05,STORE
2025-01-16 05:00:00,FPO_Karnal,Cabbage,31.15,56.48,1542,23.55,4,2000,1087.22,54.36,LOW,27.58,2.84,42531.95,STORE
2025-01-16 06:00:00,FPO_Indore,Onion,22.77,67.53,1920,27.35,2,2500,1401.52,56.06,LOW,34.1,4.28,65481.22,STORE
2025-01-16 07:00:00,FPO_Nashik,Cabbage,23.85,53.94,1416,24.0,11,500,500.0,100.0,LOW,22.96,1.94,32516.48,SELL NOW
2025-01-16 08:00:00,FPO_Jaipur,Cabbage,28.53,45.98,1403,27.74,6,2500,1007.37,40.29,LOW,31.9,1.78,44760.74,STORE
2025-01-16 09:00:00,FPO_Karnal,Mango,43.04,87.13,1183,62.7,1,2500,757.45,30.3,MEDIUM,67.06,3.39,79337.32,SELL NOW
2025-01-16 10:00:00,FPO_Nagpur,Onion,29.03,63.96,1741,22.22,12,2000,1467.58,73.38,MEDIUM,29.17,3.94,50779.19,STORE
2025-01-16 11:00:00,FPO_Surat,Apple,15.0,90.46,590,97.32,14,2500,1039.42,41.58,LOW,97.2,4.69,57346.31,SELL NOW
2025-01-16 12:00:00,FPO_Nashik,Tomato,24.14,36.02,1744,26.19,5,1000,1000.0,100.0,LOW,21.36,3.82,37251.25,SELL NOW
2025-01-16 13:00:00,FPO_Surat,Tomato,32.1,43.26,556,30.93,2,1500,96.52,6.43,LOW,31.03,4.81,17250.94,SELL NOW
2025-01-16 14:00:00,FPO_Ahmedabad,Cabbage,21.23,72.0,772,18.0,9,1500,813.8,54.25,LOW,26.31,2.36,20309.37,STORE
2025-01-16 15:00:00,FPO_Nagpur,Tomato,32.99,63.97,663,31.53,2,1500,524.52,34.97,LOW,33.47,2.7,22191.38,SELL NOW
2025-01-16 16:00:00,FPO_Nagpur,Onion,28.95,47.63,1129,24.37,6,2000,907.11,45.36,LOW,29.71,4.44,33546.53,STORE
2025-01-16 17:00:00,FPO_Ahmedabad,Onion,33.95,82.05,1898,31.24,4,2000,1324.83,66.24,MEDIUM,31.25,4.34,59310.47,SELL NOW
2025-01-16 18:00:00,FPO_Nashik,Potato,24.65,51.95,298,27.57,14,1500,652.24,43.48,LOW,35.78,3.83,10661.14,STORE
2025-01-16 19:00:00,FPO_Ahmedabad,Potato,24.18,82.98,347,15.87,6,500,410.5,82.1,MEDIUM,18.34,3.27,6362.84,STORE
2025-01-16 20:00:00,FPO_Surat,Tomato,31.39,63.94,769,29.21,2,1500,440.78,29.39,LOW,31.61,1.56,24307.86,SELL NOW
2025-01-16 21:00:00,FPO_Indore,Apple,27.95,48.95,926,99.07,12,2500,945.78,37.83,LOW,108.71,2.48,100665.68,SELL NOW
2025-01-16 22:00:00,FPO_Nagpur,Potato,27.59,54.97,1539,17.11,2,1500,992.95,66.2,LOW,28.0,2.05,43084.88,STORE
2025-01-16 23:00:00,FPO_Lucknow,Potato,37.41,85.58,1201,15.88,12,1500,1082.73,72.18,HIGH,25.61,1.68,30759.73,SELL NOW
2025-01-17 00:00:00,FPO_Lucknow,Onion,31.62,60.53,1405,26.46,7,500,500.0,100.0,MEDIUM,27.82,4.22,39091.04,SELL NOW
2025-01-17 01:00:00,FPO_Surat,Apple,16.06,79.59,1770,95.95,3,2000,1254.5,62.73,LOW,95.97,1.96,169873.05,SELL NOW
2025-01-17 02:00:00,FPO_Jaipur,Cabbage,32.79,86.01,502,23.97,3,2000,584.39,29.22,LOW,22.41,2.75,11251.5,SELL NOW
2025-01-17 03:00:00,FPO_Karnal,Tomato,32.19,63.79,1781,25.87,7,2500,1426.04,57.04,LOW,21.42,4.92,38153.59,SELL NOW
2025-01-17 04:00:00,FPO_Ahmedabad,Potato,35.11,61.65,1822,24.12,8,1500,1151.22,76.75,MEDIUM,22.45,2.93,40910.8,SELL NOW
2025-01-17 05:00:00,FPO_Ahmedabad,Apple,22.36,58.93,203,104.04,7,1000,458.69,45.87,LOW,102.8,2.0,20868.19,SELL NOW
2025-01-17 06:00:00,FPO_Jaipur,Apple,29.95,70.28,977,92.35,3,2500,674.02,26.96,LOW,89.05,3.91,86997.74,SELL NOW
2025-01-17 07:00:00,FPO_Jaipur,Tomato,28.67,87.59,306,26.75,3,2000,282.64,14.13,LOW,22.16,4.33,6781.2,SELL NOW
2025-01-17 08:00:00,FPO_Surat,Apple,22.25,46.59,274,95.25,7,500,460.15,92.03,LOW,91.73,2.48,25134.61,SELL NOW
2025-01-17 09:00:00,FPO_Surat,Apple,33.68,68.29,1263,94.57,3,2000,847.06,42.35,LOW,97.32,4.33,122914.0,SELL NOW
2025-01-17 10:00:00,FPO_Jaipur,Apple,26.55,67.64,838,92.16,13,2000,951.5,47.57,LOW,97.36,2.45,81587.07,SELL NOW
2025-01-17 11:00:00,FPO_Nagpur,Potato,34.92,37.94,894,13.79,2,500,352.72,70.54,LOW,18.55,3.93,16581.88,STORE
2025-01-17 12:00:00,FPO_Surat,Tomato,23.54,51.69,1342,25.4,14,1500,1420.58,94.71,LOW,25.8,1.94,34618.34,SELL NOW
2025-01-17 13:00:00,FPO_Indore,Apple,19.24,54.76,272,101.96,7,1500,535.85,35.72,LOW,103.22,3.0,28076.06,SELL NOW
2025-01-17 14:00:00,FPO_Surat,Apple,26.54,76.46,751,101.95,3,2000,626.31,31.32,LOW,106.78,3.32,80194.11,SELL NOW
2025-01-17 15:00:00,FPO_Ahmedabad,Potato,29.39,79.08,1427,16.74,5,2500,988.08,39.52,LOW,20.7,4.04,29537.32,STORE
2025-01-17 16:00:00,FPO_Surat,Tomato,24.79,36.87,1176,22.23,7,1000,951.91,95.19,LOW,28.04,3.78,32974.72,STORE
2025-01-17 17:00:00,FPO_Nagpur,Onion,15.0,74.59,295,31.2,13,2500,814.62,32.58,LOW,29.38,4.49,8668.37,SELL NOW
2025-01-17 18:00:00,FPO_Jaipur,Potato,30.3,72.65,1502,19.84,2,2500,1019.18,40.77,LOW,31.51,2.15,47329.26,STORE
2025-01-17 19:00:00,FPO_Ahmedabad,Tomato,30.27,73.68,1366,32.45,8,2000,1234.89,61.74,MEDIUM,38.61,3.81,52735.35,STORE
2025-01-17 20:00:00,FPO_Surat,Apple,32.12,67.29,1338,94.45,2,2000,901.54,45.08,LOW,101.16,1.95,135352.57,SELL NOW
2025-01-17 21:00:00,FPO_Nagpur,Tomato,25.72,79.26,1699,18.71,4,1000,1000.0,100.0,MEDIUM,16.41,3.17,27875.35,SELL NOW
2025-01-17 22:00:00,FPO_Indore,Tomato,25.39,82.57,1083,31.06,4,1000,1000.0,100.0,MEDIUM,28.64,3.34,31019.37,SELL NOW
2025-01-17 23:00:00,FPO_Surat,Cabbage,36.64,40.49,1356,15.55,8,1000,940.56,94.06,LOW,15.06,1.6,20425.58,SELL NOW
2025-01-18 00:00:00,FPO_Nagpur,Tomato,18.55,64.27,1391,20.77,11,2000,1176.77,58.84,LOW,27.46,1.75,38191.13,STORE
2025-01-18 01:00:00,FPO_Indore,Onion,26.52,61.18,1468,26.65,1,2000,943.71,47.19,LOW,23.87,4.44,35038.54,SELL NOW
2025-01-18 02:00:00,FPO_Jaipur,Tomato,28.85,56.41,476,26.58,12,2500,611.42,24.46,LOW,31.81,2.5,15140.4,STORE
2025-01-18 03:00:00,FPO_Surat,Onion,31.64,58.18,458,33.01,9,2000,391.97,19.6,LOW,43.3,2.71,19831.6,STORE
2025-01-18 04:00:00,FPO_Indore,Apple,29.02,67.8,245,94.93,6,1500,402.69,26.85,LOW,94.39,3.74,23126.49,SELL NOW
2025-01-18 05:00:00,FPO_Ahmedabad,Onion,22.47,45.55,545,36.59,4,1500,451.24,30.08,LOW,34.91,2.27,19023.85,SELL NOW
2025-01-18 06:00:00,FPO_Jaipur,Apple,35.01,75.06,1046,92.42,6,1000,652.91,65.29,MEDIUM,91.76,2.18,95985.22,SELL NOW
2025-01-18 07:00:00,FPO_Ahmedabad,Apple,28.01,59.46,1094,98.14,13,2000,1275.02,63.75,MEDIUM,100.32,2.98,109749.72,SELL NOW
2025-01-18 08:00:00,FPO_Lucknow,Onion,17.99,78.12,1460,34.15,13,1500,1421.63,94.78,MEDIUM,41.9,1.71,61176.62,STORE
2025-01-18 09:00:00,FPO_Nashik,Potato,29.26,55.7,1276,26.42,6,2500,910.87,36.43,LOW,34.47,4.71,43988.01,STORE
2025-01-18 10:00:00,FPO_Surat,Mango,30.85,54.89,1371,45.22,13,500,500.0,100.0,MEDIUM,52.22,4.79,71591.56,STORE
2025-01-18 11:00:00,FPO_Indore,Tomato,39.76,50.82,1922,41.54,14,2500,1616.46,64.66,MEDIUM,34.82,3.07,66925.68,SELL NOW
2025-01-18 12:00:00,FPO_Nashik,Cabbage,30.45,55.78,1756,23.39,9,500,500.0,100.0,MEDIUM,25.45,2.23,44693.28,SELL NOW
2025-01-18 13:00:00,FPO_Nashik,Mango,19.11,52.98,1313,61.39,11,2500,1026.52,41.06,LOW,59.98,3.15,78755.14,SELL NOW
2025-01-18 14:00:00,FPO_Indore,Tomato,19.32,71.52,432,26.33,14,1500,802.21,53.48,LOW,31.35,1.85,13544.65,STORE
2025-01-18 15:00:00,FPO_Jaipur,Tomato,35.55,80.71,1950,38.68,12,2000,1658.59,82.93,HIGH,46.18,2.89,90043.15,SELL NOW
2025-01-18 16:00:00,FPO_Surat,Apple,23.18,70.82,250,106.45,4,500,459.64,91.93,LOW,106.95,1.76,26737.75,SELL NOW
2025-01-18 17:00:00,FPO_Lucknow,Tomato,18.7,63.84,864,38.54,8,2000,799.03,39.95,LOW,51.14,3.97,44188.45,STORE
2025-01-18 18:00:00,FPO_Ahmedabad,Cabbage,34.0,72.3,1851,27.37,1,2000,1148.97,57.45,LOW,25.84,2.46,47821.7,SELL NOW
2025-01-18 19:00:00,FPO_Nagpur,Tomato,25.15,64.45,1617,32.56,6,1500,1267.33,84.49,LOW,38.22,3.32,61802.84,STORE
2025-01-18 20:00:00,FPO_Ahmedabad,Onion,33.68,65.43,1437,24.78,5,1000,1000.0,100.0,MEDIUM,38.5,1.55,55323.37,STORE
2025-01-18 21:00:00,FPO_Nagpur,Mango,22.51,60.4,650,58.68,3,1000,417.68,41.77,LOW,66.27,3.34,43073.82,STORE
2025-01-18 22:00:00,FPO_Ahmedabad,Onion,36.84,77.55,1562,34.56,4,500,500.0,100.0,MEDIUM,40.54,1.51,63319.09,STORE
2025-01-18 23:00:00,FPO_Indore,Cabbage,33.23,30.0,550,26.59,8,1500,402.63,26.84,LOW,28.74,4.74,15806.54,SELL NOW
2025-01-19 00:00:00,FPO_Lucknow,Tomato,23.66,33.01,848,28.53,11,2000,883.45,44.17,LOW,34.59,3.25,29328.85,STORE
2025-01-19 01:00:00,FPO_Surat,Cabbage,18.04,80.41,1508,21.12,11,2500,1442.82,57.71,LOW,21.36,1.85,32212.75,SELL NOW
2025-01-19 02:00:00,FPO_Nagpur,Apple,41.83,62.05,1077,105.83,10,2500,929.05,37.16,MEDIUM,114.47,2.69,123281.24,SELL NOW
2025-01-19 03:00:00,FPO_Surat,Onion,26.74,78.76,782,35.76,11,500,500.0,100.0,HIGH,35.14,1.66,27476.06,SELL NOW
2025-01-19 04:00:00,FPO_Surat,Onion,23.42,55.88,444,35.21,14,500,500.0,100.0,MEDIUM,36.97,3.36,16414.24,SELL NOW
2025-01-19 05:00:00,FPO_Surat,Potato,36.32,90.11,749,23.46,2,500,500.0,100.0,HIGH,22.26,1.93,16675.08,SELL NOW
2025-01-19 06:00:00,FPO_Karnal,Tomato,33.67,62.95,927,28.05,8,1500,771.77,51.45,LOW,29.33,3.16,27191.8,SELL NOW
2025-01-19 07:00:00,FPO_Jaipur,Apple,35.1,71.74,838,105.62,7,2500,830.99,33.24,LOW,106.33,2.57,89105.25,SELL NOW
2025-01-19 08:00:00,FPO_Ahmedabad,Onion,27.41,58.29,783,34.68,1,1500,639.59,42.64,LOW,27.6,4.17,21612.39,SELL NOW
2025-01-19 09:00:00,FPO_Surat,Onion,39.29,51.54,425,25.54,13,1500,531.96,35.46,MEDIUM,28.7,3.19,12198.94,STORE
2025-01-19 10:00:00,FPO_Ahmedabad,Apple,20.14,38.89,1026,101.58,2,2000,761.7,38.09,LOW,102.16,4.47,104817.37,SELL NOW
2025-01-19 11:00:00,FPO_Surat,Cabbage,24.69,76.79,640,28.29,7,1500,608.47,40.56,LOW,24.74,4.79,15835.34,SELL NOW
2025-01-19 12:00:00,FPO_Nagpur,Cabbage,30.34,70.93,1697,21.63,11,1500,1500.0,100.0,HIGH,21.21,4.89,35996.55,SELL NOW
2025-01-19 13:00:00,FPO_Jaipur,Tomato,35.01,66.41,1667,32.52,13,2000,1549.71,77.49,HIGH,37.33,2.41,62221.29,SELL NOW
2025-01-19 14:00:00,FPO_Jaipur,Potato,31.97,47.92,611,25.59,11,1000,642.66,64.27,LOW,19.72,4.19,12048.03,SELL NOW
2025-01-19 15:00:00,FPO_Indore,Onion,27.5,86.23,1013,27.92,3,2000,913.21,45.66,LOW,30.12,3.03,30506.56,SELL NOW
2025-01-19 16:00:00,FPO_Karnal,Potato,25.15,66.59,445,15.22,2,500,331.55,66.31,LOW,23.94,2.99,10655.05,STORE
2025-01-19 17:00:00,FPO_Indore,Cabbage,35.04,75.54,782,27.93,1,1000,492.0,49.2,LOW,28.77,4.54,22497.41,SELL NOW
2025-01-19 18:00:00,FPO_Indore,Cabbage,32.59,64.96,1930,34.82,7,2500,1472.79,58.91,LOW,45.14,2.01,87110.87,STORE
2025-01-19 19:00:00,FPO_Indore,Mango,22.75,48.66,699,61.28,3,1500,427.29,28.49,LOW,69.66,3.17,48689.6,STORE
2025-01-19 20:00:00,FPO_Indore,Tomato,22.57,79.89,1181,31.21,6,1000,900.83,90.08,LOW,36.03,3.58,42547.98,STORE
2025-01-19 21:00:00,FPO_Indore,Mango,24.73,71.76,749,54.17,10,2500,882.3,35.29,LOW,57.05,1.73,42732.4,SELL NOW
2025-01-19 22:00:00,FPO_Lucknow,Mango,23.96,62.28,316,59.76,8,2000,406.38,20.32,LOW,62.79,4.53,19843.13,SELL NOW
2025-01-19 23:00:00,FPO_Jaipur,Mango,34.18,71.51,1973,59.44,6,2000,1311.46,65.57,MEDIUM,64.89,2.6,128032.58,SELL NOW
2025-01-20 00:00:00,FPO_Indore,Tomato,30.61,77.26,1587,23.57,14,500,500.0,100.0,HIGH,36.56,3.8,58025.13,SELL NOW
2025-01-20 01:00:00,FPO_Surat,Tomato,31.35,74.9,403,30.2,7,500,500.0,100.0,MEDIUM,35.7,4.75,14388.42,STORE
2025-01-20 02:00:00,FPO_Jaipur,Apple,29.15,39.33,550,102.01,11,1000,713.02,71.3,LOW,112.45,4.02,61847.13,STORE
2025-01-20 03:00:00,FPO_Jaipur,Potato,29.43,42.65,518,20.53,6,1500,320.72,21.38,LOW,17.73,4.6,9186.17,SELL NOW
2025-01-20 04:00:00,FPO_Nashik,Potato,18.51,75.99,1582,21.94,7,2000,1371.03,68.55,LOW,22.24,1.74,35175.86,SELL NOW
2025-01-20 05:00:00,FPO_Lucknow,Apple,32.77,54.56,1740,110.26,5,1000,1000.0,100.0,LOW,113.35,3.22,197225.18,SELL NOW
2025-01-20 06:00:00,FPO_Indore,Apple,24.62,49.27,1139,96.9,9,1000,920.93,92.09,LOW,106.61,3.48,121434.0,STORE
2025-01-20 07:00:00,FPO_Ahmedabad,Cabbage,27.8,70.58,688,19.34,3,1000,550.05,55.0,LOW,13.39,3.91,9209.25,SELL NOW
2025-01-20 08:00:00,FPO_Nagpur,Mango,25.16,48.82,1892,54.22,6,500,500.0,100.0,LOW,72.31,1.91,136814.09,STORE
2025-01-20 09:00:00,FPO_Karnal,Apple,28.88,57.81,306,101.25,9,2000,433.07,21.65,LOW,104.24,3.8,31898.75,SELL NOW
2025-01-20 10:00:00,FPO_Surat,Onion,31.44,77.78,1963,17.28,1,500,500.0,100.0,MEDIUM,26.17,2.01,51366.62,STORE
2025-01-20 11:00:00,FPO_Ahmedabad,Potato,21.95,42.29,853,19.45,5,500,500.0,100.0,LOW,22.37,1.74,19080.03,STORE
2025-01-20 12:00:00,FPO_Lucknow,Apple,29.52,44.48,371,95.16,13,1000,561.12,56.11,LOW,94.08,3.14,34903.04,SELL NOW
2025-01-20 13:00:00,FPO_Nagpur,Onion,25.31,40.84,1881,29.71,4,2500,1264.77,50.59,LOW,41.28,3.6,77648.51,STORE
2025-01-20 14:00:00,FPO_Lucknow,Onion,35.93,52.08,718,29.73,9,2500,625.76,25.03,LOW,31.77,4.85,22809.37,SELL NOW
2025-01-20 15:00:00,FPO_Surat,Onion,21.31,66.24,1157,31.72,11,2500,1216.77,48.67,LOW,31.1,3.95,35981.28,SELL NOW
2025-01-20 16:00:00,FPO_Jaipur,Cabbage,21.98,55.72,1012,28.08,13,1000,1000.0,100.0,LOW,33.0,3.57,33396.84,STORE
2025-01-20 17:00:00,FPO_Nagpur,Cabbage,25.84,87.55,727,30.71,11,1500,842.5,56.17,MEDIUM,36.69,2.25,26673.15,STORE
2025-01-20 18:00:00,FPO_Jaipur,Onion,22.45,71.83,519,28.23,1,2000,395.39,19.77,LOW,32.91,2.03,17078.18,STORE
2025-01-20 19:00:00,FPO_Surat,Cabbage,26.65,64.72,1260,21.67,13,1000,1000.0,100.0,MEDIUM,26.75,3.63,33704.74,STORE
2025-01-20 20:00:00,FPO_Ahmedabad,Mango,24.83,84.01,698,64.26,4,1000,489.93,48.99,LOW,69.17,2.28,48278.36,SELL NOW
2025-01-20 21:00:00,FPO_Surat,Onion,28.53,45.04,1888,21.71,1,500,500.0,100.0,LOW,30.87,3.97,58284.13,STORE
2025-01-20 22:00:00,FPO_Ahmedabad,Mango,34.05,78.0,464,63.79,3,2500,343.07,13.72,LOW,67.07,1.9,31120.4,SELL NOW
2025-01-20 23:00:00,FPO_Nagpur,Mango,28.43,61.46,1918,60.72,4,1000,1000.0,100.0,LOW,60.47,2.69,115989.67,SELL NOW
2025-01-21 00:00:00,FPO_Nagpur,Onion,28.97,58.17,1891,32.25,1,1500,1128.62,75.24,LOW,38.86,4.21,73479.31,STORE
2025-01-21 01:00:00,FPO_Indore,Potato,21.66,74.17,1872,23.82,5,2000,1428.44,71.42,LOW,14.5,4.41,27148.52,SELL NOW
2025-01-21 02:00:00,FPO_Lucknow,Onion,27.2,58.81,1107,30.68,6,1500,910.29,60.69,LOW,36.69,2.71,40618.29,STORE
2025-01-21 03:00:00,FPO_Indore,Onion,25.47,67.73,601,30.89,1,1000,578.68,57.87,LOW,41.42,2.22,24895.45,STORE
2025-01-21 04:00:00,FPO_Lucknow,Cabbage,32.09,63.5,1186,19.45,10,1000,1000.0,100.0,MEDIUM,26.26,4.85,31141.56,STORE
2025-01-21 05:00:00,FPO_Indore,Onion,23.41,69.6,801,26.74,11,500,500.0,100.0,MEDIUM,21.8,4.16,17461.81,SELL NOW
2025-01-21 06:00:00,FPO_Jaipur,Potato,22.84,57.39,1151,30.89,13,1500,1132.11,75.47,LOW,41.1,4.32,47304.6,STORE
2025-01-21 07:00:00,FPO_Nagpur,Cabbage,29.9,78.9,417,28.36,13,500,500.0,100.0,HIGH,28.6,2.28,11927.4,SELL NOW
2025-01-21 08:00:00,FPO_Ahmedabad,Tomato,39.88,34.34,529,33.3,10,1500,554.27,36.95,LOW,37.3,2.99,19731.59,STORE
2025-01-21 09:00:00,FPO_Lucknow,Tomato,26.94,74.61,385,26.27,14,2500,637.42,25.5,MEDIUM,35.73,1.74,13754.41,STORE
2025-01-21 10:00:00,FPO_Surat,Mango,29.01,36.63,1604,60.4,12,2500,1490.22,59.61,LOW,60.31,1.88,96733.21,SELL NOW
2025-01-21 11:00:00,FPO_Lucknow,Mango,33.69,53.7,408,62.63,13,1500,683.47,45.56,LOW,66.33,2.27,27061.91,SELL NOW
2025-01-21 12:00:00,FPO_Ahmedabad,Potato,31.06,72.84,1786,28.03,12,500,500.0,100.0,HIGH,24.51,2.56,43770.18,SELL NOW
2025-01-21 13:00:00,FPO_Indore,Apple,31.1,34.79,487,99.24,4,2500,378.18,15.13,LOW,101.31,4.99,49335.85,SELL NOW
2025-01-21 14:00:00,FPO_Lucknow,Tomato,27.43,67.5,287,30.39,4,1000,423.19,42.32,LOW,27.55,2.98,7907.26,SELL NOW
2025-01-21 15:00:00,FPO_Karnal,Mango,27.55,44.43,1202,63.55,14,2000,1108.92,55.45,LOW,68.97,3.94,82902.01,SELL NOW
2025-01-21 16:00:00,FPO_Jaipur,Tomato,23.47,50.46,335,32.67,1,500,177.43,35.49,LOW,28.42,4.67,9521.72,SELL NOW
2025-01-21 17:00:00,FPO_Nagpur,Potato,30.92,49.77,357,20.99,2,1500,200.18,13.35,LOW,23.54,2.36,8405.01,STORE
2025-01-21 18:00:00,FPO_Ahmedabad,Potato,30.78,44.85,993,28.41,11,2000,794.75,39.74,LOW,28.57,2.01,28373.16,SELL NOW
2025-01-21 19:00:00,FPO_Nagpur,Apple,32.3,39.06,1119,92.89,10,2000,1009.03,50.45,LOW,92.31,2.35,103293.76,SELL NOW
2025-01-21 20:00:00,FPO_Karnal,Apple,25.07,95.0,354,94.35,5,1000,461.98,46.2,LOW,102.86,4.59,36411.46,SELL NOW
2025-01-21 21:00:00,FPO_Lucknow,Cabbage,32.98,62.26,1686,27.4,2,500,500.0,100.0,LOW,25.03,3.83,42205.55,SELL NOW
2025-01-21 22:00:00,FPO_Lucknow,Potato,34.8,46.44,419,24.27,3,2000,173.97,8.7,LOW,24.56,3.08,10289.56,SELL NOW
2025-01-21 23:00:00,FPO_Surat,Mango,20.72,56.57,1682,58.83,9,500,500.0,100.0,LOW,62.79,4.37,105604.87,SELL NOW
2025-01-22 00:00:00,FPO_Karnal,Tomato,26.22,65.55,1390,25.79,5,1000,1000.0,100.0,LOW,32.0,2.33,44481.34,STORE
2025-01-22 01:00:00,FPO_Ahmedabad,Onion,35.05,59.32,521,27.86,1,1500,370.81,24.72,LOW,21.82,2.34,11370.44,SELL NOW
2025-01-22 02:00:00,FPO_Surat,Apple,24.1,46.0,890,95.5,5,2000,801.09,40.05,LOW,97.61,3.49,86875.08,SELL NOW
2025-01-22 03:00:00,FPO_Jaipur,Onion,31.17,51.51,1040,29.78,3,2000,572.79,28.64,LOW,36.56,4.27,38021.01,STORE
2025-01-22 04:00:00,FPO_Surat,Mango,28.05,82.79,1785,52.22,1,2000,1265.25,63.26,LOW,63.54,2.41,113416.87,STORE
2025-01-22 05:00:00,FPO_Nashik,Apple,29.99,43.96,711,105.66,3,500,500.0,100.0,LOW,108.82,2.24,77370.6,SELL NOW
2025-01-22 06:00:00,FPO_Ahmedabad,Onion,28.23,35.05,286,31.91,11,2000,427.9,21.39,LOW,27.91,3.16,7981.24,SELL NOW
2025-01-22 07:00:00,FPO_Nashik,Mango,32.48,59.18,1768,66.47,6,500,500.0,100.0,MEDIUM,69.4,1.97,122707.25,SELL NOW
2025-01-22 08:00:00,FPO_Karnal,Tomato,21.87,36.02,474,28.81,10,2500,551.53,22.06,LOW,29.4,4.12,13934.24,SELL NOW
2025-01-22 09:00:00,FPO_Indore,Mango,22.52,51.35,340,59.81,5,2500,423.72,16.95,LOW,64.51,3.52,21935.01,SELL NOW
2025-01-22 10:00:00,FPO_Nashik,Cabbage,36.79,46.22,1941,25.63,12,500,500.0,100.0,MEDIUM,37.83,3.29,73429.75,STORE
2025-01-22 11:00:00,FPO_Jaipur,Apple,40.6,46.35,1959,96.5,12,2500,1605.55,64.22,MEDIUM,93.64,4.55,183441.97,SELL NOW
2025-01-22 12:00:00,FPO_Surat,Potato,27.97,66.04,824,15.78,1,1000,533.87,53.39,LOW,24.27,4.06,19996.2,STORE
2025-01-22 13:00:00,FPO_Indore,Tomato,38.29,68.86,1115,23.08,11,1000,1000.0,100.0,HIGH,30.59,2.02,34111.14,SELL NOW
2025-01-22 14:00:00,FPO_Surat,Onion,23.37,52.91,552,27.87,2,2500,460.33,18.41,LOW,34.14,2.97,18845.54,STORE
2025-01-22 15:00:00,FPO_Nashik,Apple,24.81,63.58,1228,95.58,5,1500,1083.1,72.21,LOW,99.89,2.62,122667.93,SELL NOW
2025-01-22 16:00:00,FPO_Surat,Potato,36.74,52.16,581,28.74,9,500,495.6,99.12,MEDIUM,42.12,4.31,24469.7,STORE
2025-01-22 17:00:00,FPO_Karnal,Mango,32.82,71.01,1947,56.47,11,2500,1757.76,70.31,MEDIUM,65.92,4.02,128354.85,STORE
2025-01-22 18:00:00,FPO_Indore,Potato,37.64,42.84,1991,23.97,14,500,500.0,100.0,MEDIUM,24.05,3.15,47880.62,SELL NOW
2025-01-22 19:00:00,FPO_Karnal,Apple,30.81,67.48,1557,102.92,12,2500,1337.13,53.49,MEDIUM,106.17,4.38,165302.85,SELL NOW
2025-01-22 20:00:00,FPO_Nashik,Apple,21.92,68.62,674,106.19,12,1000,849.19,84.92,MEDIUM,103.76,2.94,69935.03,SELL NOW
2025-01-22 21:00:00,FPO_Karnal,Cabbage,29.34,95.0,1127,28.41,13,1500,1187.79,79.19,HIGH,38.35,4.31,43216.17,SELL NOW
2025-01-22 22:00:00,FPO_Jaipur,Cabbage,35.21,38.68,229,24.13,5,500,347.56,69.51,LOW,27.37,1.61,6267.45,STORE
2025-01-22 23:00:00,FPO_Nashik,Potato,27.2,95.0,1570,30.53,5,1500,1315.05,87.67,MEDIUM,23.91,1.97,37533.38,SELL NOW
2025-01-23 00:00:00,FPO_Nashik,Mango,26.28,76.35,1121,53.78,1,1000,832.04,83.2,LOW,44.49,4.15,49877.71,SELL NOW
2025-01-23 01:00:00,FPO_Nashik,Potato,30.9,92.41,793,17.3,5,2000,531.3,26.57,LOW,17.51,1.9,13884.6,SELL NOW
2025-01-23 02:00:00,FPO_Ahmedabad,Apple,24.64,78.58,692,101.1,8,2000,896.94,44.85,LOW,99.89,3.89,69122.15,SELL NOW
2025-01-23 03:00:00,FPO_Surat,Apple,29.77,50.85,1971,100.43,9,500,500.0,100.0,LOW,101.21,4.03,199492.06,SELL NOW
2025-01-23 04:00:00,FPO_Ahmedabad,Onion,28.38,74.87,694,34.09,10,1000,795.02,79.5,MEDIUM,36.05,3.82,25019.35,SELL NOW
2025-01-23 05:00:00,FPO_Ahmedabad,Cabbage,25.06,55.02,587,25.8,3,500,380.72,76.14,LOW,35.28,4.36,20711.97,STORE
2025-01-23 06:00:00,FPO_Jaipur,Onion,33.88,63.68,1072,31.85,4,500,500.0,100.0,MEDIUM,41.97,3.29,44990.89,STORE
2025-01-23 07:00:00,FPO_Indore,Tomato,31.88,47.38,1034,32.98,7,500,500.0,100.0,LOW,47.15,4.64,48748.24,STORE
2025-01-23 08:00:00,FPO_Surat,Apple,25.88,54.82,1476,100.7,7,1500,1065.69,71.05,LOW,112.25,3.49,165674.52,STORE
2025-01-23 09:00:00,FPO_Karnal,Onion,27.91,78.45,829,33.4,1,2500,514.04,20.56,LOW,39.55,3.28,32783.49,STORE
2025-01-23 10:00:00,FPO_Lucknow,Potato,26.37,71.57,1138,18.22,11,1000,1000.0,100.0,MEDIUM,14.21,3.28,16174.86,SELL NOW
2025-01-23 11:00:00,FPO_Nashik,Cabbage,24.17,80.36,229,21.55,6,1500,563.6,37.57,LOW,28.56,4.69,6540.72,STORE
2025-01-23 12:00:00,FPO_Karnal,Cabbage,17.81,44.03,822,29.41,13,2500,936.45,37.46,LOW,24.52,2.35,20152.57,SELL NOW
2025-01-23 13:00:00,FPO_Nashik,Mango,25.1,36.94,1989,60.61,12,500,500.0,100.0,LOW,65.26,3.93,129809.12,SELL NOW
2025-01-23 14:00:00,FPO_Jaipur,Potato,24.26,81.53,1934,22.85,14,2000,1814.02,90.7,HIGH,18.41,2.35,35596.11,SELL NOW
2025-01-23 15:00:00,FPO_Nashik,Mango,28.69,80.42,1006,56.53,9,1500,981.38,65.43,MEDIUM,69.24,1.82,69659.7,STORE
2025-01-23 16:00:00,FPO_Ahmedabad,Onion,30.64,68.17,541,27.96,5,1000,383.52,38.35,LOW,32.88,4.84,17786.71,STORE
2025-01-23 17:00:00,FPO_Surat,Tomato,23.19,71.29,1510,29.43,8,1000,1000.0,100.0,MEDIUM,31.4,1.95,47419.15,SELL NOW
2025-01-23 18:00:00,FPO_Lucknow,Potato,30.24,77.98,1620,20.49,11,2500,1233.2,49.33,MEDIUM,21.24,3.9,34406.26,SELL NOW
2025-01-23 19:00:00,FPO_Nagpur,Potato,22.26,67.72,1200,17.69,10,1500,1152.03,76.8,LOW,20.51,2.99,24616.53,STORE
2025-01-23 20:00:00,FPO_Nashik,Potato,27.25,73.05,1732,17.75,11,500,500.0,100.0,MEDIUM,17.11,4.43,29639.37,SELL NOW
2025-01-23 21:00:00,FPO_Karnal,Mango,24.39,77.22,443,56.81,9,2500,886.43,35.46,LOW,58.17,4.21,25770.53,SELL NOW
2025-01-23 22:00:00,FPO_Ahmedabad,Onion,32.48,63.6,420,28.31,10,1000,609.46,60.95,MEDIUM,21.28,2.0,8939.49,SELL NOW
2025-01-23 23:00:00,FPO_Nagpur,Potato,28.7,59.82,1379,20.62,10,1500,1221.57,81.44,LOW,19.01,3.14,26219.03,SELL NOW
2025-01-24 00:00:00,FPO_Lucknow,Potato,27.34,70.73,1606,29.84,13,2000,1545.08,77.25,MEDIUM,27.03,1.6,43410.77,SELL NOW
2025-01-24 01:00:00,FPO_Nagpur,Cabbage,24.25,95.0,1971,29.62,3,500,500.0,100.0,MEDIUM,35.23,3.0,69430.04,STORE
2025-01-24 02:00:00,FPO_Ahmedabad,Tomato,26.03,52.28,1543,29.48,1,1000,972.37,97.24,LOW,32.65,3.95,50381.99,STORE
2025-01-24 03:00:00,FPO_Surat,Cabbage,38.97,58.54,572,34.31,14,1500,776.16,51.74,MEDIUM,41.64,2.31,23820.93,STORE
2025-01-24 04:00:00,FPO_Surat,Cabbage,24.99,38.65,730,24.42,14,2000,782.93,39.15,LOW,25.32,4.34,18482.06,SELL NOW
2025-01-24 05:00:00,FPO_Indore,Tomato,30.88,71.52,414,30.38,2,1000,374.96,37.5,LOW,33.94,1.69,14052.35,STORE
2025-01-24 06:00:00,FPO_Surat,Onion,27.32,57.05,566,31.64,5,2000,706.17,35.31,LOW,24.48,1.62,13854.04,SELL NOW
2025-01-24 07:00:00,FPO_Indore,Cabbage,30.7,44.0,313,27.36,14,1000,431.81,43.18,LOW,34.92,1.6,10929.13,STORE
2025-01-24 08:00:00,FPO_Nagpur,Onion,33.02,64.05,1423,26.26,10,2500,1256.19,50.25,MEDIUM,35.59,2.48,50645.93,STORE
2025-01-24 09:00:00,FPO_Jaipur,Cabbage,25.88,87.42,224,23.48,7,2500,364.01,14.56,LOW,29.73,3.13,6660.05,STORE
2025-01-24 10:00:00,FPO_Karnal,Apple,32.26,59.72,1133,95.94,11,2500,1111.63,44.47,LOW,94.54,1.88,107113.45,SELL NOW
2025-01-24 11:00:00,FPO_Karnal,Tomato,44.54,61.09,1344,30.04,6,1500,944.45,62.96,MEDIUM,35.81,4.99,48125.68,STORE
2025-01-24 12:00:00,FPO_Nagpur,Cabbage,31.41,86.84,1965,25.02,4,2500,1614.48,64.58,MEDIUM,28.89,5.0,56776.86,STORE
2025-01-24 13:00:00,FPO_Nashik,Apple,37.68,64.92,810,90.59,9,1500,904.98,60.33,MEDIUM,83.79,3.32,67868.07,SELL NOW
2025-01-24 14:00:00,FPO_Nashik,Mango,30.89,46.89,1057,62.57,12,500,500.0,100.0,MEDIUM,71.77,3.49,75864.81,STORE
2025-01-24 15:00:00,FPO_Surat,Apple,22.41,75.33,1226,101.08,11,2500,1305.06,52.2,LOW,98.75,4.74,121063.28,SELL NOW
2025-01-24 16:00:00,FPO_Karnal,Potato,29.65,81.87,1097,30.52,4,1500,936.13,62.41,LOW,36.4,4.19,39927.1,STORE
2025-01-24 17:00:00,FPO_Karnal,Cabbage,26.02,61.99,972,29.64,3,1000,833.53,83.35,LOW,32.78,2.09,31859.37,STORE
2025-01-24 18:00:00,FPO_Indore,Apple,24.42,66.96,644,105.56,11,1500,856.32,57.09,LOW,115.3,4.27,74254.68,SELL NOW
2025-01-24 19:00:00,FPO_Jaipur,Onion,27.56,45.33,1477,24.36,5,1500,1110.18,74.01,LOW,23.04,2.31,34026.24,SELL NOW
2025-01-24 20:00:00,FPO_Ahmedabad,Mango,27.07,51.94,219,65.59,4,1000,118.34,11.83,LOW,66.06,3.01,14467.81,SELL NOW
2025-01-24 21:00:00,FPO_Nashik,Cabbage,21.64,60.0,1427,24.03,2,1500,1046.64,69.78,LOW,30.47,3.36,43482.84,STORE
2025-01-24 22:00:00,FPO_Karnal,Potato,44.25,66.15,1005,18.54,3,1000,581.05,58.1,MEDIUM,18.55,4.01,18645.89,SELL NOW
2025-01-24 23:00:00,FPO_Indore,Apple,32.85,55.7,1580,88.27,7,2000,1244.7,62.23,LOW,98.39,2.03,155454.29,STORE
2025-01-25 00:00:00,FPO_Lucknow,Mango,29.47,59.44,327,66.57,12,2500,565.68,22.63,LOW,65.78,1.77,21510.28,SELL NOW
2025-01-25 01:00:00,FPO_Indore,Cabbage,28.54,63.14,557,23.58,2,500,437.88,87.58,LOW,29.52,4.53,16441.87,STORE
2025-01-25 02:00:00,FPO_Nashik,Mango,35.21,50.03,1515,59.39,1,1500,949.74,63.32,LOW,62.37,4.39,94488.23,SELL NOW
2025-01-25 03:00:00,FPO_Nashik,Potato,40.45,60.97,1397,23.61,2,1000,900.83,90.08,MEDIUM,23.32,3.33,32576.58,SELL NOW
2025-01-25 04:00:00,FPO_Indore,Apple,32.11,82.34,1956,109.31,12,2500,1607.15,64.29,HIGH,118.9,3.82,232566.21,SELL NOW
2025-01-25 05:00:00,FPO_Ahmedabad,Mango,28.73,56.06,1578,58.87,8,1500,1485.94,99.06,LOW,56.61,4.02,89324.01,SELL NOW
2025-01-25 06:00:00,FPO_Nagpur,Mango,36.84,51.49,1080,59.92,8,2500,867.16,34.69,LOW,65.58,3.17,70826.23,SELL NOW
2025-01-25 07:00:00,FPO_Nashik,Tomato,28.85,95.0,1260,32.84,12,2000,1356.34,67.82,HIGH,23.36,2.4,29431.97,SELL NOW
2025-01-25 08:00:00,FPO_Indore,Mango,30.61,68.38,1533,58.6,10,1500,1312.61,87.51,MEDIUM,63.22,3.18,96914.05,SELL NOW
2025-01-25 09:00:00,FPO_Karnal,Tomato,34.01,53.41,1884,23.84,2,1000,1000.0,100.0,LOW,32.96,4.83,62087.8,STORE
2025-01-25 10:00:00,FPO_Indore,Apple,25.68,74.65,1116,89.06,6,2000,1032.2,51.61,LOW,91.31,4.43,101906.56,SELL NOW
2025-01-25 11:00:00,FPO_Jaipur,Cabbage,15.54,68.84,1827,31.68,11,1500,1500.0,100.0,LOW,35.74,3.13,65301.99,STORE
2025-01-25 12:00:00,FPO_Nagpur,Cabbage,25.39,56.45,1805,26.19,12,2500,1648.36,65.93,LOW,37.72,2.29,68090.84,STORE
2025-01-25 13:00:00,FPO_Lucknow,Apple,32.64,64.27,1307,102.73,11,2000,1099.75,54.99,MEDIUM,111.02,4.61,145099.51,SELL NOW
2025-01-25 14:00:00,FPO_Ahmedabad,Apple,32.22,60.63,709,97.57,11,1000,736.78,73.68,MEDIUM,89.44,3.73,63412.63,SELL NOW
2025-01-25 15:00:00,FPO_Surat,Onion,36.06,79.85,643,33.4,7,1500,640.84,42.72,MEDIUM,33.68,2.92,21653.84,SELL NOW
2025-01-25 16:00:00,FPO_Lucknow,Apple,25.62,75.22,1643,97.08,1,2500,1128.48,45.14,LOW,98.65,1.89,162078.36,SELL NOW
2025-01-25 17:00:00,FPO_Nagpur,Mango,37.49,32.86,1428,60.81,7,2500,943.27,37.73,LOW,65.38,4.13,93355.7,SELL NOW
2025-01-25 18:00:00,FPO_Nagpur,Cabbage,29.11,93.54,1711,25.54,12,2000,1606.78,80.34,HIGH,28.22,2.61,48284.41,SELL NOW
2025-01-25 19:00:00,FPO_Nagpur,Potato,31.63,60.68,978,27.65,11,1500,1092.69,72.85,MEDIUM,28.03,3.62,27411.76,SELL NOW
2025-01-25 20:00:00,FPO_Lucknow,Cabbage,33.42,90.84,1311,28.24,8,2500,1183.07,47.32,MEDIUM,28.29,3.49,37087.6,SELL NOW
2025-01-25 21:00:00,FPO_Karnal,Tomato,19.71,75.74,451,24.87,9,2000,794.99,39.75,LOW,20.67,3.95,9322.76,SELL NOW
2025-01-25 22:00:00,FPO_Nagpur,Cabbage,21.97,68.72,1946,28.01,14,500,500.0,100.0,MEDIUM,25.96,3.38,50521.65,SELL NOW
2025-01-25 23:00:00,FPO_Indore,Onion,21.77,63.59,1254,28.16,8,2500,1117.14,44.69,LOW,35.37,3.71,44350.91,STORE
2025-01-26 00:00:00,FPO_Lucknow,Apple,34.43,95.0,620,95.94,3,2000,541.85,27.09,MEDIUM,93.7,1.79,58092.59,SELL NOW
2025-01-26 01:00:00,FPO_Surat,Apple,26.17,60.93,260,102.75,8,500,377.99,75.6,LOW,101.74,3.83,26453.33,SELL NOW
2025-01-26 02:00:00,FPO_Nagpur,Cabbage,40.17,54.93,778,25.97,3,2000,479.32,23.97,LOW,21.68,2.18,16867.05,SELL NOW
2025-01-26 03:00:00,FPO_Indore,Potato,28.02,56.28,1449,16.02,6,2500,1253.31,50.13,LOW,20.94,2.87,30343.5,STORE
2025-01-26 04:00:00,FPO_Karnal,Potato,19.17,65.02,1558,19.42,4,500,500.0,100.0,LOW,27.22,3.29,42415.85,STORE
2025-01-26 05:00:00,FPO_Jaipur,Onion,23.97,64.99,778,33.73,7,2000,891.47,44.57,LOW,42.54,3.9,33097.62,STORE
2025-01-26 06:00:00,FPO_Karnal,Tomato,28.7,80.06,839,29.95,8,1500,866.47,57.76,MEDIUM,31.0,4.1,26008.36,SELL NOW
2025-01-26 07:00:00,FPO_Surat,Cabbage,31.09,76.37,310,27.16,10,500,459.98,92.0,HIGH,29.83,3.97,9247.99,SELL NOW
2025-01-26 08:00:00,FPO_Nagpur,Apple,22.09,76.39,690,109.23,6,2000,955.65,47.78,LOW,112.37,1.83,77535.67,SELL NOW
2025-01-26 09:00:00,FPO_Surat,Cabbage,31.41,61.58,1495,29.98,10,1500,1203.81,80.25,MEDIUM,30.89,2.85,46176.38,SELL NOW
2025-01-26 10:00:00,FPO_Lucknow,Onion,33.01,75.15,233,29.42,4,500,405.23,81.05,MEDIUM,34.07,2.48,7937.18,STORE
2025-01-26 11:00:00,FPO_Nashik,Mango,24.15,76.72,411,57.98,8,2000,620.67,31.03,LOW,66.64,2.89,27388.05,STORE
2025-01-26 12:00:00,FPO_Nagpur,Mango,39.81,63.81,1523,56.6,7,2500,1004.56,40.18,LOW,64.58,3.76,98352.22,STORE
2025-01-26 13:00:00,FPO_Nashik,Onion,24.8,69.19,1596,27.7,10,500,500.0,100.0,MEDIUM,29.86,2.18,47660.84,SELL NOW
2025-01-26 14:00:00,FPO_Indore,Apple,22.0,76.7,324,92.0,8,500,500.0,100.0,MEDIUM,92.33,3.26,29915.35,SELL NOW
2025-01-26 15:00:00,FPO_Jaipur,Onion,18.82,68.17,1326,23.92,13,1500,1313.38,87.56,MEDIUM,21.16,4.6,28055.61,SELL NOW
2025-01-26 16:00:00,FPO_Ahmedabad,Apple,35.32,69.6,1941,103.29,10,2000,1411.86,70.59,MEDIUM,97.6,4.06,189447.05,SELL NOW
2025-01-26 17:00:00,FPO_Surat,Potato,28.14,86.11,1343,29.67,7,2500,1124.29,44.97,MEDIUM,35.4,4.04,47537.98,STORE
2025-01-26 18:00:00,FPO_Karnal,Onion,25.12,68.29,1905,30.28,14,1500,1500.0,100.0,MEDIUM,33.27,4.47,63383.39,SELL NOW
2025-01-26 19:00:00,FPO_Jaipur,Apple,19.16,55.88,1770,96.49,3,500,500.0,100.0,LOW,99.53,2.9,176166.51,SELL NOW
2025-01-26 20:00:00,FPO_Nagpur,Onion,25.66,44.81,1093,12.98,3,1500,776.5,51.77,LOW,28.21,4.16,30831.65,STORE
2025-01-26 21:00:00,FPO_Nashik,Onion,42.29,66.7,530,38.52,9,1500,448.03,29.87,MEDIUM,49.46,1.71,26211.51,STORE
2025-01-26 22:00:00,FPO_Karnal,Apple,15.13,60.03,1981,93.31,14,1500,1500.0,100.0,LOW,96.52,1.7,191211.71,SELL NOW
2025-01-26 23:00:00,FPO_Nashik,Apple,24.21,77.12,1532,92.64,7,500,500.0,100.0,MEDIUM,96.68,2.66,148118.05,SELL NOW
2025-01-27 00:00:00,FPO_Lucknow,Tomato,38.76,88.67,1793,26.51,12,1000,1000.0,100.0,HIGH,23.97,2.19,42972.57,SELL NOW
2025-01-27 01:00:00,FPO_Nashik,Onion,35.49,49.55,611,29.79,1,1500,343.96,22.93,LOW,36.02,3.31,22005.99,STORE
2025-01-27 02:00:00,FPO_Lucknow,Mango,24.58,51.71,1622,60.05,3,1000,1000.0,100.0,LOW,64.2,2.14,104127.44,SELL NOW
2025-01-27 03:00:00,FPO_Indore,Onion,29.22,64.64,1133,25.73,11,2500,1040.43,41.62,LOW,24.31,4.91,27545.62,SELL NOW
2025-01-27 04:00:00,FPO_Karnal,Onion,30.78,53.0,1529,32.08,1,2500,1054.87,42.19,LOW,36.33,4.48,55543.18,STORE
2025-01-27 05:00:00,FPO_Karnal,Apple,28.8,61.67,1876,97.39,6,2500,1180.65,47.23,LOW,105.6,4.94,198110.46,SELL NOW
2025-01-27 06:00:00,FPO_Ahmedabad,Onion,38.71,56.96,1846,27.52,13,2000,1725.93,86.3,HIGH,40.85,4.33,75415.72,SELL NOW
2025-01-27 07:00:00,FPO_Nagpur,Cabbage,30.04,49.88,1386,23.61,2,500,500.0,100.0,LOW,19.04,4.83,26393.29,SELL NOW
2025-01-27 08:00:00,FPO_Lucknow,Onion,34.81,77.39,1846,26.62,7,1000,1000.0,100.0,HIGH,23.89,2.79,44106.4,SELL NOW
2025-01-27 09:00:00,FPO_Ahmedabad,Cabbage,29.09,66.13,863,18.73,8,2000,808.56,40.43,LOW,21.23,3.24,18321.1,STORE
2025-01-27 10:00:00,FPO_Nashik,Mango,15.81,92.46,1288,54.05,13,1000,1000.0,100.0,HIGH,58.21,2.34,74969.77,SELL NOW
2025-01-27 11:00:00,FPO_Nashik,Apple,20.85,70.39,1841,94.47,13,500,500.0,100.0,MEDIUM,105.88,3.73,194924.28,STORE
2025-01-27 12:00:00,FPO_Ahmedabad,Onion,22.09,84.33,1439,32.28,13,1500,1500.0,100.0,HIGH,41.42,4.26,59606.85,SELL NOW
2025-01-27 13:00:00,FPO_Karnal,Cabbage,26.5,54.07,802,27.0,6,2000,588.91,29.45,LOW,19.63,3.25,15740.93,SELL NOW
2025-01-27 14:00:00,FPO_Nashik,Cabbage,40.47,53.88,225,23.66,5,500,216.11,43.22,LOW,24.54,2.54,5521.98,SELL NOW
2025-01-27 15:00:00,FPO_Surat,Cabbage,30.17,95.0,868,23.9,10,2000,1040.53,52.03,HIGH,19.31,3.28,16761.79,SELL NOW
2025-01-27 16:00:00,FPO_Indore,Potato,27.37,55.87,783,27.84,4,2500,460.41,18.42,LOW,24.31,1.72,19036.18,SELL NOW
2025-01-27 17:00:00,FPO_Indore,Tomato,35.43,50.76,1267,30.57,9,2000,1110.03,55.5,LOW,36.49,4.02,46232.03,STORE
2025-01-27 18:00:00,FPO_Surat,Mango,19.29,47.43,1313,67.82,8,1500,1198.76,79.92,LOW,71.52,3.08,93911.95,SELL NOW
2025-01-27 19:00:00,FPO_Ahmedabad,Onion,25.06,93.74,1356,27.11,5,1500,1292.36,86.16,MEDIUM,38.41,4.64,52087.18,STORE
2025-01-27 20:00:00,FPO_Surat,Potato,24.18,60.88,1384,16.18,13,1000,1000.0,100.0,MEDIUM,12.14,4.73,16796.27,SELL NOW
2025-01-27 21:00:00,FPO_Lucknow,Onion,30.39,71.05,1967,34.98,1,2000,1200.12,60.01,LOW,37.86,1.94,74466.26,SELL NOW
2025-01-27 22:00:00,FPO_Lucknow,Onion,33.38,67.27,579,29.9,8,2500,716.57,28.66,LOW,30.19,4.99,17481.84,SELL NOW
2025-01-27 23:00:00,FPO_Ahmedabad,Apple,30.83,54.15,1484,95.99,8,1500,1165.28,77.69,LOW,106.85,4.89,158571.78,STORE
2025-01-28 00:00:00,FPO_Surat,Apple,30.92,60.56,1606,102.44,7,1000,1000.0,100.0,MEDIUM,100.95,3.69,162132.91,SELL NOW
2025-01-28 01:00:00,FPO_Lucknow,Apple,25.83,77.69,568,96.47,7,2500,711.52,28.46,LOW,100.56,4.39,57116.17,SELL NOW
2025-01-28 02:00:00,FPO_Karnal,Potato,29.92,46.61,1334,25.44,8,2500,1044.95,41.8,LOW,21.49,1.56,28665.91,SELL NOW
2025-01-28 03:00:00,FPO_Surat,Onion,22.96,75.11,1899,32.43,1,2500,1222.85,48.91,LOW,42.67,4.9,81027.49,STORE
2025-01-28 04:00:00,FPO_Karnal,Tomato,32.04,86.51,1300,26.87,12,500,500.0,100.0,HIGH,39.06,3.1,50772.79,SELL NOW
2025-01-28 05:00:00,FPO_Lucknow,Mango,25.0,69.39,408,51.57,3,1500,472.12,31.47,LOW,51.08,4.68,20840.83,SELL NOW
2025-01-28 06:00:00,FPO_Indore,Apple,21.27,85.0,1236,95.38,4,500,500.0,100.0,LOW,94.3,2.85,116551.83,SELL NOW
2025-01-28 07:00:00,FPO_Lucknow,Apple,28.23,44.43,1793,107.59,11,500,500.0,100.0,LOW,111.91,4.26,200656.22,SELL NOW
2025-01-28 08:00:00,FPO_Karnal,Onion,16.52,37.55,1771,38.73,6,1500,1180.18,78.68,LOW,37.64,2.96,66657.67,SELL NOW
2025-01-28 09:00:00,FPO_Jaipur,Onion,36.85,68.64,224,42.97,10,2000,302.65,15.13,LOW,51.7,2.77,11580.56,STORE
2025-01-28 10:00:00,FPO_Nagpur,Potato,32.78,56.2,745,24.0,12,1000,749.48,74.95,MEDIUM,29.28,4.81,21815.93,STORE
2025-01-28 11:00:00,FPO_Nashik,Potato,30.02,78.18,1363,16.55,10,1500,1203.25,80.22,MEDIUM,25.88,3.95,35281.17,STORE
2025-01-28 12:00:00,FPO_Surat,Apple,18.26,60.34,474,106.7,9,1000,693.4,69.34,LOW,104.29,4.44,49433.74,SELL NOW
2025-01-28 13:00:00,FPO_Jaipur,Onion,23.8,67.21,1593,28.68,4,2000,1256.86,62.84,LOW,24.8,3.4,39507.12,SELL NOW
2025-01-28 14:00:00,FPO_Lucknow,Tomato,28.24,66.21,1073,24.59,6,1500,1018.49,67.9,LOW,29.42,4.71,31562.54,STORE
2025-01-28 15:00:00,FPO_Indore,Mango,26.42,66.69,421,61.67,9,2500,737.68,29.51,LOW,73.12,4.09,30784.46,STORE
2025-01-28 16:00:00,FPO_Ahmedabad,Onion,17.87,56.86,1260,39.48,14,1500,1455.16,97.01,LOW,37.81,1.75,47635.34,SELL NOW
2025-01-28 17:00:00,FPO_Lucknow,Onion,20.1,44.53,1074,29.47,14,2000,1122.94,56.15,LOW,34.78,4.18,37352.4,STORE
2025-01-28 18:00:00,FPO_Indore,Cabbage,26.3,61.71,1352,25.09,13,500,500.0,100.0,MEDIUM,24.77,1.57,33491.91,SELL NOW
2025-01-28 19:00:00,FPO_Nagpur,Potato,20.3,86.75,1539,14.34,9,1500,1356.97,90.46,MEDIUM,22.63,4.4,34831.5,STORE
2025-01-28 20:00:00,FPO_Lucknow,Mango,36.23,55.87,1546,60.54,6,2500,1117.74,44.71,LOW,59.12,2.66,91396.28,SELL NOW
2025-01-28 21:00:00,FPO_Karnal,Apple,30.97,55.78,1656,103.33,5,1500,1154.95,77.0,LOW,107.7,3.59,178355.5,SELL NOW
2025-01-28 22:00:00,FPO_Ahmedabad,Onion,23.18,67.36,417,29.56,3,500,278.48,55.7,LOW,38.16,4.12,15914.8,STORE
2025-01-28 23:00:00,FPO_Indore,Apple,35.01,47.34,1471,99.93,5,1500,1138.26,75.88,LOW,96.21,3.73,141526.31,SELL NOW
2025-01-29 00:00:00,FPO_Indore,Onion,33.81,80.05,310,31.13,3,2500,447.01,17.88,LOW,37.14,3.85,11512.47,STORE
2025-01-29 01:00:00,FPO_Indore,Apple,29.73,48.77,1015,94.75,5,2000,667.39,33.37,LOW,95.97,4.62,97405.78,SELL NOW
2025-01-29 02:00:00,FPO_Nagpur,Mango,27.76,60.66,1955,48.61,13,2500,1737.71,69.51,MEDIUM,55.85,2.81,109183.39,STORE
2025-01-29 03:00:00,FPO_Lucknow,Potato,26.21,95.0,907,21.48,10,2000,943.39,47.17,MEDIUM,26.33,3.42,23879.86,STORE
2025-01-29 04:00:00,FPO_Nagpur,Mango,24.76,47.86,346,58.87,10,2500,512.48,20.5,LOW,59.78,2.11,20685.11,SELL NOW
2025-01-29 05:00:00,FPO_Surat,Cabbage,19.98,87.09,1567,27.85,1,1000,1000.0,100.0,LOW,30.38,3.14,47607.38,SELL NOW
2025-01-29 06:00:00,FPO_Nashik,Tomato,37.17,66.82,1732,39.99,6,1500,1176.18,78.41,MEDIUM,33.8,2.03,58538.75,SELL NOW
2025-01-29 07:00:00,FPO_Nashik,Potato,24.88,68.93,1728,28.48,7,1500,1395.01,93.0,LOW,35.83,3.72,61914.47,STORE
2025-01-29 08:00:00,FPO_Surat,Mango,28.17,52.86,751,49.72,2,500,309.84,61.97,LOW,62.21,2.63,46722.78,STORE
2025-01-29 09:00:00,FPO_Lucknow,Cabbage,22.54,76.98,333,37.6,3,1000,319.79,31.98,LOW,37.89,4.51,12616.19,SELL NOW
2025-01-29 10:00:00,FPO_Karnal,Tomato,26.44,59.51,663,31.32,10,500,500.0,100.0,MEDIUM,34.13,2.7,22628.74,SELL NOW
2025-01-29 11:00:00,FPO_Nagpur,Cabbage,45.0,47.78,1063,23.68,9,1500,635.19,42.35,MEDIUM,34.54,2.5,36714.63,STORE
2025-01-29 12:00:00,FPO_Ahmedabad,Onion,23.64,86.83,1414,37.38,8,500,500.0,100.0,MEDIUM,31.41,3.22,44413.57,SELL NOW
2025-01-29 13:00:00,FPO_Indore,Onion,36.69,59.21,1386,17.23,4,2000,953.82,47.69,LOW,22.75,2.11,31535.17,STORE
2025-01-29 14:00:00,FPO_Indore,Apple,27.83,37.11,655,97.28,11,1000,681.45,68.15,LOW,108.65,2.21,71163.05,STORE
2025-01-29 15:00:00,FPO_Lucknow,Potato,32.08,60.97,1284,22.99,12,2500,1104.48,44.18,LOW,22.84,4.24,29321.74,SELL NOW
2025-01-29 16:00:00,FPO_Karnal,Onion,35.47,77.12,1228,30.34,8,2000,1122.63,56.13,MEDIUM,30.63,3.24,37609.56,SELL NOW
2025-01-29 17:00:00,FPO_Nashik,Cabbage,29.63,74.73,1260,32.57,11,2500,1206.05,48.24,MEDIUM,42.21,2.22,53188.02,STORE
2025-01-29 18:00:00,FPO_Nashik,Potato,25.89,55.39,659,27.9,8,500,500.0,100.0,LOW,25.45,1.61,16769.13,SELL NOW
2025-01-29 19:00:00,FPO_Indore,Onion,26.88,50.34,1440,33.41,14,1500,1447.67,96.51,MEDIUM,40.72,3.13,58637.27,STORE
2025-01-29 20:00:00,FPO_Lucknow,Apple,27.09,44.51,1960,98.62,6,2000,1348.1,67.41,LOW,103.49,4.1,202845.71,SELL NOW
2025-01-29 21:00:00,FPO_Nagpur,Mango,39.19,64.66,1951,64.81,14,1000,1000.0,100.0,HIGH,73.48,2.73,143366.02,SELL NOW
2025-01-29 22:00:00,FPO_Nashik,Apple,19.1,67.26,338,97.01,1,2500,362.51,14.5,LOW,99.37,2.37,33587.8,SELL NOW
2025-01-29 23:00:00,FPO_Nagpur,Tomato,17.38,75.63,817,31.86,2,2000,558.24,27.91,LOW,42.54,2.89,34755.62,STORE
2025-01-30 00:00:00,FPO_Karnal,Onion,17.78,62.76,1322,26.36,4,1500,1221.17,81.41,LOW,27.43,4.86,36262.89,SELL NOW
2025-01-30 01:00:00,FPO_Nashik,Tomato,22.64,62.32,879,29.47,4,1000,868.83,86.88,LOW,25.1,2.98,22065.75,SELL NOW
2025-01-30 02:00:00,FPO_Nashik,Tomato,32.2,60.82,1160,20.72,2,1000,803.55,80.36,LOW,16.02,2.41,18578.97,SELL NOW
2025-01-30 03:00:00,FPO_Jaipur,Cabbage,32.57,67.29,1487,30.18,9,2500,1164.66,46.59,LOW,27.72,3.49,41218.42,SELL NOW
2025-01-30 04:00:00,FPO_Nashik,Potato,24.35,63.0,798,19.78,2,2000,476.06,23.8,LOW,26.16,4.34,20874.57,STORE
2025-01-30 05:00:00,FPO_Surat,Cabbage,27.83,79.09,795,18.15,13,2000,729.1,36.45,MEDIUM,17.4,1.58,13832.51,SELL NOW
2025-01-30 06:00:00,FPO_Ahmedabad,Onion,21.3,69.66,1447,25.18,13,1000,1000.0,100.0,MEDIUM,28.09,3.45,40642.23,STORE
2025-01-30 07:00:00,FPO_Surat,Tomato,21.86,66.62,210,26.47,6,500,274.55,54.91,LOW,29.92,4.43,6283.6,STORE
2025-01-30 08:00:00,FPO_Lucknow,Mango,31.48,64.37,526,55.44,5,1000,493.6,49.36,LOW,54.57,2.25,28701.37,SELL NOW
2025-01-30 09:00:00,FPO_Lucknow,Tomato,34.29,50.87,1921,31.6,4,1500,1286.88,85.79,LOW,35.38,4.73,67969.64,STORE
2025-01-30 10:00:00,FPO_Nagpur,Mango,25.14,64.99,1573,58.61,6,2000,1059.06,52.95,LOW,66.32,3.52,104315.25,STORE
2025-01-30 11:00:00,FPO_Surat,Cabbage,37.81,55.3,578,29.67,4,2500,318.68,12.75,LOW,32.85,3.31,18989.39,STORE
2025-01-30 12:00:00,FPO_Surat,Cabbage,33.79,70.2,430,23.59,9,2000,421.44,21.07,LOW,31.18,4.87,13406.45,STORE
2025-01-30 13:00:00,FPO_Surat,Potato,37.55,61.87,1364,25.59,11,1000,1000.0,100.0,HIGH,26.7,1.95,36418.18,SELL NOW
2025-01-30 14:00:00,FPO_Karnal,Tomato,26.19,89.96,817,28.04,10,1500,1025.11,68.34,MEDIUM,32.37,4.09,26448.53,STORE
2025-01-30 15:00:00,FPO_Nashik,Apple,37.12,46.07,964,98.7,7,500,500.0,100.0,MEDIUM,102.19,4.36,98510.05,SELL NOW
2025-01-30 16:00:00,FPO_Ahmedabad,Cabbage,41.08,30.0,248,19.8,3,2000,50.0,5.0,LOW,28.17,3.21,6985.11,STORE
2025-01-30 17:00:00,FPO_Nagpur,Cabbage,25.52,69.01,650,25.34,12,1000,864.14,86.41,MEDIUM,30.46,1.52,19800.63,STORE
2025-01-30 18:00:00,FPO_Surat,Potato,27.07,55.35,1998,25.68,10,1000,1000.0,100.0,LOW,25.47,3.34,50882.94,SELL NOW
2025-01-30 19:00:00,FPO_Surat,Mango,22.31,67.42,690,56.56,4,1000,464.08,46.41,LOW,62.0,2.04,42781.2,SELL NOW
2025-01-30 20:00:00,FPO_Jaipur,Potato,21.13,46.47,1428,21.94,1,1500,1144.79,76.32,LOW,20.16,3.47,28783.11,SELL NOW
2025-01-30 21:00:00,FPO_Nagpur,Tomato,21.2,93.63,1632,25.24,6,1000,1000.0,100.0,MEDIUM,30.26,4.09,49386.92,STORE
2025-01-30 22:00:00,FPO_Surat,Onion,23.13,59.2,606,39.68,2,1000,444.57,44.46,LOW,42.53,3.36,25772.04,SELL NOW
2025-01-30 23:00:00,FPO_Nagpur,Onion,29.65,54.38,1274,31.56,4,1000,1000.0,100.0,LOW,35.31,3.71,44984.56,STORE
2025-01-31 00:00:00,FPO_Nashik,Mango,23.38,93.36,374,60.45,13,2000,785.51,39.28,MEDIUM,63.25,1.86,23655.31,SELL NOW
2025-01-31 01:00:00,FPO_Jaipur,Cabbage,29.46,77.61,1960,22.57,5,1000,1000.0,100.0,MEDIUM,22.53,1.84,44152.43,SELL NOW
2025-01-31 02:00:00,FPO_Nagpur,Mango,29.59,85.84,1484,64.42,12,1500,1314.07,87.6,HIGH,63.76,4.48,94613.39,SELL NOW
2025-01-31 03:00:00,FPO_Ahmedabad,Cabbage,25.18,62.42,679,25.0,8,2000,649.46,32.47,LOW,33.4,1.67,22678.36,STORE
2025-01-31 04:00:00,FPO_Ahmedabad,Cabbage,27.62,65.7,1957,24.68,3,1000,1000.0,100.0,LOW,37.09,2.5,72578.01,STORE
2025-01-31 05:00:00,FPO_Lucknow,Onion,24.83,56.05,422,29.63,6,500,277.22,55.44,LOW,33.99,4.78,14342.75,STORE
2025-01-31 06:00:00,FPO_Jaipur,Mango,26.14,54.3,468,54.47,1,1500,84.98,5.67,LOW,57.63,3.11,26970.38,SELL NOW
2025-01-31 07:00:00,FPO_Jaipur,Potato,23.15,70.97,1009,29.48,9,500,500.0,100.0,MEDIUM,26.34,3.86,26576.61,SELL NOW
2025-01-31 08:00:00,FPO_Lucknow,Cabbage,28.5,59.47,1092,29.6,12,1500,942.08,62.81,LOW,23.8,2.28,25991.25,SELL NOW
2025-01-31 09:00:00,FPO_Nagpur,Apple,24.4,95.0,1100,100.04,1,500,500.0,100.0,MEDIUM,95.01,2.45,104505.82,SELL NOW
2025-01-31 10:00:00,FPO_Jaipur,Apple,21.0,77.64,1118,99.48,2,1000,839.51,83.95,LOW,105.14,3.28,117543.96,SELL NOW
2025-01-31 11:00:00,FPO_Ahmedabad,Potato,31.56,93.25,517,17.59,1,500,238.74,47.75,LOW,11.71,3.73,6056.6,SELL NOW
2025-01-31 12:00:00,FPO_Ahmedabad,Apple,31.76,31.57,584,92.62,8,500,500.0,100.0,LOW,98.91,4.86,57764.47,SELL NOW
2025-01-31 13:00:00,FPO_Surat,Tomato,34.67,93.43,1809,23.6,13,1500,1500.0,100.0,HIGH,21.11,3.51,38185.58,SELL NOW
2025-01-31 14:00:00,FPO_Nashik,Cabbage,21.85,30.0,825,30.72,4,1000,642.93,64.29,LOW,34.52,1.84,28475.87,STORE
2025-01-31 15:00:00,FPO_Jaipur,Potato,25.11,46.09,1442,20.07,2,1500,1109.06,73.94,LOW,21.03,2.78,30322.69,SELL NOW
2025-01-31 16:00:00,FPO_Nagpur,Mango,29.38,38.71,1277,65.41,7,1000,952.73,95.27,LOW,63.11,2.35,80589.87,SELL NOW
2025-01-31 17:00:00,FPO_Lucknow,Cabbage,24.99,68.65,1423,24.85,8,2500,1212.38,48.5,LOW,20.93,2.39,29780.12,SELL NOW
2025-01-31 18:00:00,FPO_Lucknow,Potato,31.43,64.73,842,17.66,9,2000,948.89,47.44,LOW,12.04,3.27,10139.48,SELL NOW
2025-01-31 19:00:00,FPO_Nagpur,Onion,30.99,76.92,1562,26.33,5,2000,1143.78,57.19,LOW,23.92,2.61,37362.63,SELL NOW
2025-01-31 20:00:00,FPO_Karnal,Mango,30.88,63.67,903,61.23,14,1500,1128.28,75.22,MEDIUM,75.35,2.51,68043.44,STORE
2025-01-31 21:00:00,FPO_Indore,Onion,36.76,83.38,1914,21.9,3,1000,1000.0,100.0,HIGH,31.42,4.89,60143.28,SELL NOW
2025-01-31 22:00:00,FPO_Nashik,Cabbage,31.86,51.01,504,21.16,1,500,277.74,55.55,LOW,25.07,3.54,12637.37,STORE
2025-01-31 23:00:00,FPO_Lucknow,Mango,28.92,83.72,1975,57.73,8,2000,1599.16,79.96,MEDIUM,58.9,2.42,116327.4,SELL NOW
2025-02-01 00:00:00,FPO_Jaipur,Apple,26.84,64.54,1468,104.1,13,1500,1351.13,90.08,MEDIUM,104.17,2.47,152920.99,SELL NOW
2025-02-01 01:00:00,FPO_Nashik,Potato,27.26,95.0,1041,23.41,14,1500,1180.12,78.67,HIGH,26.96,4.34,28068.86,SELL NOW
2025-02-01 02:00:00,FPO_Jaipur,Cabbage,21.61,78.08,1852,25.94,6,1500,1409.86,93.99,LOW,26.08,4.6,48305.55,SELL NOW
2025-02-01 03:00:00,FPO_Karnal,Tomato,17.41,60.45,1431,30.32,5,1000,1000.0,100.0,LOW,30.43,3.88,43544.09,SELL NOW
2025-02-01 04:00:00,FPO_Ahmedabad,Mango,30.78,64.49,1947,65.17,13,1500,1500.0,100.0,HIGH,70.6,3.01,137466.07,SELL NOW
2025-02-01 05:00:00,FPO_Nashik,Mango,35.34,49.86,710,60.25,7,2500,546.82,21.87,LOW,58.21,4.18,41326.14,SELL NOW
2025-02-01 06:00:00,FPO_Surat,Cabbage,26.02,70.39,1482,19.83,5,500,500.0,100.0,LOW,10.43,4.78,15451.62,SELL NOW
2025-02-01 07:00:00,FPO_Lucknow,Cabbage,37.52,60.44,1603,25.94,11,1500,1298.85,86.59,HIGH,26.01,2.08,41701.63,SELL NOW
2025-02-01 08:00:00,FPO_Nashik,Onion,26.94,75.86,362,25.8,4,1000,495.1,49.51,LOW,36.06,4.52,13052.96,STORE
2025-02-01 09:00:00,FPO_Nashik,Apple,16.28,44.93,937,89.65,5,500,500.0,100.0,LOW,84.51,4.47,79188.86,SELL NOW
2025-02-01 10:00:00,FPO_Nashik,Onion,33.51,60.05,540,30.94,12,500,500.0,100.0,HIGH,27.75,2.78,14986.49,SELL NOW
2025-02-01 11:00:00,FPO_Indore,Onion,25.12,47.61,1131,32.58,14,2000,1146.74,57.34,LOW,32.4,2.52,36645.38,SELL NOW
2025-02-01 12:00:00,FPO_Nashik,Apple,34.05,48.54,1799,101.73,11,1500,1376.45,91.76,MEDIUM,96.74,3.48,174044.07,SELL NOW
2025-02-01 13:00:00,FPO_Jaipur,Tomato,20.33,74.09,1981,30.53,7,1500,1455.5,97.03,LOW,41.04,2.45,81309.15,STORE
2025-02-01 14:00:00,FPO_Ahmedabad,Onion,30.47,81.87,729,35.57,14,1000,1000.0,100.0,HIGH,39.06,2.01,28476.55,SELL NOW
2025-02-01 15:00:00,FPO_Karnal,Onion,23.2,30.01,233,25.15,11,2500,325.46,13.02,LOW,19.26,4.84,4488.07,SELL NOW
2025-02-01 16:00:00,FPO_Nagpur,Mango,29.21,92.93,1197,58.06,6,2500,943.06,37.72,MEDIUM,60.42,3.22,72322.67,SELL NOW
2025-02-01 17:00:00,FPO_Nashik,Apple,32.6,86.06,522,93.56,10,2000,709.26,35.46,MEDIUM,96.37,3.15,50304.37,SELL NOW
2025-02-01 18:00:00,FPO_Lucknow,Potato,31.21,44.8,1404,24.25,10,2500,1116.46,44.66,LOW,26.04,1.94,36560.42,SELL NOW
2025-02-01 19:00:00,FPO_Nashik,Tomato,28.42,77.4,546,34.14,13,1000,959.51,95.95,HIGH,36.32,3.26,19828.76,SELL NOW
2025-02-01 20:00:00,FPO_Lucknow,Tomato,19.73,58.1,1929,25.28,12,2000,1613.55,80.68,LOW,27.63,4.1,53300.83,SELL NOW
2025-02-01 21:00:00,FPO_Jaipur,Apple,32.38,63.53,1415,103.61,14,1500,1344.19,89.61,HIGH,108.16,2.37,153047.37,SELL NOW
2025-02-01 22:00:00,FPO_Lucknow,Cabbage,34.19,74.03,1802,21.15,11,2500,1319.61,52.78,MEDIUM,26.02,2.79,46888.48,STORE
2025-02-01 23:00:00,FPO_Surat,Cabbage,21.74,72.2,920,28.23,9,1000,1000.0,100.0,MEDIUM,23.74,2.13,21843.0,SELL NOW
2025-02-02 00:00:00,FPO_Nagpur,Mango,22.62,56.41,1902,48.83,10,1000,1000.0,100.0,LOW,52.13,2.74,99154.34,SELL NOW
2025-02-02 01:00:00,FPO_Ahmedabad,Mango,34.44,56.34,1469,67.61,2,1500,1167.12,77.81,LOW,71.52,4.51,105063.34,SELL NOW
2025-02-02 02:00:00,FPO_Lucknow,Apple,26.75,57.23,444,94.55,14,1000,724.55,72.45,MEDIUM,94.5,2.33,41956.79,SELL NOW
2025-02-02 03:00:00,FPO_Lucknow,Mango,22.78,82.14,877,60.84,7,2000,850.5,42.53,LOW,72.37,1.6,63472.56,STORE
2025-02-02 04:00:00,FPO_Ahmedabad,Tomato,29.64,37.07,1114,35.02,1,2000,630.07,31.5,LOW,37.61,3.38,41895.59,SELL NOW
2025-02-02 05:00:00,FPO_Nagpur,Tomato,24.17,62.57,922,22.16,8,500,500.0,100.0,LOW,27.68,3.53,25520.7,STORE
2025-02-02 06:00:00,FPO_Nashik,Potato,28.97,88.59,1203,30.8,4,1500,1021.77,68.12,MEDIUM,31.55,2.65,37957.86,SELL NOW
2025-02-02 07:00:00,FPO_Lucknow,Cabbage,25.52,75.56,332,35.52,8,1000,477.45,47.74,LOW,36.99,3.75,12282.24,SELL NOW
2025-02-02 08:00:00,FPO_Ahmedabad,Apple,26.03,80.76,1420,103.44,8,2500,1205.75,48.23,LOW,108.16,1.63,153583.92,SELL NOW
2025-02-02 09:00:00,FPO_Surat,Onion,34.66,62.78,1109,30.08,4,2000,900.4,45.02,LOW,26.16,2.69,29012.91,SELL NOW
2025-02-02 10:00:00,FPO_Surat,Cabbage,15.0,47.55,1570,24.08,4,1500,1011.16,67.41,LOW,30.8,2.01,48357.54,STORE
2025-02-02 11:00:00,FPO_Jaipur,Onion,31.33,65.84,248,32.87,5,1500,263.5,17.57,LOW,29.72,2.3,7369.41,SELL NOW
2025-02-02 12:00:00,FPO_Ahmedabad,Potato,33.67,54.67,1287,25.73,13,2000,1175.23,58.76,MEDIUM,33.14,2.84,42647.74,STORE
2025-02-02 13:00:00,FPO_Jaipur,Potato,24.27,95.0,1847,11.93,7,500,500.0,100.0,HIGH,13.59,3.23,25105.82,SELL NOW
2025-02-02 14:00:00,FPO_Surat,Mango,33.63,62.63,1920,58.58,6,1500,1321.25,88.08,MEDIUM,71.88,1.83,138008.5,STORE
2025-02-02 15:00:00,FPO_Nagpur,Potato,22.25,74.56,1327,19.08,1,1000,911.37,91.14,LOW,26.99,1.85,35816.94,STORE
2025-02-02 16:00:00,FPO_Nashik,Potato,24.04,90.54,412,18.35,6,2500,742.01,29.68,LOW,26.29,3.86,10832.47,STORE
2025-02-02 17:00:00,FPO_Ahmedabad,Onion,23.35,48.55,1740,26.45,3,2500,1244.8,49.79,LOW,30.18,2.91,52506.3,STORE
2025-02-02 18:00:00,FPO_Karnal,Mango,33.71,30.8,318,53.53,9,2000,266.54,13.33,LOW,61.58,2.12,19581.58,STORE
2025-02-02 19:00:00,FPO_Surat,Potato,17.53,72.35,1055,29.75,3,1500,932.78,62.19,LOW,36.55,2.32,38559.95,STORE
2025-02-02 20:00:00,FPO_Surat,Cabbage,37.84,75.17,960,22.06,9,2500,866.36,34.65,MEDIUM,15.38,4.02,14764.33,SELL NOW
2025-02-02 21:00:00,FPO_Karnal,Potato,26.17,58.79,878,21.28,5,1500,786.9,52.46,LOW,19.92,1.68,17491.03,SELL NOW
2025-02-02 22:00:00,FPO_Indore,Mango,31.69,47.66,1094,58.44,12,2000,1000.15,50.01,LOW,56.79,3.28,62123.87,SELL NOW
2025-02-02 23:00:00,FPO_Surat,Apple,31.17,69.65,1465,97.26,10,500,500.0,100.0,MEDIUM,96.37,2.76,141178.27,SELL NOW
2025-02-03 00:00:00,FPO_Lucknow,Mango,28.91,64.64,479,62.08,8,2500,387.17,15.49,LOW,63.8,4.34,30560.45,SELL NOW
2025-02-03 01:00:00,FPO_Nagpur,Onion,24.4,69.83,623,28.44,9,1000,849.52,84.95,LOW,34.02,4.27,21195.46,STORE
2025-02-03 02:00:00,FPO_Ahmedabad,Apple,35.45,48.01,562,103.03,9,2000,609.09,30.45,LOW,111.9,3.91,62888.37,SELL NOW
2025-02-03 03:00:00,FPO_Karnal,Cabbage,24.91,69.87,1220,32.85,7,500,500.0,100.0,LOW,38.88,2.85,47433.65,STORE
2025-02-03 04:00:00,FPO_Lucknow,Tomato,23.61,77.29,1973,22.5,10,1000,1000.0,100.0,MEDIUM,31.7,3.71,62551.03,STORE
2025-02-03 05:00:00,FPO_Karnal,Mango,33.27,42.41,1529,61.61,1,1000,1000.0,100.0,LOW,59.33,3.74,90719.35,SELL NOW
2025-02-03 06:00:00,FPO_Ahmedabad,Onion,28.87,86.91,1940,31.47,8,2500,1402.41,56.1,MEDIUM,31.95,2.66,61978.39,SELL NOW
2025-02-03 07:00:00,FPO_Jaipur,Cabbage,36.15,68.82,1709,19.12,7,1500,1281.46,85.43,MEDIUM,20.82,4.58,35583.5,SELL NOW
2025-02-03 08:00:00,FPO_Ahmedabad,Apple,27.62,77.76,513,103.23,4,2000,304.67,15.23,LOW,102.89,4.95,52784.57,SELL NOW
2025-02-03 09:00:00,FPO_Indore,Cabbage,24.09,45.82,1736,23.69,6,1000,1000.0,100.0,LOW,21.08,2.6,36587.18,SELL NOW
2025-02-03 10:00:00,FPO_Ahmedabad,Mango,29.65,75.24,1906,67.9,10,2500,1610.42,64.42,MEDIUM,72.85,4.3,138846.93,SELL NOW
2025-02-03 11:00:00,FPO_Ahmedabad,Potato,25.31,40.33,1390,27.0,2,500,500.0,100.0,LOW,26.48,3.25,36805.76,SELL NOW
2025-02-03 12:00:00,FPO_Indore,Mango,24.27,50.78,1617,60.0,4,1000,1000.0,100.0,LOW,67.03,3.12,108390.0,STORE
2025-02-03 13:00:00,FPO_Nagpur,Tomato,32.99,68.95,969,26.92,8,500,500.0,100.0,MEDIUM,23.81,2.85,23067.9,SELL NOW
2025-02-03 14:00:00,FPO_Surat,Mango,38.99,60.86,1286,68.66,4,2000,769.54,38.48,LOW,75.98,2.52,97711.76,STORE
2025-02-03 15:00:00,FPO_Ahmedabad,Apple,26.52,65.41,471,97.1,10,2500,643.42,25.74,LOW,101.18,4.72,47654.75,SELL NOW
2025-02-03 16:00:00,FPO_Indore,Apple,22.15,93.91,1260,101.32,4,500,500.0,100.0,MEDIUM,105.4,4.09,132801.39,SELL NOW
2025-02-03 17:00:00,FPO_Lucknow,Mango,27.08,65.18,1239,59.67,14,1500,1186.6,79.11,MEDIUM,63.89,3.04,79164.36,SELL NOW
2025-02-03 18:00:00,FPO_Jaipur,Apple,31.09,75.65,1989,105.97,4,500,500.0,100.0,MEDIUM,108.57,4.13,215941.91,SELL NOW
2025-02-03 19:00:00,FPO_Jaipur,Potato,29.54,64.0,542,28.36,14,500,500.0,100.0,HIGH,31.04,4.02,16823.51,SELL NOW
2025-02-03 20:00:00,FPO_Ahmedabad,Cabbage,35.17,63.55,545,27.71,12,2500,699.3,27.97,MEDIUM,29.36,2.44,16001.85,SELL NOW
2025-02-03 21:00:00,FPO_Nagpur,Mango,31.99,50.33,1762,57.36,10,2500,1451.38,58.06,LOW,61.86,2.12,108990.34,SELL NOW
2025-02-03 22:00:00,FPO_Nagpur,Potato,21.38,70.52,1846,21.22,9,1000,1000.0,100.0,LOW,26.98,4.43,49797.7,STORE
2025-02-03 23:00:00,FPO_Lucknow,Cabbage,25.04,95.0,432,18.85,11,500,500.0,100.0,HIGH,19.59,4.34,8461.3,SELL NOW
2025-02-04 00:00:00,FPO_Ahmedabad,Cabbage,19.71,66.32,1189,26.24,2,500,500.0,100.0,LOW,36.19,4.99,43024.71,STORE
2025-02-04 01:00:00,FPO_Jaipur,Potato,34.87,60.99,775,17.97,7,2500,706.37,28.25,LOW,19.14,1.57,14830.59,SELL NOW
2025-02-04 02:00:00,FPO_Nagpur,Onion,16.05,82.1,1832,41.19,3,1500,1497.24,99.82,LOW,40.68,3.39,74530.68,SELL NOW
2025-02-04 03:00:00,FPO_Ahmedabad,Mango,20.3,80.34,615,57.26,12,2500,991.75,39.67,LOW,59.5,3.95,36595.45,SELL NOW
2025-02-04 04:00:00,FPO_Karnal,Cabbage,24.93,71.59,1104,30.13,4,1500,987.34,65.82,LOW,29.3,3.54,32347.22,SELL NOW
2025-02-04 05:00:00,FPO_Nagpur,Cabbage,31.38,60.37,466,32.64,1,2500,367.45,14.7,LOW,37.97,3.99,17695.81,STORE
2025-02-04 06:00:00,FPO_Indore,Apple,24.87,82.17,1196,104.14,12,2000,1296.94,64.85,MEDIUM,106.44,1.98,127299.39,SELL NOW
2025-02-04 07:00:00,FPO_Karnal,Cabbage,25.81,66.81,1549,22.47,3,500,500.0,100.0,LOW,29.14,1.51,45130.14,STORE
2025-02-04 08:00:00,FPO_Surat,Potato,25.93,78.71,943,19.11,2,1500,752.73,50.18,LOW,21.81,1.83,20562.57,STORE
2025-02-04 09:00:00,FPO_Nagpur,Cabbage,29.04,52.71,1110,39.72,10,2000,838.4,41.92,LOW,42.25,2.83,46900.25,SELL NOW
2025-02-04 10:00:00,FPO_Jaipur,Onion,20.68,56.2,642,39.87,7,1500,493.63,32.91,LOW,40.83,2.65,26212.47,SELL NOW
2025-02-04 11:00:00,FPO_Nashik,Mango,22.32,66.45,759,61.52,6,1000,618.85,61.88,LOW,68.65,4.56,52106.48,STORE
2025-02-04 12:00:00,FPO_Karnal,Mango,38.09,46.47,1945,58.31,1,1000,1000.0,100.0,LOW,60.09,1.79,116878.43,SELL NOW
2025-02-04 13:00:00,FPO_Surat,Cabbage,30.41,59.45,275,20.65,11,500,455.02,91.0,MEDIUM,24.97,3.05,6867.45,STORE
2025-02-04 14:00:00,FPO_Lucknow,Tomato,32.56,45.81,446,24.9,12,2000,600.42,30.02,LOW,33.13,4.85,14776.67,STORE
2025-02-04 15:00:00,FPO_Lucknow,Tomato,28.35,41.83,779,31.55,13,2000,1016.38,50.82,LOW,34.11,3.26,26573.3,SELL NOW
2025-02-04 16:00:00,FPO_Jaipur,Potato,27.16,95.0,512,33.56,8,1000,788.9,78.89,HIGH,36.07,1.96,18465.5,SELL NOW
2025-02-04 17:00:00,FPO_Nagpur,Tomato,30.74,55.87,775,27.41,9,500,500.0,100.0,MEDIUM,29.25,2.52,22672.12,SELL NOW
2025-02-04 18:00:00,FPO_Ahmedabad,Potato,32.37,57.18,1917,27.99,1,1000,1000.0,100.0,LOW,31.94,3.69,61234.01,STORE
2025-02-04 19:00:00,FPO_Nagpur,Apple,33.08,66.2,1815,104.49,5,2000,1294.36,64.72,LOW,111.53,1.54,202421.83,SELL NOW
2025-02-04 20:00:00,FPO_Jaipur,Potato,27.24,49.07,542,20.54,7,1500,461.01,30.73,LOW,27.42,4.89,14863.85,STORE
2025-02-04 21:00:00,FPO_Lucknow,Tomato,33.73,57.47,914,33.0,2,2000,533.92,26.7,LOW,38.45,3.48,35144.85,STORE
2025-02-04 22:00:00,FPO_Nagpur,Cabbage,15.0,92.52,1405,30.15,6,500,500.0,100.0,LOW,39.2,3.96,55076.31,STORE
2025-02-04 23:00:00,FPO_Lucknow,Apple,33.35,70.37,1183,104.58,8,2000,862.07,43.1,LOW,108.0,3.25,127760.88,SELL NOW
2025-02-05 00:00:00,FPO_Karnal,Tomato,25.44,79.79,925,25.94,8,2500,941.57,37.66,LOW,35.96,4.85,33263.13,STORE
2025-02-05 01:00:00,FPO_Surat,Potato,31.32,88.6,831,25.59,10,2000,1123.06,56.15,HIGH,33.84,3.56,28116.91,SELL NOW
2025-02-05 02:00:00,FPO_Ahmedabad,Onion,24.1,68.16,598,35.95,10,2500,851.94,34.08,LOW,35.68,3.82,21334.69,SELL NOW
2025-02-05 03:00:00,FPO_Karnal,Mango,20.04,61.68,1464,64.78,13,1000,1000.0,100.0,MEDIUM,71.72,4.51,104992.01,STORE
2025-02-05 04:00:00,FPO_Lucknow,Tomato,30.04,43.49,913,33.39,8,2500,792.75,31.71,LOW,27.11,4.52,24748.16,SELL NOW
2025-02-05 05:00:00,FPO_Lucknow,Potato,18.99,59.26,1123,20.98,12,2000,1204.92,60.25,LOW,30.0,1.6,33685.39,STORE
2025-02-05 06:00:00,FPO_Nashik,Apple,25.6,62.56,491,105.36,12,2000,622.53,31.13,LOW,108.01,2.49,53031.07,SELL NOW
2025-02-05 07:00:00,FPO_Nashik,Tomato,23.13,52.89,253,34.45,6,2000,227.03,11.35,LOW,33.57,2.36,8492.01,SELL NOW
2025-02-05 08:00:00,FPO_Karnal,Tomato,26.95,88.18,1368,25.72,6,500,500.0,100.0,MEDIUM,19.98,1.52,27329.74,SELL NOW
2025-02-05 09:00:00,FPO_Indore,Mango,32.78,81.53,1579,53.08,11,1000,1000.0,100.0,HIGH,55.4,4.57,87482.53,SELL NOW
2025-02-05 10:00:00,FPO_Karnal,Potato,25.06,79.78,1821,30.18,3,2500,1279.78,51.19,LOW,39.25,2.61,71483.05,STORE
2025-02-05 11:00:00,FPO_Nashik,Onion,29.89,63.26,1182,27.69,2,1500,849.23,56.62,LOW,31.9,2.71,37707.01,STORE
2025-02-05 12:00:00,FPO_Lucknow,Apple,32.44,49.5,676,96.29,5,2500,715.16,28.61,LOW,97.31,1.85,65779.22,SELL NOW
2025-02-05 13:00:00,FPO_Jaipur,Potato,24.36,84.92,221,23.06,14,2000,719.36,35.97,MEDIUM,25.11,4.96,5549.66,SELL NOW
2025-02-05 14:00:00,FPO_Karnal,Apple,24.44,70.03,1554,98.65,9,1500,1368.78,91.25,MEDIUM,108.3,4.39,168297.94,SELL NOW
2025-02-05 15:00:00,FPO_Lucknow,Tomato,36.22,76.6,1515,18.37,4,1500,1062.65,70.84,MEDIUM,24.86,3.5,37667.51,STORE
2025-02-05 16:00:00,FPO_Jaipur,Mango,27.52,74.29,1459,64.46,5,2500,1086.8,43.47,LOW,67.25,4.2,98119.18,SELL NOW
2025-02-05 17:00:00,FPO_Jaipur,Mango,31.05,69.66,1252,64.33,6,2500,1066.25,42.65,LOW,72.01,4.22,90152.1,STORE
2025-02-05 18:00:00,FPO_Nashik,Cabbage,31.01,94.99,894,19.84,11,2500,983.75,39.35,HIGH,26.81,3.8,23968.45,SELL NOW
2025-02-05 19:00:00,FPO_Karnal,Onion,20.81,55.14,359,29.87,6,2500,492.26,19.69,LOW,28.43,2.11,10205.48,SELL NOW
2025-02-05 20:00:00,FPO_Nagpur,Mango,23.43,60.37,1109,54.91,4,1000,1000.0,100.0,LOW,56.18,4.02,62307.0,SELL NOW
2025-02-05 21:00:00,FPO_Ahmedabad,Tomato,30.25,89.62,729,23.71,14,500,500.0,100.0,HIGH,33.8,3.49,24642.47,SELL NOW
2025-02-05 22:00:00,FPO_Nashik,Onion,15.6,66.23,1773,26.99,4,500,500.0,100.0,LOW,33.37,4.03,59167.46,STORE
2025-02-05 23:00:00,FPO_Nashik,Potato,26.73,63.11,300,24.64,8,2500,317.26,12.69,LOW,36.51,3.4,10951.59,STORE
2025-02-06 00:00:00,FPO_Nagpur,Mango,22.81,61.2,1513,70.06,5,500,500.0,100.0,LOW,76.05,4.85,115065.95,SELL NOW
2025-02-06 01:00:00,FPO_Ahmedabad,Onion,34.66,75.19,1600,27.93,14,2500,1467.05,58.68,HIGH,27.38,3.69,43814.35,SELL NOW
2025-02-06 02:00:00,FPO_Lucknow,Tomato,30.08,61.56,1396,32.19,14,2500,1367.55,54.7,MEDIUM,35.09,3.51,48986.04,SELL NOW
2025-02-06 03:00:00,FPO_Indore,Cabbage,35.15,59.88,542,28.99,11,2500,556.56,22.26,LOW,35.92,4.45,19471.34,STORE
2025-02-06 04:00:00,FPO_Karnal,Apple,27.77,74.94,778,89.35,5,1000,745.01,74.5,LOW,92.31,2.83,71814.85,SELL NOW
2025-02-06 05:00:00,FPO_Indore,Apple,27.32,66.4,1414,93.07,9,2000,1403.55,70.18,LOW,96.38,2.61,136278.43,SELL NOW
2025-02-06 06:00:00,FPO_Lucknow,Tomato,26.17,49.86,1662,38.23,4,500,500.0,100.0,LOW,51.41,3.26,85437.73,STORE
2025-02-06 07:00:00,FPO_Surat,Tomato,24.98,65.48,1778,25.47,7,500,500.0,100.0,LOW,27.28,3.55,48509.7,SELL NOW
2025-02-06 08:00:00,FPO_Nashik,Apple,44.11,85.92,1858,102.27,5,1000,1000.0,100.0,HIGH,106.88,2.27,198573.84,SELL NOW
2025-02-06 09:00:00,FPO_Ahmedabad,Cabbage,32.84,76.48,989,26.68,13,1000,1000.0,100.0,HIGH,30.99,3.89,30645.29,SELL NOW
2025-02-06 10:00:00,FPO_Nashik,Onion,21.6,87.77,1566,19.36,9,2500,1355.46,54.22,LOW,26.93,4.31,42165.1,STORE
2025-02-06 11:00:00,FPO_Jaipur,Apple,43.84,54.03,1931,96.59,13,2500,1562.92,62.52,HIGH,100.89,3.52,194824.86,SELL NOW
2025-02-06 12:00:00,FPO_Nashik,Tomato,25.57,81.05,1044,31.63,12,2000,1264.71,63.24,MEDIUM,35.28,3.33,36833.0,STORE
2025-02-06 13:00:00,FPO_Nashik,Mango,29.93,55.27,324,55.31,8,500,500.0,100.0,LOW,68.39,2.53,22157.87,STORE
2025-02-06 14:00:00,FPO_Lucknow,Potato,33.64,46.51,1831,20.11,8,1000,1000.0,100.0,LOW,22.6,4.68,41376.43,STORE
2025-02-06 15:00:00,FPO_Lucknow,Cabbage,18.77,52.95,1089,18.98,10,2000,999.52,49.98,LOW,25.65,4.14,27928.02,STORE
2025-02-06 16:00:00,FPO_Lucknow,Cabbage,23.04,66.97,868,20.8,10,500,500.0,100.0,MEDIUM,17.36,3.18,15070.3,SELL NOW
2025-02-06 17:00:00,FPO_Indore,Mango,37.89,80.42,1775,57.37,3,2000,1164.82,58.24,MEDIUM,60.38,3.81,107169.89,SELL NOW
2025-02-06 18:00:00,FPO_Jaipur,Mango,26.65,69.66,1583,50.7,9,2000,1311.84,65.59,LOW,53.22,2.68,84251.65,SELL NOW
2025-02-06 19:00:00,FPO_Surat,Tomato,33.99,62.7,702,33.86,8,2500,693.66,27.75,LOW,36.5,1.71,25621.15,SELL NOW
2025-02-06 20:00:00,FPO_Surat,Apple,25.28,49.52,372,93.06,3,2000,239.03,11.95,LOW,87.45,2.21,32532.79,SELL NOW
2025-02-06 21:00:00,FPO_Lucknow,Onion,27.43,75.58,1086,29.14,10,2500,1219.12,48.76,LOW,30.37,1.78,32976.82,SELL NOW
2025-02-06 22:00:00,FPO_Ahmedabad,Cabbage,38.71,79.45,1617,21.28,1,500,500.0,100.0,MEDIUM,19.93,3.28,32231.83,SELL NOW
2025-02-06 23:00:00,FPO_Indore,Cabbage,30.63,69.47,1684,30.38,5,500,500.0,100.0,MEDIUM,38.82,3.68,65367.04,STORE
2025-02-07 00:00:00,FPO_Nagpur,Mango,25.93,49.22,1908,53.84,13,2500,1518.41,60.74,LOW,52.51,2.83,100194.51,SELL NOW
2025-02-07 01:00:00,FPO_Ahmedabad,Apple,23.9,77.13,319,96.09,4,1500,513.27,34.22,LOW,102.23,3.36,32611.48,SELL NOW
2025-02-07 02:00:00,FPO_Karnal,Cabbage,24.45,83.41,472,18.31,8,2000,512.09,25.6,LOW,24.69,1.8,11654.31,STORE
2025-02-07 03:00:00,FPO_Karnal,Onion,35.45,88.0,1581,17.96,6,500,500.0,100.0,HIGH,17.98,4.19,28428.15,SELL NOW
2025-02-07 04:00:00,FPO_Ahmedabad,Mango,32.59,58.43,1609,62.55,10,2000,1379.87,68.99,MEDIUM,61.29,1.61,98621.16,SELL NOW
2025-02-07 05:00:00,FPO_Lucknow,Onion,21.11,71.54,1112,30.16,5,1500,651.93,43.46,LOW,31.75,3.72,35305.64,SELL NOW
2025-02-07 06:00:00,FPO_Nagpur,Apple,28.52,56.98,1075,101.1,9,2000,825.64,41.28,LOW,102.1,3.02,109762.8,SELL NOW
2025-02-07 07:00:00,FPO_Nagpur,Cabbage,27.6,51.16,1057,29.05,6,1500,791.97,52.8,LOW,27.14,2.14,28682.59,SELL NOW
2025-02-07 08:00:00,FPO_Indore,Potato,29.9,88.75,1542,22.54,14,1000,1000.0,100.0,HIGH,24.06,3.33,37102.78,SELL NOW
2025-02-07 09:00:00,FPO_Nagpur,Cabbage,24.38,73.47,460,22.78,13,1500,741.62,49.44,MEDIUM,27.34,4.23,12576.31,STORE
2025-02-07 10:00:00,FPO_Karnal,Apple,34.59,84.39,1504,101.3,11,500,500.0,100.0,HIGH,98.34,2.95,147908.86,SELL NOW
2025-02-07 11:00:00,FPO_Jaipur,Cabbage,27.99,46.63,1552,22.47,11,2500,1234.76,49.39,LOW,24.49,2.79,38010.65,SELL NOW
2025-02-07 12:00:00,FPO_Lucknow,Cabbage,30.24,69.33,1347,30.56,11,2500,1150.06,46.0,MEDIUM,30.94,2.0,41671.42,SELL NOW
2025-02-07 13:00:00,FPO_Nagpur,Tomato,23.29,72.62,1699,26.19,14,2000,1562.37,78.12,MEDIUM,29.66,3.58,50386.18,STORE
2025-02-07 14:00:00,FPO_Indore,Cabbage,23.59,52.52,477,24.4,11,1000,596.64,59.66,LOW,36.83,4.4,17566.41,STORE
2025-02-07 15:00:00,FPO_Karnal,Cabbage,43.95,87.32,292,28.18,3,2000,133.71,6.69,MEDIUM,23.61,3.46,6893.01,SELL NOW
2025-02-07 16:00:00,FPO_Jaipur,Onion,38.8,61.32,1158,41.68,6,1500,764.65,50.98,LOW,44.15,2.08,51125.74,SELL NOW
2025-02-07 17:00:00,FPO_Nashik,Potato,27.58,71.8,1770,16.89,12,2500,1527.14,61.09,MEDIUM,21.29,3.81,37677.3,STORE
2025-02-07 18:00:00,FPO_Nashik,Onion,37.2,56.75,1022,23.91,11,1500,1017.04,67.8,MEDIUM,24.36,1.61,24894.81,SELL NOW
2025-02-07 19:00:00,FPO_Jaipur,Onion,35.28,47.08,327,28.77,12,2500,379.48,15.18,LOW,33.61,4.43,10991.98,STORE
2025-02-07 20:00:00,FPO_Karnal,Mango,24.25,78.7,731,56.26,4,2500,592.55,23.7,LOW,51.96,4.73,37984.13,SELL NOW
2025-02-07 21:00:00,FPO_Indore,Tomato,23.65,70.69,972,31.5,5,2500,777.69,31.11,LOW,32.75,3.59,31832.35,SELL NOW
2025-02-07 22:00:00,FPO_Jaipur,Onion,32.01,68.56,366,30.99,6,500,397.47,79.49,MEDIUM,20.65,4.59,7556.68,SELL NOW
2025-02-07 23:00:00,FPO_Lucknow,Apple,29.56,60.83,1030,94.4,9,1500,854.22,56.95,LOW,96.19,1.8,99074.37,SELL NOW
2025-02-08 00:00:00,FPO_Lucknow,Apple,25.59,70.28,435,103.75,3,2000,601.42,30.07,LOW,100.59,2.3,43754.85,SELL NOW
2025-02-08 01:00:00,FPO_Nashik,Cabbage,32.33,83.99,1255,34.24,1,1000,902.43,90.24,MEDIUM,38.8,2.61,48699.15,STORE
2025-02-08 02:00:00,FPO_Nagpur,Mango,19.35,54.74,1454,56.0,2,2000,1122.01,56.1,LOW,66.08,4.21,96073.38,STORE
2025-02-08 03:00:00,FPO_Indore,Tomato,28.69,73.4,390,29.63,8,1500,548.05,36.54,LOW,34.01,3.19,13261.98,STORE
2025-02-08 04:00:00,FPO_Nashik,Tomato,20.57,68.04,856,17.03,4,1000,876.42,87.64,LOW,19.66,2.72,16824.92,STORE
2025-02-08 05:00:00,FPO_Nagpur,Cabbage,20.76,62.23,812,23.16,7,2000,679.07,33.95,LOW,23.56,2.05,19129.83,SELL NOW
2025-02-08 06:00:00,FPO_Nagpur,Apple,23.76,40.32,1814,101.55,2,1000,1000.0,100.0,LOW,103.15,4.34,187111.58,SELL NOW
2025-02-08 07:00:00,FPO_Surat,Potato,30.18,64.82,1731,21.29,12,1500,1416.52,94.43,MEDIUM,22.97,1.57,39758.32,SELL NOW
2025-02-08 08:00:00,FPO_Lucknow,Mango,23.95,75.09,1680,60.56,11,2500,1493.54,59.74,LOW,63.64,2.68,106921.26,SELL NOW
2025-02-08 09:00:00,FPO_Karnal,Cabbage,20.69,69.86,1895,21.11,10,1500,1500.0,100.0,MEDIUM,26.49,2.35,50207.31,STORE
2025-02-08 10:00:00,FPO_Ahmedabad,Mango,30.86,43.42,454,66.3,14,500,500.0,100.0,MEDIUM,65.46,1.95,29718.82,SELL NOW
2025-02-08 11:00:00,FPO_Karnal,Apple,36.96,83.71,1502,97.95,13,1000,1000.0,100.0,HIGH,106.68,2.1,160238.96,SELL NOW
2025-02-08 12:00:00,FPO_Ahmedabad,Apple,31.83,89.72,1923,93.85,8,1500,1500.0,100.0,HIGH,95.78,3.23,184182.34,SELL NOW
2025-02-08 13:00:00,FPO_Jaipur,Potato,38.81,63.36,1172,21.81,10,2500,1103.39,44.14,MEDIUM,24.88,2.99,29156.49,STORE
2025-02-08 14:00:00,FPO_Lucknow,Potato,36.46,95.0,1945,26.61,12,2500,1825.92,73.04,HIGH,36.04,3.31,70106.9,SELL NOW
2025-02-08 15:00:00,FPO_Nagpur,Tomato,25.08,52.56,1976,30.77,14,1500,1500.0,100.0,MEDIUM,23.13,4.05,45703.99,SELL NOW
2025-02-08 16:00:00,FPO_Indore,Mango,31.79,45.92,1279,57.41,12,2000,1121.4,56.07,LOW,47.68,4.62,60987.58,SELL NOW
2025-02-08 17:00:00,FPO_Ahmedabad,Mango,27.45,49.78,848,68.87,9,1500,785.23,52.35,LOW,73.81,1.91,62593.59,SELL NOW
2025-02-08 18:00:00,FPO_Karnal,Apple,34.37,68.68,305,99.63,7,2500,308.47,12.34,LOW,102.67,1.79,31313.94,SELL NOW
2025-02-08 19:00:00,FPO_Nagpur,Tomato,27.45,38.32,1804,19.44,10,1500,1393.46,92.9,LOW,29.87,2.62,53880.96,STORE
2025-02-08 20:00:00,FPO_Ahmedabad,Cabbage,23.27,60.34,1925,27.97,13,500,500.0,100.0,MEDIUM,25.35,3.41,48791.78,SELL NOW
2025-02-08 21:00:00,FPO_Ahmedabad,Mango,36.24,95.0,391,59.31,11,2000,627.79,31.39,HIGH,64.74,1.85,25313.89,SELL NOW
2025-02-08 22:00:00,FPO_Surat,Tomato,29.91,42.44,1202,27.63,1,1500,702.06,46.8,LOW,28.83,4.01,34654.87,SELL NOW
2025-02-08 23:00:00,FPO_Ahmedabad,Tomato,24.02,56.79,1501,32.44,2,2500,937.52,37.5,LOW,40.18,3.45,60317.31,STORE
2025-02-09 00:00:00,FPO_Indore,Apple,25.01,49.46,1767,98.69,9,1500,1500.0,100.0,LOW,90.77,4.12,160387.34,SELL NOW
2025-02-09 01:00:00,FPO_Lucknow,Tomato,23.98,60.73,374,26.55,10,1500,613.05,40.87,LOW,28.23,2.75,10556.56,SELL NOW
2025-02-09 02:00:00,FPO_Indore,Potato,21.99,59.78,1993,15.73,7,1000,1000.0,100.0,LOW,22.37,2.9,44589.6,STORE
2025-02-09 03:00:00,FPO_Nashik,Potato,25.13,54.96,834,19.35,11,1500,1010.95,67.4,LOW,18.38,4.33,15329.5,SELL NOW
2025-02-09 04:00:00,FPO_Nagpur,Onion,30.24,62.66,284,31.22,3,500,429.96,85.99,LOW,33.95,2.43,9642.36,SELL NOW
2025-02-09 05:00:00,FPO_Lucknow,Apple,28.38,74.5,1147,97.06,5,2500,826.27,33.05,LOW,100.31,2.83,115055.13,SELL NOW
2025-02-09 06:00:00,FPO_Surat,Cabbage,25.37,85.78,927,16.65,1,1000,637.4,63.74,LOW,21.33,1.55,19777.29,STORE
2025-02-09 07:00:00,FPO_Lucknow,Onion,36.97,60.73,1439,33.26,13,1500,1095.36,73.02,HIGH,30.81,3.44,44337.17,SELL NOW
2025-02-09 08:00:00,FPO_Lucknow,Potato,15.94,65.09,1237,25.46,10,2000,1060.06,53.0,LOW,26.04,4.48,32209.94,SELL NOW
2025-02-09 09:00:00,FPO_Karnal,Onion,29.84,71.95,1260,33.5,3,500,500.0,100.0,LOW,38.97,1.6,49106.49,STORE
2025-02-09 10:00:00,FPO_Lucknow,Apple,27.14,46.46,1250,95.37,11,500,500.0,100.0,LOW,102.09,3.65,127616.65,SELL NOW
2025-02-09 11:00:00,FPO_Surat,Apple,22.18,62.71,1887,99.9,4,500,500.0,100.0,LOW,103.76,4.46,195793.5,SELL NOW
2025-02-09 12:00:00,FPO_Indore,Tomato,30.19,57.42,1799,29.2,4,1000,1000.0,100.0,LOW,30.48,3.23,54837.44,SELL NOW
2025-02-09 13:00:00,FPO_Lucknow,Mango,26.68,79.28,269,62.97,7,1500,494.56,32.97,LOW,66.44,2.6,17873.01,SELL NOW
2025-02-09 14:00:00,FPO_Jaipur,Tomato,35.48,91.28,353,31.08,5,500,491.45,98.29,HIGH,38.3,4.99,13519.22,SELL NOW
2025-02-09 15:00:00,FPO_Nagpur,Apple,33.21,53.34,1661,92.94,9,1500,1303.22,86.88,MEDIUM,96.94,1.73,161023.67,SELL NOW
2025-02-09 16:00:00,FPO_Lucknow,Potato,39.44,84.2,964,30.61,7,2000,677.43,33.87,MEDIUM,27.71,2.24,26710.54,SELL NOW
2025-02-09 17:00:00,FPO_Nagpur,Cabbage,25.1,43.12,470,18.96,2,1500,333.74,22.25,LOW,16.34,4.6,7678.77,SELL NOW
2025-02-09 18:00:00,FPO_Jaipur,Potato,36.38,68.01,740,13.84,13,1500,687.58,45.84,MEDIUM,17.03,2.54,12600.21,STORE
2025-02-09 19:00:00,FPO_Jaipur,Tomato,21.0,68.9,1297,13.33,11,1500,1248.66,83.24,LOW,8.04,4.37,10423.41,SELL NOW
2025-02-09 20:00:00,FPO_Nagpur,Cabbage,27.34,42.74,770,28.49,11,2500,859.83,34.39,LOW,35.45,2.67,27299.97,STORE
2025-02-09 21:00:00,FPO_Ahmedabad,Apple,25.21,52.57,1978,107.24,8,1000,1000.0,100.0,LOW,105.6,4.34,208886.46,SELL NOW
2025-02-09 22:00:00,FPO_Nashik,Potato,31.61,51.11,348,18.84,11,1500,530.91,35.39,LOW,16.06,3.9,5587.75,SELL NOW
2025-02-09 23:00:00,FPO_Karnal,Apple,31.47,45.33,1729,91.16,2,500,500.0,100.0,LOW,102.6,3.14,177394.94,STORE
2025-02-10 00:00:00,FPO_Ahmedabad,Cabbage,22.6,30.0,209,29.37,7,2500,179.53,7.18,LOW,29.82,3.33,6231.62,SELL NOW
2025-02-10 01:00:00,FPO_Ahmedabad,Cabbage,31.95,61.89,843,18.51,5,1500,701.82,46.79,LOW,22.93,2.12,19327.97,STORE
2025-02-10 02:00:00,FPO_Indore,Potato,25.72,63.7,1725,25.09,10,2500,1561.07,62.44,LOW,31.09,1.91,53627.68,STORE
2025-02-10 03:00:00,FPO_Karnal,Apple,23.1,63.58,261,95.38,6,1000,489.8,48.98,LOW,105.64,4.01,27571.06,STORE
2025-02-10 04:00:00,FPO_Karnal,Onion,27.93,76.49,1611,27.8,11,2500,1414.05,56.56,MEDIUM,27.84,4.47,44850.48,SELL NOW
2025-02-10 05:00:00,FPO_Ahmedabad,Apple,19.14,35.93,973,101.6,4,500,500.0,100.0,LOW,105.48,4.03,102634.02,SELL NOW
2025-02-10 06:00:00,FPO_Lucknow,Cabbage,33.59,59.28,1953,26.63,5,1500,1362.43,90.83,LOW,29.04,4.7,56708.41,SELL NOW
2025-02-10 07:00:00,FPO_Indore,Apple,27.67,95.0,1455,100.53,12,500,500.0,100.0,HIGH,115.53,4.62,168089.41,SELL NOW
2025-02-10 08:00:00,FPO_Indore,Tomato,27.8,78.3,1807,35.35,5,2000,1230.6,61.53,LOW,28.24,4.22,51028.58,SELL NOW
2025-02-10 09:00:00,FPO_Jaipur,Onion,27.48,78.39,727,38.57,7,2500,910.99,36.44,LOW,40.77,4.64,29639.21,SELL NOW
2025-02-10 10:00:00,FPO_Surat,Mango,37.88,49.75,1773,68.96,11,2500,1177.76,47.11,LOW,71.87,2.09,127433.44,SELL NOW
2025-02-10 11:00:00,FPO_Karnal,Tomato,37.11,62.06,1912,27.12,12,2500,1591.78,63.67,MEDIUM,29.57,4.06,56528.39,SELL NOW
2025-02-10 12:00:00,FPO_Ahmedabad,Mango,36.1,30.5,644,60.53,4,1000,444.25,44.42,LOW,56.31,4.14,36261.62,SELL NOW
2025-02-10 13:00:00,FPO_Jaipur,Potato,27.49,73.78,1544,28.89,5,500,500.0,100.0,MEDIUM,22.62,2.04,34924.6,SELL NOW
2025-02-10 14:00:00,FPO_Nagpur,Mango,21.31,86.0,1306,56.74,14,2000,1472.36,73.62,MEDIUM,52.04,4.68,67960.16,SELL NOW
2025-02-10 15:00:00,FPO_Nashik,Apple,27.9,43.25,1657,97.85,14,1000,1000.0,100.0,MEDIUM,105.16,1.53,174255.95,SELL NOW
2025-02-10 16:00:00,FPO_Surat,Mango,29.89,47.62,216,60.1,4,1000,200.97,20.1,LOW,63.02,3.02,13612.24,SELL NOW
2025-02-10 17:00:00,FPO_Surat,Cabbage,32.88,64.52,568,24.9,4,1500,371.52,24.77,LOW,19.11,1.58,10852.97,SELL NOW
2025-02-10 18:00:00,FPO_Surat,Tomato,29.87,67.3,1891,26.57,8,2000,1273.14,63.66,LOW,36.73,3.33,69450.94,STORE
2025-02-10 19:00:00,FPO_Indore,Tomato,21.84,56.87,883,23.33,11,2500,930.64,37.23,LOW,36.14,2.94,31912.82,STORE
2025-02-10 20:00:00,FPO_Nagpur,Mango,24.79,52.77,1107,64.27,5,2500,903.67,36.15,LOW,68.78,3.68,76136.43,SELL NOW
2025-02-10 21:00:00,FPO_Surat,Tomato,24.24,52.93,1805,26.06,13,1500,1500.0,100.0,MEDIUM,31.2,4.18,56313.26,STORE
2025-02-10 22:00:00,FPO_Nagpur,Cabbage,31.23,64.26,782,25.78,9,2500,717.64,28.71,LOW,29.23,4.19,22854.91,STORE
2025-02-10 23:00:00,FPO_Lucknow,Tomato,31.38,73.79,454,27.96,5,500,500.0,100.0,MEDIUM,27.83,4.03,12634.51,SELL NOW
2025-02-11 00:00:00,FPO_Surat,Mango,32.17,64.26,655,63.38,8,2500,624.39,24.98,LOW,57.23,1.86,37482.7,SELL NOW
2025-02-11 01:00:00,FPO_Nashik,Onion,29.81,62.83,842,32.28,3,500,500.0,100.0,LOW,29.87,2.96,25149.08,SELL NOW
2025-02-11 02:00:00,FPO_Nagpur,Onion,15.64,38.61,760,28.72,12,1500,979.27,65.28,LOW,31.45,4.36,23903.57,SELL NOW
2025-02-11 03:00:00,FPO_Nagpur,Potato,17.64,78.01,732,19.93,7,1500,819.0,54.6,LOW,25.8,3.79,18887.53,STORE
2025-02-11 04:00:00,FPO_Nashik,Tomato,27.16,64.23,1615,27.45,1,500,500.0,100.0,LOW,29.29,3.88,47297.4,SELL NOW
2025-02-11 05:00:00,FPO_Surat,Mango,28.59,58.45,519,54.45,12,2500,859.71,34.39,LOW,56.98,2.29,29570.77,SELL NOW
2025-02-11 06:00:00,FPO_Nashik,Tomato,35.52,68.83,419,23.98,5,1500,199.75,13.32,LOW,27.2,2.64,11396.38,STORE
2025-02-11 07:00:00,FPO_Nagpur,Apple,28.47,52.34,898,102.65,2,1500,587.24,39.15,LOW,106.18,4.85,95352.0,SELL NOW
2025-02-11 08:00:00,FPO_Nashik,Cabbage,22.14,58.76,1637,26.5,8,500,500.0,100.0,LOW,26.56,4.46,43482.81,SELL NOW
2025-02-11 09:00:00,FPO_Nagpur,Tomato,31.97,66.61,231,23.17,12,1500,334.46,22.3,LOW,28.23,2.08,6522.22,STORE
2025-02-11 10:00:00,FPO_Nagpur,Tomato,27.9,54.82,914,27.4,6,2500,740.08,29.6,LOW,24.84,3.41,22703.37,SELL NOW
2025-02-11 11:00:00,FPO_Lucknow,Onion,25.59,40.31,953,22.18,5,1500,658.1,43.87,LOW,26.72,3.22,25461.32,STORE
2025-02-11 12:00:00,FPO_Ahmedabad,Cabbage,18.31,37.87,1239,25.68,14,500,500.0,100.0,LOW,21.08,3.05,26123.84,SELL NOW
2025-02-11 13:00:00,FPO_Nagpur,Mango,28.51,71.69,608,58.32,3,2500,461.83,18.47,LOW,55.35,3.15,33652.53,SELL NOW
2025-02-11 14:00:00,FPO_Surat,Tomato,29.37,64.53,1027,38.48,14,2000,1229.68,61.48,MEDIUM,37.89,3.75,38910.84,SELL NOW
2025-02-11 15:00:00,FPO_Jaipur,Onion,22.02,64.0,372,32.94,13,500,500.0,100.0,MEDIUM,36.91,4.89,13729.94,STORE
2025-02-11 16:00:00,FPO_Indore,Potato,32.47,47.57,1872,17.23,1,2000,1014.63,50.73,LOW,21.41,4.56,40085.84,STORE
2025-02-11 17:00:00,FPO_Karnal,Cabbage,31.93,64.69,1402,20.17,14,1500,1163.68,77.58,MEDIUM,18.91,4.56,26514.72,SELL NOW
2025-02-11 18:00:00,FPO_Ahmedabad,Onion,28.29,58.99,1796,33.19,10,2500,1331.66,53.27,LOW,29.1,3.96,52255.36,SELL NOW
2025-02-11 19:00:00,FPO_Ahmedabad,Onion,28.07,56.0,1720,34.4,10,1500,1444.23,96.28,MEDIUM,43.43,1.56,74693.88,STORE
2025-02-11 20:00:00,FPO_Ahmedabad,Onion,33.68,63.87,1135,39.29,10,2500,1169.68,46.79,LOW,42.63,3.04,48380.92,SELL NOW
2025-02-11 21:00:00,FPO_Lucknow,Tomato,30.21,69.45,1327,33.78,14,1000,1000.0,100.0,HIGH,36.1,3.29,47899.01,SELL NOW
2025-02-11 22:00:00,FPO_Nagpur,Tomato,23.79,91.25,1540,30.39,11,1500,1500.0,100.0,HIGH,35.21,4.45,54217.33,SELL NOW
2025-02-11 23:00:00,FPO_Lucknow,Potato,26.81,73.48,906,29.12,10,1500,926.65,61.78,MEDIUM,27.35,4.73,24775.55,SELL NOW
2025-02-12 00:00:00,FPO_Nagpur,Apple,31.34,77.86,1991,100.37,12,1500,1500.0,100.0,HIGH,108.73,3.08,216476.42,SELL NOW
2025-02-12 01:00:00,FPO_Surat,Apple,15.81,81.57,1175,100.15,8,500,500.0,100.0,LOW,106.03,2.55,124585.81,SELL NOW
2025-02-12 02:00:00,FPO_Lucknow,Apple,22.41,53.54,1811,93.94,11,2500,1702.63,68.11,LOW,95.52,2.68,172986.58,SELL NOW
2025-02-12 03:00:00,FPO_Lucknow,Cabbage,32.09,60.19,982,32.54,5,2500,729.57,29.18,LOW,35.23,3.53,34596.68,SELL NOW
2025-02-12 04:00:00,FPO_Indore,Cabbage,35.25,51.43,1404,25.66,9,2500,1182.81,47.31,LOW,27.46,2.46,38558.43,SELL NOW
2025-02-12 05:00:00,FPO_Jaipur,Potato,34.13,54.77,331,21.51,11,500,500.0,100.0,MEDIUM,31.17,4.69,10318.29,STORE
2025-02-12 06:00:00,FPO_Lucknow,Cabbage,33.36,58.58,862,21.03,7,2500,745.19,29.81,LOW,26.19,2.97,22572.63,STORE
2025-02-12 07:00:00,FPO_Indore,Apple,28.78,54.42,1378,106.13,1,1500,783.41,52.23,LOW,111.84,4.97,154113.9,SELL NOW
2025-02-12 08:00:00,FPO_Nashik,Apple,21.83,68.36,558,104.93,11,2000,827.25,41.36,LOW,108.28,1.88,60419.4,SELL NOW
2025-02-12 09:00:00,FPO_Jaipur,Onion,26.82,71.49,1458,25.49,13,1000,1000.0,100.0,HIGH,28.49,2.16,41534.99,SELL NOW
2025-02-12 10:00:00,FPO_Surat,Cabbage,16.04,45.41,959,27.55,1,2500,702.38,28.1,LOW,39.95,3.29,38310.06,STORE
2025-02-12 11:00:00,FPO_Lucknow,Tomato,35.8,60.32,364,31.98,7,500,500.0,100.0,MEDIUM,33.17,4.54,12072.65,SELL NOW
2025-02-12 12:00:00,FPO_Karnal,Tomato,23.1,60.48,916,21.77,11,500,500.0,100.0,LOW,25.87,2.74,23692.56,STORE
2025-02-12 13:00:00,FPO_Ahmedabad,Onion,24.8,42.91,626,33.21,7,2500,478.02,19.12,LOW,46.51,4.43,29117.16,STORE
2025-02-12 14:00:00,FPO_Nashik,Onion,34.35,53.51,876,32.2,9,2000,814.28,40.71,LOW,41.84,2.99,36651.87,STORE
2025-02-12 15:00:00,FPO_Nashik,Onion,18.31,78.1,687,33.12,2,2500,533.83,21.35,LOW,38.01,4.49,26114.5,STORE
2025-02-12 16:00:00,FPO_Surat,Tomato,20.86,77.91,412,37.93,7,500,500.0,100.0,LOW,33.38,2.47,13754.53,SELL NOW
2025-02-12 17:00:00,FPO_Indore,Apple,29.61,40.56,965,114.81,2,1000,774.29,77.43,LOW,128.65,3.15,124149.46,STORE
2025-02-12 18:00:00,FPO_Nashik,Onion,31.12,72.08,356,36.18,14,2000,776.44,38.82,MEDIUM,37.98,2.48,13520.48,SELL NOW
2025-02-12 19:00:00,FPO_Jaipur,Potato,27.57,42.95,1912,23.3,10,2500,1435.83,57.43,LOW,26.72,2.25,51092.46,STORE
2025-02-12 20:00:00,FPO_Lucknow,Onion,27.77,58.98,1298,33.19,12,1000,1000.0,100.0,MEDIUM,41.35,2.97,53672.67,STORE
2025-02-12 21:00:00,FPO_Lucknow,Mango,35.61,63.54,634,62.17,10,2500,669.53,26.78,LOW,64.14,2.67,40664.78,SELL NOW
2025-02-12 22:00:00,FPO_Karnal,Onion,31.82,76.29,1401,41.76,2,2000,963.48,48.17,LOW,45.82,4.26,64196.85,SELL NOW
2025-02-12 23:00:00,FPO_Surat,Tomato,31.01,62.38,1041,28.69,5,500,500.0,100.0,LOW,32.01,4.12,33321.83,STORE
2025-02-13 00:00:00,FPO_Ahmedabad,Cabbage,32.65,49.79,844,22.93,9,2000,602.82,30.14,LOW,24.11,2.75,20349.45,SELL NOW
2025-02-13 01:00:00,FPO_Indore,Onion,26.2,47.24,1860,32.74,9,1500,1500.0,100.0,LOW,37.5,4.97,69750.59,STORE
2025-02-13 02:00:00,FPO_Ahmedabad,Cabbage,41.04,67.52,511,35.44,10,2500,766.19,30.65,MEDIUM,35.27,4.91,18022.09,SELL NOW
2025-02-13 03:00:00,FPO_Nashik,Mango,15.0,55.49,326,55.16,1,1000,341.31,34.13,LOW,52.47,4.71,17106.77,SELL NOW
2025-02-13 04:00:00,FPO_Surat,Potato,36.75,58.87,576,18.64,11,1000,555.01,55.5,MEDIUM,24.34,3.55,14022.53,STORE
2025-02-13 05:00:00,FPO_Karnal,Cabbage,33.41,79.56,1568,21.36,14,2000,1417.87,70.89,HIGH,30.62,2.94,48015.85,SELL NOW
2025-02-13 06:00:00,FPO_Ahmedabad,Apple,29.49,71.52,424,94.01,7,2000,405.06,20.25,LOW,93.3,2.6,39560.03,SELL NOW
2025-02-13 07:00:00,FPO_Jaipur,Onion,28.48,88.8,1240,25.24,10,2000,1091.35,54.57,MEDIUM,25.61,1.55,31757.37,SELL NOW
2025-02-13 08:00:00,FPO_Lucknow,Mango,27.07,49.73,696,64.7,14,1000,811.64,81.16,LOW,67.73,3.71,47137.33,SELL NOW
2025-02-13 09:00:00,FPO_Nashik,Mango,34.62,54.36,672,61.1,10,500,500.0,100.0,MEDIUM,64.13,3.44,43094.48,SELL NOW
2025-02-13 10:00:00,FPO_Karnal,Cabbage,27.76,67.76,1534,18.53,12,1000,1000.0,100.0,MEDIUM,11.67,3.7,17901.57,SELL NOW
2025-02-13 11:00:00,FPO_Ahmedabad,Potato,23.63,92.28,1981,25.43,14,500,500.0,100.0,HIGH,26.31,3.52,52117.09,SELL NOW
2025-02-13 12:00:00,FPO_Indore,Tomato,33.41,53.08,1360,29.73,3,2000,728.61,36.43,LOW,41.7,1.98,56716.68,STORE
2025-02-13 13:00:00,FPO_Jaipur,Onion,37.51,65.58,674,34.76,10,1500,596.67,39.78,MEDIUM,44.75,3.93,30158.41,STORE
2025-02-13 14:00:00,FPO_Jaipur,Mango,16.44,84.82,416,56.98,10,1000,543.35,54.33,LOW,68.5,2.76,28496.61,STORE
2025-02-13 15:00:00,FPO_Ahmedabad,Potato,42.14,65.75,395,15.86,1,2000,166.32,8.32,LOW,21.95,3.31,8671.28,STORE
2025-02-13 16:00:00,FPO_Lucknow,Apple,21.78,80.3,400,103.4,2,1000,556.73,55.67,LOW,103.74,2.78,41495.88,SELL NOW
2025-02-13 17:00:00,FPO_Ahmedabad,Mango,22.24,94.36,565,64.13,6,2000,635.19,31.76,LOW,68.41,1.58,38650.24,SELL NOW
2025-02-13 18:00:00,FPO_Nashik,Potato,20.53,69.43,918,16.48,14,1000,1000.0,100.0,MEDIUM,22.47,4.57,20627.31,STORE
2025-02-13 19:00:00,FPO_Ahmedabad,Tomato,28.01,71.88,1751,29.19,10,2500,1549.12,61.96,MEDIUM,30.54,2.02,53483.34,SELL NOW
2025-02-13 20:00:00,FPO_Jaipur,Tomato,20.32,76.14,599,24.92,2,1000,611.89,61.19,LOW,19.3,3.54,11558.46,SELL NOW
2025-02-13 21:00:00,FPO_Karnal,Mango,21.05,51.43,1748,64.86,2,2500,1250.69,50.03,LOW,72.38,4.59,126525.61,STORE
2025-02-13 22:00:00,FPO_Ahmedabad,Mango,23.87,42.78,789,63.31,4,500,500.0,100.0,LOW,64.07,2.27,50549.74,SELL NOW
2025-02-13 23:00:00,FPO_Lucknow,Cabbage,28.83,67.38,413,31.09,3,1000,324.91,32.49,LOW,37.23,2.94,15374.21,STORE
2025-02-14 00:00:00,FPO_Surat,Onion,29.41,55.62,540,25.79,8,500,500.0,100.0,LOW,20.89,2.82,11279.78,SELL NOW
2025-02-14 01:00:00,FPO_Karnal,Potato,35.45,80.79,1552,18.55,8,1500,1432.14,95.48,HIGH,18.34,1.81,28468.66,SELL NOW
2025-02-14 02:00:00,FPO_Indore,Mango,35.31,69.71,1158,58.15,6,2500,787.04,31.48,LOW,63.09,2.98,73054.41,SELL NOW
2025-02-14 03:00:00,FPO_Nagpur,Onion,34.15,80.54,318,27.35,4,1000,293.61,29.36,LOW,33.5,3.18,10654.57,STORE
2025-02-14 04:00:00,FPO_Ahmedabad,Cabbage,26.43,46.98,1648,26.84,7,500,500.0,100.0,LOW,33.59,1.59,55348.18,STORE
2025-02-14 05:00:00,FPO_Lucknow,Onion,16.95,80.02,1916,24.61,9,2000,1578.98,78.95,LOW,27.27,3.21,52249.78,STORE
2025-02-14 06:00:00,FPO_Karnal,Mango,16.82,30.52,1035,67.61,13,500,500.0,100.0,LOW,71.57,1.83,74075.18,SELL NOW
2025-02-14 07:00:00,FPO_Lucknow,Tomato,34.11,48.21,1041,36.72,2,1000,821.41,82.14,LOW,41.67,4.62,43375.95,STORE
2025-02-14 08:00:00,FPO_Indore,Potato,33.06,74.48,1066,27.55,6,1500,780.65,52.04,LOW,32.15,3.78,34267.23,STORE
2025-02-14 09:00:00,FPO_Jaipur,Potato,24.3,57.46,1596,24.5,7,2500,1223.74,48.95,LOW,30.36,1.7,48448.69,STORE
2025-02-14 10:00:00,FPO_Lucknow,Tomato,19.36,58.91,1872,27.38,1,2000,1295.26,64.76,LOW,24.63,4.39,46103.74,SELL NOW
2025-02-14 11:00:00,FPO_Karnal,Mango,21.72,66.61,1402,60.94,6,500,500.0,100.0,LOW,73.26,2.77,102711.59,STORE
2025-02-14 12:00:00,FPO_Lucknow,Potato,29.05,86.33,1655,18.22,8,1000,1000.0,100.0,HIGH,20.3,2.29,33592.3,SELL NOW
2025-02-14 13:00:00,FPO_Lucknow,Mango,29.06,36.17,1943,60.79,13,1000,1000.0,100.0,LOW,63.31,2.39,123016.51,SELL NOW
2025-02-14 14:00:00,FPO_Lucknow,Cabbage,34.26,83.73,1144,26.68,7,2500,865.57,34.62,MEDIUM,28.22,3.59,32285.44,SELL NOW
2025-02-14 15:00:00,FPO_Nashik,Mango,25.3,84.61,601,55.87,2,2000,456.73,22.84,LOW,60.03,1.79,36079.25,SELL NOW
2025-02-14 16:00:00,FPO_Nashik,Onion,26.54,57.43,1617,38.11,14,500,500.0,100.0,MEDIUM,33.9,1.71,54808.63,SELL NOW
2025-02-14 17:00:00,FPO_Jaipur,Tomato,34.75,54.58,1082,27.58,2,500,500.0,100.0,LOW,28.14,3.7,30450.13,SELL NOW
2025-02-14 18:00:00,FPO_Ahmedabad,Mango,15.25,63.23,765,54.86,13,500,500.0,100.0,LOW,48.32,4.94,36961.62,SELL NOW
2025-02-14 19:00:00,FPO_Lucknow,Cabbage,29.9,54.26,1302,23.97,4,2500,909.35,36.37,LOW,24.63,3.19,32073.1,SELL NOW
2025-02-14 20:00:00,FPO_Indore,Apple,25.99,70.17,623,96.99,5,2500,562.84,22.51,LOW,100.78,2.95,62783.79,SELL NOW
2025-02-14 21:00:00,FPO_Ahmedabad,Tomato,32.28,72.13,317,23.8,5,2000,208.44,10.42,LOW,29.65,4.82,9397.79,STORE
2025-02-14 22:00:00,FPO_Indore,Potato,31.08,41.69,567,29.86,14,500,500.0,100.0,MEDIUM,32.56,2.34,18461.76,SELL NOW
2025-02-14 23:00:00,FPO_Ahmedabad,Onion,23.82,51.19,1329,30.05,11,500,500.0,100.0,LOW,34.48,2.34,45823.52,STORE
2025-02-15 00:00:00,FPO_Jaipur,Potato,24.96,47.22,1328,27.15,2,2000,984.03,49.2,LOW,21.72,4.67,28843.17,SELL NOW
2025-02-15 01:00:00,FPO_Lucknow,Cabbage,15.0,68.22,1526,27.06,7,2000,1128.24,56.41,LOW,30.84,3.76,47057.07,STORE
2025-02-15 02:00:00,FPO_Lucknow,Cabbage,32.5,78.08,829,27.38,8,2000,759.42,37.97,MEDIUM,36.67,1.69,30398.14,STORE
2025-02-15 03:00:00,FPO_Nagpur,Potato,29.44,48.9,1964,21.93,14,1000,1000.0,100.0,MEDIUM,27.25,3.86,53520.13,STORE
2025-02-15 04:00:00,FPO_Indore,Tomato,36.39,77.98,347,25.84,2,2000,77.99,5.0,LOW,25.11,4.37,8712.44,SELL NOW
2025-02-15 05:00:00,FPO_Ahmedabad,Potato,25.6,51.13,349,28.5,4,1500,447.15,29.81,LOW,32.35,2.46,11288.43,STORE
2025-02-15 06:00:00,FPO_Ahmedabad,Mango,33.49,75.78,1015,63.27,12,2500,909.03,36.36,MEDIUM,73.1,2.84,74191.97,STORE
2025-02-15 07:00:00,FPO_Surat,Potato,21.58,60.74,455,21.1,11,2000,701.15,35.06,LOW,26.94,2.19,12259.22,STORE
2025-02-15 08:00:00,FPO_Surat,Onion,15.0,58.37,281,34.97,11,1000,725.39,72.54,LOW,40.96,3.72,11508.57,STORE
2025-02-15 09:00:00,FPO_Nashik,Onion,27.43,82.14,215,37.55,3,1500,224.89,14.99,LOW,36.62,3.82,7873.22,SELL NOW
2025-02-15 10:00:00,FPO_Nagpur,Apple,24.6,91.82,1100,101.83,4,1000,811.24,81.12,MEDIUM,103.02,1.74,113320.08,SELL NOW
2025-02-15 11:00:00,FPO_Karnal,Onion,21.7,35.87,392,37.76,5,1000,375.78,37.58,LOW,40.41,3.87,15842.23,SELL NOW
2025-02-15 12:00:00,FPO_Surat,Potato,33.39,73.99,922,19.61,6,1000,920.15,92.01,MEDIUM,31.65,3.8,29180.04,STORE
2025-02-15 13:00:00,FPO_Karnal,Onion,35.25,67.66,1297,25.5,2,1000,933.31,93.33,LOW,23.94,1.62,31048.97,SELL NOW
2025-02-15 14:00:00,FPO_Nashik,Tomato,28.63,74.87,1500,26.29,10,500,500.0,100.0,MEDIUM,30.58,3.44,45874.95,STORE
2025-02-15 15:00:00,FPO_Nashik,Onion,26.9,43.42,1284,30.21,6,2500,903.93,36.16,LOW,36.57,3.65,46958.78,STORE
2025-02-15 16:00:00,FPO_Nashik,Mango,28.38,48.74,1172,67.78,9,500,500.0,100.0,LOW,74.49,3.01,87297.29,SELL NOW
2025-02-15 17:00:00,FPO_Indore,Tomato,24.08,54.93,1150,26.1,12,1500,993.48,66.23,LOW,27.85,4.65,32031.1,SELL NOW
2025-02-15 18:00:00,FPO_Indore,Apple,31.38,68.2,735,101.92,12,500,500.0,100.0,HIGH,103.29,2.65,75918.63,SELL NOW
2025-02-15 19:00:00,FPO_Jaipur,Mango,18.76,54.01,1758,65.5,11,1500,1486.57,99.1,LOW,78.14,1.74,137375.05,STORE
2025-02-15 20:00:00,FPO_Jaipur,Potato,21.56,60.15,542,24.34,8,2000,491.56,24.58,LOW,26.0,3.85,14090.14,SELL NOW
2025-02-15 21:00:00,FPO_Nashik,Potato,23.25,77.46,594,19.53,14,1500,745.8,49.72,MEDIUM,20.44,3.62,12141.81,SELL NOW
2025-02-15 22:00:00,FPO_Nagpur,Potato,31.25,95.0,1142,15.61,1,500,500.0,100.0,MEDIUM,23.25,4.96,26554.61,STORE
2025-02-15 23:00:00,FPO_Ahmedabad,Mango,26.19,76.39,457,66.09,9,500,500.0,100.0,MEDIUM,69.74,2.31,31869.46,SELL NOW
2025-02-16 00:00:00,FPO_Indore,Mango,36.16,77.89,1421,54.74,12,1500,1198.6,79.91,HIGH,51.23,2.88,72802.88,SELL NOW
2025-02-16 01:00:00,FPO_Nagpur,Mango,32.82,62.27,252,58.11,11,500,468.69,93.74,MEDIUM,66.0,3.11,16633.06,STORE
2025-02-16 02:00:00,FPO_Lucknow,Tomato,23.19,51.64,850,28.17,10,1500,814.65,54.31,LOW,29.18,4.52,24804.0,SELL NOW
2025-02-16 03:00:00,FPO_Indore,Cabbage,31.8,60.11,470,31.32,11,1000,562.59,56.26,LOW,32.27,2.95,15169.08,SELL NOW
2025-02-16 04:00:00,FPO_Indore,Tomato,25.55,64.13,400,32.99,2,2500,268.36,10.73,LOW,49.29,4.2,19715.87,STORE
2025-02-16 05:00:00,FPO_Jaipur,Potato,30.84,47.6,595,22.74,12,1500,703.66,46.91,LOW,24.57,2.05,14618.24,SELL NOW
2025-02-16 06:00:00,FPO_Ahmedabad,Cabbage,33.11,77.23,577,31.06,11,1000,802.59,80.26,HIGH,34.4,2.93,19849.15,SELL NOW
2025-02-16 07:00:00,FPO_Ahmedabad,Onion,34.69,87.79,875,37.16,1,1000,436.73,43.67,LOW,44.73,2.04,39138.29,STORE
2025-02-16 08:00:00,FPO_Surat,Potato,29.21,66.84,1827,19.62,6,1000,1000.0,100.0,MEDIUM,17.96,4.82,32806.04,SELL NOW
2025-02-16 09:00:00,FPO_Karnal,Apple,37.6,81.26,734,98.03,13,1000,780.58,78.06,HIGH,103.83,2.12,76208.02,SELL NOW
2025-02-16 10:00:00,FPO_Karnal,Tomato,30.65,83.13,1122,31.75,1,1500,794.11,52.94,LOW,39.37,2.97,44168.81,STORE
2025-02-16 11:00:00,FPO_Karnal,Mango,28.81,49.48,1311,68.48,6,500,500.0,100.0,LOW,78.12,1.79,102412.14,STORE
2025-02-16 12:00:00,FPO_Karnal,Tomato,26.18,38.93,597,24.53,2,1000,284.68,28.47,LOW,30.82,4.72,18401.3,STORE
2025-02-16 13:00:00,FPO_Lucknow,Mango,24.21,57.51,1405,50.79,12,2000,1425.63,71.28,LOW,48.26,3.68,67811.68,SELL NOW
2025-02-16 14:00:00,FPO_Lucknow,Cabbage,30.52,66.44,1066,28.25,11,1000,953.64,95.36,MEDIUM,33.43,4.87,35635.66,STORE
2025-02-16 15:00:00,FPO_Indore,Apple,28.6,47.06,1506,106.82,7,500,500.0,100.0,LOW,103.1,1.65,155263.23,SELL NOW
2025-02-16 16:00:00,FPO_Nashik,Cabbage,29.56,86.33,1756,25.65,7,500,500.0,100.0,HIGH,34.8,2.11,61104.51,SELL NOW
2025-02-16 17:00:00,FPO_Jaipur,Apple,30.88,94.23,760,113.17,12,2500,874.67,34.99,HIGH,121.54,2.83,92371.12,SELL NOW
2025-02-16 18:00:00,FPO_Jaipur,Tomato,29.54,67.69,389,23.81,4,2500,239.75,9.59,LOW,27.94,3.67,10867.82,STORE
2025-02-16 19:00:00,FPO_Karnal,Mango,40.08,50.27,404,56.29,2,1000,269.3,26.93,LOW,60.21,2.65,24324.55,SELL NOW
2025-02-16 20:00:00,FPO_Indore,Cabbage,24.83,72.29,1167,21.22,12,1000,1000.0,100.0,MEDIUM,24.18,3.99,28221.84,STORE
2025-02-16 21:00:00,FPO_Surat,Apple,30.59,50.23,243,100.44,11,2500,435.56,17.42,LOW,103.3,2.08,25102.58,SELL NOW
2025-02-16 22:00:00,FPO_Nagpur,Potato,26.63,82.15,1203,22.55,7,1000,1000.0,100.0,MEDIUM,30.39,3.6,36558.21,STORE
2025-02-16 23:00:00,FPO_Nashik,Potato,15.0,61.53,1523,18.15,1,2000,1135.89,56.79,LOW,19.59,2.89,29841.67,SELL NOW
2025-02-17 00:00:00,FPO_Indore,Cabbage,26.84,75.91,1218,30.62,12,1500,1204.43,80.3,MEDIUM,44.58,3.28,54293.18,STORE
2025-02-17 01:00:00,FPO_Nashik,Mango,22.38,78.53,839,61.34,11,2500,913.92,36.56,LOW,65.2,3.49,54706.45,SELL NOW
2025-02-17 02:00:00,FPO_Nashik,Cabbage,27.6,73.07,1193,19.83,11,2500,1231.08,49.24,MEDIUM,29.03,1.71,34637.02,STORE
2025-02-17 03:00:00,FPO_Nashik,Tomato,27.84,91.78,900,31.07,2,500,500.0,100.0,MEDIUM,25.79,4.73,23214.63,SELL NOW
2025-02-17 04:00:00,FPO_Indore,Apple,30.31,67.67,1905,97.9,12,1000,1000.0,100.0,HIGH,98.01,4.25,186712.83,SELL NOW
2025-02-17 05:00:00,FPO_Karnal,Tomato,24.82,57.45,1502,28.51,2,2500,890.44,35.62,LOW,36.09,3.05,54206.98,STORE
2025-02-17 06:00:00,FPO_Jaipur,Potato,25.57,33.47,912,26.44,1,2500,435.92,17.44,LOW,31.05,3.42,28317.66,STORE
2025-02-17 07:00:00,FPO_Jaipur,Apple,32.2,30.74,1608,105.0,9,2000,1231.62,61.58,LOW,108.14,1.61,173885.45,SELL NOW
2025-02-17 08:00:00,FPO_Karnal,Cabbage,23.15,74.78,836,29.58,6,1000,717.61,71.76,LOW,37.88,3.24,31668.52,STORE
2025-02-17 09:00:00,FPO_Nashik,Tomato,16.97,62.24,1003,28.25,3,1500,923.65,61.58,LOW,41.85,2.99,41975.75,STORE
2025-02-17 10:00:00,FPO_Nagpur,Onion,28.94,52.77,510,25.13,12,2000,748.91,37.45,LOW,22.35,2.81,11397.15,SELL NOW
2025-02-17 11:00:00,FPO_Ahmedabad,Mango,34.43,48.29,1077,58.41,6,1500,709.77,47.32,LOW,66.41,4.35,71525.08,STORE
2025-02-17 12:00:00,FPO_Indore,Mango,32.14,76.11,1751,60.12,7,500,500.0,100.0,MEDIUM,60.9,2.14,106643.3,SELL NOW
2025-02-17 13:00:00,FPO_Ahmedabad,Onion,29.05,50.25,1056,37.73,3,2500,599.36,23.97,LOW,45.01,2.12,47525.32,STORE
2025-02-17 14:00:00,FPO_Surat,Potato,35.5,89.46,473,19.37,4,2000,479.1,23.95,MEDIUM,20.1,3.33,9507.02,SELL NOW
2025-02-17 15:00:00,FPO_Karnal,Apple,34.49,95.0,1705,101.01,10,1500,1500.0,100.0,HIGH,106.66,3.91,181847.89,SELL NOW
2025-02-17 16:00:00,FPO_Nagpur,Mango,26.01,51.5,1674,53.84,1,1000,949.97,95.0,LOW,59.94,1.58,100333.73,STORE
2025-02-17 17:00:00,FPO_Indore,Onion,29.49,75.05,1755,31.7,6,500,500.0,100.0,MEDIUM,31.22,3.41,54791.3,SELL NOW
2025-02-17 18:00:00,FPO_Karnal,Cabbage,29.74,71.6,730,24.77,6,500,500.0,100.0,MEDIUM,25.4,2.55,18539.78,SELL NOW
2025-02-17 19:00:00,FPO_Nashik,Onion,27.48,50.19,1748,29.35,9,2500,1256.92,50.28,LOW,31.41,4.15,54903.0,SELL NOW
2025-02-17 20:00:00,FPO_Jaipur,Potato,34.81,50.27,216,26.23,2,2500,50.0,5.0,LOW,21.11,3.14,4559.07,SELL NOW
2025-02-17 21:00:00,FPO_Ahmedabad,Potato,27.09,63.16,917,18.57,5,1500,563.0,37.53,LOW,23.84,4.42,21861.22,STORE
2025-02-17 22:00:00,FPO_Lucknow,Tomato,25.0,47.92,1253,35.0,5,1500,989.32,65.95,LOW,45.37,2.89,56846.41,STORE
2025-02-17 23:00:00,FPO_Lucknow,Mango,15.0,81.37,669,56.2,7,500,500.0,100.0,LOW,52.91,4.39,35394.05,SELL NOW
2025-02-18 00:00:00,FPO_Nagpur,Tomato,23.21,61.31,1010,34.83,5,1500,757.18,50.48,LOW,41.12,4.01,41532.4,STORE
2025-02-18 01:00:00,FPO_Nashik,Onion,20.11,48.19,1527,22.02,12,2500,1602.69,64.11,LOW,26.73,4.4,40823.75,STORE
2025-02-18 02:00:00,FPO_Surat,Apple,27.76,63.67,754,101.53,14,500,500.0,100.0,MEDIUM,101.08,4.34,76216.58,SELL NOW
2025-02-18 03:00:00,FPO_Ahmedabad,Apple,20.48,72.0,292,103.05,10,500,500.0,100.0,MEDIUM,116.26,3.2,33946.75,STORE
2025-02-18 04:00:00,FPO_Nashik,Potato,31.65,54.13,1081,20.2,4,1000,536.43,53.64,LOW,28.95,2.79,31299.25,STORE
2025-02-18 05:00:00,FPO_Ahmedabad,Apple,34.65,35.1,777,101.39,12,1000,701.08,70.11,LOW,110.58,4.18,85921.94,SELL NOW
2025-02-18 06:00:00,FPO_Nagpur,Apple,27.81,66.9,830,98.18,10,1500,697.83,46.52,LOW,101.38,2.77,84149.2,SELL NOW
2025-02-18 07:00:00,FPO_Nagpur,Apple,22.1,46.75,1020,102.24,12,1500,964.47,64.3,LOW,97.68,1.81,99630.11,SELL NOW
2025-02-18 08:00:00,FPO_Surat,Onion,29.72,53.09,783,31.25,14,2500,866.39,34.66,LOW,35.11,4.51,27489.57,STORE
2025-02-18 09:00:00,FPO_Lucknow,Apple,39.36,72.04,1045,111.08,2,2500,579.5,23.18,LOW,113.46,2.89,118564.36,SELL NOW
2025-02-18 10:00:00,FPO_Nashik,Cabbage,37.49,56.18,1385,18.11,8,1000,1000.0,100.0,MEDIUM,26.22,1.96,36309.67,STORE
2025-02-18 11:00:00,FPO_Indore,Apple,19.56,62.88,1041,101.0,5,500,500.0,100.0,LOW,101.05,3.76,105190.82,SELL NOW
2025-02-18 12:00:00,FPO_Lucknow,Apple,19.34,86.8,527,97.9,13,2000,891.89,44.59,MEDIUM,107.57,4.61,56688.2,SELL NOW
2025-02-18 13:00:00,FPO_Nashik,Tomato,17.8,59.72,929,28.62,4,2000,812.92,40.65,LOW,28.52,4.51,26492.3,SELL NOW
2025-02-18 14:00:00,FPO_Lucknow,Onion,21.18,95.0,453,29.32,9,1500,881.12,58.74,MEDIUM,35.85,3.44,16239.91,STORE
2025-02-18 15:00:00,FPO_Indore,Potato,29.51,76.1,1663,20.26,2,2000,1073.37,53.67,LOW,19.52,1.81,32466.97,SELL NOW
2025-02-18 16:00:00,FPO_Jaipur,Tomato,24.66,51.03,770,25.38,3,2000,651.7,32.58,LOW,28.19,3.94,21709.21,STORE
2025-02-18 17:00:00,FPO_Jaipur,Mango,22.97,57.85,743,63.57,8,1000,1000.0,100.0,LOW,59.91,3.63,44511.78,SELL NOW
2025-02-18 18:00:00,FPO_Surat,Onion,34.23,46.06,1050,28.13,11,500,500.0,100.0,MEDIUM,31.5,2.24,33073.06,STORE
2025-02-18 19:00:00,FPO_Jaipur,Cabbage,31.18,74.56,319,24.89,4,2500,484.52,19.38,LOW,22.85,4.65,7290.02,SELL NOW
2025-02-18 20:00:00,FPO_Jaipur,Onion,17.77,84.87,1174,30.93,9,1000,1000.0,100.0,MEDIUM,36.7,1.8,43089.98,STORE
2025-02-18 21:00:00,FPO_Karnal,Mango,33.89,59.62,1021,56.38,10,2500,1036.52,41.46,LOW,62.86,2.81,64179.85,STORE
2025-02-18 22:00:00,FPO_Ahmedabad,Mango,31.04,37.08,713,63.05,13,1000,733.01,73.3,LOW,65.99,1.83,47050.51,SELL NOW
2025-02-18 23:00:00,FPO_Karnal,Mango,31.17,70.41,1853,55.21,12,1000,1000.0,100.0,HIGH,54.94,4.69,101802.46,SELL NOW
2025-02-19 00:00:00,FPO_Karnal,Potato,24.58,52.07,1772,24.47,10,2000,1441.63,72.08,LOW,29.49,1.62,52259.95,STORE
2025-02-19 01:00:00,FPO_Surat,Apple,26.88,54.34,1178,102.01,10,2500,997.38,39.9,LOW,109.76,2.99,129299.73,SELL NOW
2025-02-19 02:00:00,FPO_Karnal,Onion,16.16,69.67,296,29.33,10,1000,636.77,63.68,LOW,31.49,4.52,9319.69,SELL NOW
2025-02-19 03:00:00,FPO_Jaipur,Apple,33.2,83.48,1070,94.53,9,2000,942.86,47.14,MEDIUM,95.38,2.38,102054.78,SELL NOW
2025-02-19 04:00:00,FPO_Indore,Apple,22.01,76.09,1593,100.03,10,1500,1443.9,96.26,MEDIUM,96.73,1.87,154095.54,SELL NOW
2025-02-19 05:00:00,FPO_Surat,Cabbage,22.78,71.44,1640,19.84,9,2500,1275.04,51.0,LOW,23.93,1.94,39240.98,STORE
2025-02-19 06:00:00,FPO_Surat,Mango,22.7,62.64,456,59.44,1,1000,284.42,28.44,LOW,67.74,2.92,30889.46,STORE
2025-02-19 07:00:00,FPO_Nagpur,Potato,38.8,45.19,327,25.94,6,1500,379.27,25.28,LOW,36.09,3.0,11802.88,STORE
2025-02-19 08:00:00,FPO_Surat,Cabbage,23.99,70.22,1582,24.92,10,2000,1416.55,70.83,LOW,29.11,4.01,46050.96,STORE
2025-02-19 09:00:00,FPO_Nagpur,Tomato,33.65,75.77,1379,34.27,14,1000,1000.0,100.0,HIGH,30.26,2.33,41734.84,SELL NOW
2025-02-19 10:00:00,FPO_Surat,Potato,27.86,56.07,1880,23.48,13,2000,1561.81,78.09,MEDIUM,24.13,3.96,45355.49,SELL NOW
2025-02-19 11:00:00,FPO_Ahmedabad,Apple,23.03,59.5,256,103.87,6,2000,345.88,17.29,LOW,112.72,5.0,28856.09,SELL NOW
2025-02-19 12:00:00,FPO_Jaipur,Potato,21.94,81.65,781,25.58,14,2000,1088.59,54.43,MEDIUM,32.69,4.52,25534.11,STORE
2025-02-19 13:00:00,FPO_Surat,Mango,24.23,59.11,755,67.04,8,2500,734.8,29.39,LOW,64.87,3.72,48974.57,SELL NOW
2025-02-19 14:00:00,FPO_Jaipur,Tomato,27.55,60.94,923,21.47,7,1500,667.92,44.53,LOW,34.36,4.79,31712.18,STORE
2025-02-19 15:00:00,FPO_Jaipur,Mango,31.61,63.67,1910,57.39,7,1500,1481.32,98.75,MEDIUM,54.97,4.97,104999.05,SELL NOW
2025-02-19 16:00:00,FPO_Lucknow,Tomato,25.17,74.98,852,28.14,2,500,500.0,100.0,LOW,29.19,3.5,24872.21,SELL NOW
2025-02-19 17:00:00,FPO_Surat,Cabbage,24.95,69.4,1299,29.0,13,1000,1000.0,100.0,MEDIUM,34.52,2.46,44839.94,STORE
2025-02-19 18:00:00,FPO_Nashik,Apple,22.71,68.29,357,100.84,12,2000,462.16,23.11,LOW,103.44,4.7,36929.73,SELL NOW
2025-02-19 19:00:00,FPO_Lucknow,Tomato,20.84,87.77,284,27.97,11,1000,601.36,60.14,MEDIUM,29.34,4.45,8333.34,SELL NOW
2025-02-19 20:00:00,FPO_Nashik,Tomato,20.33,58.86,521,33.15,4,1500,479.93,32.0,LOW,36.22,1.8,18870.39,SELL NOW
2025-02-19 21:00:00,FPO_Jaipur,Tomato,33.93,50.74,508,26.31,1,1500,302.13,20.14,LOW,34.44,4.78,17494.73,STORE
2025-02-19 22:00:00,FPO_Jaipur,Potato,24.83,80.33,1753,20.08,12,2000,1478.29,73.91,MEDIUM,32.69,2.78,57312.59,STORE
2025-02-19 23:00:00,FPO_Lucknow,Cabbage,25.36,68.46,483,27.6,11,2500,612.36,24.49,LOW,32.12,2.63,15514.72,STORE
2025-02-20 00:00:00,FPO_Lucknow,Potato,24.0,56.16,1265,33.97,11,2000,1360.16,68.01,LOW,33.83,2.7,42790.99,SELL NOW
2025-02-20 01:00:00,FPO_Nashik,Apple,26.1,59.6,1202,99.9,13,2000,1402.84,70.14,LOW,103.43,2.62,124319.47,SELL NOW
2025-02-20 02:00:00,FPO_Nagpur,Tomato,30.23,45.89,333,24.77,7,500,408.78,81.76,LOW,37.64,3.31,12534.63,STORE
2025-02-20 03:00:00,FPO_Nashik,Cabbage,25.08,68.48,813,22.17,4,2500,801.21,32.05,LOW,29.23,3.53,23760.84,STORE
2025-02-20 04:00:00,FPO_Lucknow,Cabbage,29.08,43.08,848,23.17,9,1000,723.27,72.33,LOW,32.87,2.99,27872.15,STORE
2025-02-20 05:00:00,FPO_Indore,Onion,36.51,75.23,1627,36.63,6,2500,1266.5,50.66,MEDIUM,43.78,2.94,71235.65,STORE
2025-02-20 06:00:00,FPO_Lucknow,Apple,23.08,57.16,1716,98.17,6,2000,1372.54,68.63,LOW,105.87,4.08,181678.14,SELL NOW
2025-02-20 07:00:00,FPO_Indore,Cabbage,25.36,44.09,1445,26.52,9,2000,1089.45,54.47,LOW,29.76,1.51,42999.01,STORE
2025-02-20 08:00:00,FPO_Ahmedabad,Tomato,31.85,81.46,428,27.54,13,2000,742.46,37.12,MEDIUM,37.74,4.81,16154.54,STORE
2025-02-20 09:00:00,FPO_Lucknow,Tomato,36.98,95.0,1675,21.43,8,2000,1328.35,66.42,HIGH,10.28,4.0,17214.25,SELL NOW
2025-02-20 10:00:00,FPO_Ahmedabad,Cabbage,20.55,71.56,1197,23.36,6,2000,1075.14,53.76,LOW,29.21,3.98,34960.34,STORE
2025-02-20 11:00:00,FPO_Nagpur,Potato,17.8,60.72,1529,9.63,13,2500,1435.14,57.41,LOW,15.02,2.98,22967.05,STORE
2025-02-20 12:00:00,FPO_Nashik,Apple,28.0,50.6,318,100.88,6,2000,199.04,9.95,LOW,99.53,4.88,31652.01,SELL NOW
2025-02-20 13:00:00,FPO_Indore,Tomato,27.38,68.93,1834,30.45,6,1500,1391.59,92.77,LOW,35.17,1.5,64504.39,STORE
2025-02-20 14:00:00,FPO_Nashik,Cabbage,32.2,74.55,1137,20.77,4,1500,928.16,61.88,LOW,26.75,1.77,30409.42,STORE
2025-02-20 15:00:00,FPO_Ahmedabad,Tomato,31.29,65.1,523,25.29,5,500,500.0,100.0,MEDIUM,19.63,4.31,10267.17,SELL NOW
2025-02-20 16:00:00,FPO_Indore,Cabbage,27.8,78.43,1120,18.3,3,1000,668.3,66.83,LOW,23.12,4.09,25895.63,STORE
2025-02-20 17:00:00,FPO_Nashik,Apple,34.3,87.71,358,88.92,9,1500,554.71,36.98,MEDIUM,98.42,2.45,35233.45,STORE
2025-02-20 18:00:00,FPO_Lucknow,Cabbage,23.91,46.1,438,17.47,14,500,500.0,100.0,LOW,28.88,3.58,12651.05,STORE
2025-02-20 19:00:00,FPO_Jaipur,Onion,29.27,69.41,595,33.26,11,2500,759.53,30.38,LOW,39.4,3.36,23444.28,STORE
2025-02-20 20:00:00,FPO_Ahmedabad,Cabbage,20.71,36.45,519,23.43,2,1000,437.52,43.75,LOW,26.02,3.34,13504.98,STORE
2025-02-20 21:00:00,FPO_Nashik,Cabbage,27.75,52.79,1412,26.05,11,2000,1098.13,54.91,LOW,33.93,3.58,47913.69,STORE
2025-02-20 22:00:00,FPO_Ahmedabad,Apple,19.23,75.8,508,110.2,7,2000,534.23,26.71,LOW,109.02,4.98,55382.72,SELL NOW
2025-02-20 23:00:00,FPO_Karnal,Cabbage,21.3,64.3,448,29.99,1,2500,407.59,16.3,LOW,36.98,4.96,16564.96,STORE
2025-02-21 00:00:00,FPO_Ahmedabad,Apple,38.26,40.84,737,102.7,10,1000,610.68,61.07,LOW,105.52,4.94,77770.95,SELL NOW
2025-02-21 01:00:00,FPO_Indore,Onion,17.05,80.75,900,27.58,12,1500,1228.12,81.87,MEDIUM,36.54,3.42,32882.5,STORE
2025-02-21 02:00:00,FPO_Karnal,Apple,26.7,56.85,1729,107.8,7,1000,1000.0,100.0,LOW,108.48,2.61,187560.54,SELL NOW
2025-02-21 03:00:00,FPO_Surat,Tomato,32.96,77.76,593,34.18,2,500,335.49,67.1,LOW,45.83,3.46,27175.49,STORE
2025-02-21 04:00:00,FPO_Indore,Apple,41.33,72.69,851,104.47,5,2500,521.02,20.84,LOW,113.59,3.68,96668.29,SELL NOW
2025-02-21 05:00:00,FPO_Jaipur,Onion,29.06,52.5,1217,29.98,1,1500,563.38,37.56,LOW,34.87,2.59,42439.97,STORE
2025-02-21 06:00:00,FPO_Karnal,Mango,29.41,78.03,605,55.38,5,1000,635.86,63.59,LOW,59.86,3.71,36218.13,SELL NOW
2025-02-21 07:00:00,FPO_Surat,Cabbage,28.24,69.78,1199,32.59,11,1000,1000.0,100.0,MEDIUM,44.17,3.68,52961.49,STORE
2025-02-21 08:00:00,FPO_Lucknow,Apple,34.34,67.63,1404,104.35,4,1500,1072.36,71.49,LOW,118.19,4.66,165941.34,STORE
2025-02-21 09:00:00,FPO_Ahmedabad,Cabbage,30.59,57.98,220,23.98,1,500,132.99,26.6,LOW,25.35,2.33,5576.0,SELL NOW
2025-02-21 10:00:00,FPO_Nashik,Potato,24.55,48.46,1898,20.62,12,500,500.0,100.0,LOW,22.19,3.94,42108.28,SELL NOW
2025-02-21 11:00:00,FPO_Nagpur,Tomato,34.69,58.72,1806,21.89,14,1000,1000.0,100.0,HIGH,31.5,3.08,56894.71,SELL NOW
2025-02-21 12:00:00,FPO_Ahmedabad,Tomato,25.23,58.39,1817,31.8,1,2000,1179.62,58.98,LOW,23.12,1.95,42001.5,SELL NOW
2025-02-21 13:00:00,FPO_Surat,Potato,18.41,77.77,354,22.85,7,1500,527.91,35.19,LOW,13.18,2.61,4667.38,SELL NOW
2025-02-21 14:00:00,FPO_Ahmedabad,Potato,18.43,40.27,1066,23.99,13,500,500.0,100.0,LOW,23.38,1.7,24918.13,SELL NOW
2025-02-21 15:00:00,FPO_Jaipur,Apple,26.79,87.06,758,104.65,3,500,500.0,100.0,MEDIUM,109.39,2.62,82918.36,SELL NOW
2025-02-21 16:00:00,FPO_Lucknow,Potato,28.62,87.88,393,25.61,10,500,500.0,100.0,HIGH,23.29,1.74,9151.94,SELL NOW
2025-02-21 17:00:00,FPO_Nagpur,Mango,33.73,55.38,1447,55.63,12,2500,1349.31,53.97,MEDIUM,52.59,4.74,76097.6,SELL NOW
2025-02-21 18:00:00,FPO_Karnal,Cabbage,31.84,86.02,598,25.11,9,2000,713.35,35.67,MEDIUM,25.94,1.86,15512.83,SELL NOW
2025-02-21 19:00:00,FPO_Karnal,Cabbage,28.48,49.92,1972,27.06,9,500,500.0,100.0,LOW,37.13,4.36,73214.18,STORE
2025-02-21 20:00:00,FPO_Karnal,Onion,34.07,81.91,479,32.44,14,2000,792.84,39.64,HIGH,33.73,4.67,16155.42,SELL NOW
2025-02-21 21:00:00,FPO_Surat,Potato,28.08,52.71,1179,14.05,12,1000,1000.0,100.0,MEDIUM,22.84,3.14,26927.75,STORE
2025-02-21 22:00:00,FPO_Indore,Potato,20.26,80.5,1233,16.97,10,1000,1000.0,100.0,MEDIUM,20.75,1.69,25581.48,STORE
2025-02-21 23:00:00,FPO_Indore,Mango,18.95,43.44,1599,63.29,11,2500,1442.28,57.69,LOW,74.29,3.59,118793.28,STORE
2025-02-22 00:00:00,FPO_Nashik,Tomato,35.67,81.24,671,31.21,9,2000,772.1,38.6,MEDIUM,33.28,2.32,22327.68,SELL NOW
2025-02-22 01:00:00,FPO_Nagpur,Tomato,15.0,84.33,351,36.05,1,1500,400.46,26.7,LOW,41.41,2.12,14534.84,STORE
2025-02-22 02:00:00,FPO_Karnal,Cabbage,26.8,42.96,1839,17.25,12,2500,1471.38,58.86,LOW,21.64,3.48,39794.28,STORE
2025-02-22 03:00:00,FPO_Indore,Cabbage,45.0,91.36,1347,29.49,4,500,500.0,100.0,HIGH,32.08,2.75,43214.68,SELL NOW
2025-02-22 04:00:00,FPO_Surat,Apple,30.76,80.28,1920,101.88,1,1000,1000.0,100.0,MEDIUM,109.17,4.06,209615.11,SELL NOW
2025-02-22 05:00:00,FPO_Nashik,Mango,26.75,35.03,1001,54.75,1,1000,474.1,47.41,LOW,61.49,3.57,61547.91,STORE
2025-02-22 06:00:00,FPO_Lucknow,Onion,17.89,57.65,752,21.16,14,1500,966.37,64.42,LOW,25.62,4.4,19267.39,STORE
2025-02-22 07:00:00,FPO_Nashik,Onion,37.7,80.56,1647,34.7,9,2500,1161.4,46.46,MEDIUM,28.42,1.7,46800.0,SELL NOW
2025-02-22 08:00:00,FPO_Indore,Mango,35.28,75.85,1746,55.08,5,2000,1131.32,56.57,MEDIUM,52.51,2.32,91684.64,SELL NOW
2025-02-22 09:00:00,FPO_Jaipur,Onion,32.11,66.68,929,23.43,1,1000,784.92,78.49,LOW,22.1,3.48,20533.98,SELL NOW
2025-02-22 10:00:00,FPO_Surat,Tomato,28.0,78.92,712,30.27,11,500,500.0,100.0,HIGH,34.75,4.58,24744.19,SELL NOW
2025-02-22 11:00:00,FPO_Jaipur,Onion,31.43,51.89,1212,29.95,3,1500,773.0,51.53,LOW,33.06,4.35,40067.52,STORE
2025-02-22 12:00:00,FPO_Karnal,Onion,27.11,65.71,370,32.87,7,1500,517.98,34.53,LOW,32.44,3.88,12001.93,SELL NOW
2025-02-22 13:00:00,FPO_Jaipur,Mango,22.16,52.32,1049,62.15,14,1500,1056.46,70.43,LOW,61.35,3.51,64351.08,SELL NOW
2025-02-22 14:00:00,FPO_Karnal,Mango,33.74,67.02,993,76.73,2,500,500.0,100.0,LOW,83.49,3.71,82909.23,SELL NOW
2025-02-22 15:00:00,FPO_Karnal,Onion,27.7,80.02,1788,33.62,4,1500,1346.8,89.79,MEDIUM,33.3,2.25,59542.04,SELL NOW
2025-02-22 16:00:00,FPO_Indore,Potato,31.13,76.72,324,25.3,2,2000,191.22,9.56,LOW,16.25,3.58,5264.98,SELL NOW
2025-02-22 17:00:00,FPO_Jaipur,Mango,27.27,68.34,374,55.59,9,2000,512.62,25.63,LOW,59.68,3.23,22322.05,SELL NOW
2025-02-22 18:00:00,FPO_Karnal,Apple,30.77,79.85,703,107.81,12,2500,831.05,33.24,MEDIUM,108.4,2.85,76205.81,SELL NOW
2025-02-22 19:00:00,FPO_Nagpur,Apple,27.91,81.32,1608,97.47,9,2500,1465.86,58.63,MEDIUM,104.57,4.61,168142.61,SELL NOW
2025-02-22 20:00:00,FPO_Lucknow,Tomato,27.44,91.96,910,23.45,12,2000,1059.68,52.98,HIGH,22.98,4.4,20907.49,SELL NOW
2025-02-22 21:00:00,FPO_Nashik,Onion,28.18,82.51,1991,28.94,14,500,500.0,100.0,HIGH,31.06,1.77,61849.78,SELL NOW
2025-02-22 22:00:00,FPO_Nashik,Potato,45.0,74.85,1907,24.2,13,2500,1514.2,60.57,HIGH,28.88,4.95,55081.0,SELL NOW
2025-02-22 23:00:00,FPO_Indore,Tomato,32.81,79.01,1794,25.69,13,1500,1500.0,100.0,HIGH,18.0,2.3,32287.81,SELL NOW
2025-02-23 00:00:00,FPO_Jaipur,Onion,43.52,68.65,305,25.62,13,2000,363.28,18.16,MEDIUM,25.88,2.25,7893.33,SELL NOW
2025-02-23 01:00:00,FPO_Jaipur,Mango,27.95,60.8,1860,55.51,7,1000,1000.0,100.0,LOW,54.91,4.8,102133.61,SELL NOW
2025-02-23 02:00:00,FPO_Karnal,Apple,26.15,78.01,727,101.03,14,500,500.0,100.0,HIGH,101.89,3.06,74074.25,SELL NOW
2025-02-23 03:00:00,FPO_Surat,Cabbage,21.55,76.36,237,27.8,7,500,362.6,72.52,LOW,28.46,4.32,6744.93,SELL NOW
2025-02-23 04:00:00,FPO_Ahmedabad,Potato,37.62,69.38,594,25.21,2,2000,382.89,19.14,LOW,28.44,2.51,16892.68,STORE
2025-02-23 05:00:00,FPO_Karnal,Cabbage,22.57,62.08,1978,17.22,12,1000,1000.0,100.0,MEDIUM,21.38,4.56,42292.73,STORE
2025-02-23 06:00:00,FPO_Lucknow,Apple,38.86,61.25,1120,95.85,10,500,500.0,100.0,HIGH,102.21,4.41,114478.35,SELL NOW
2025-02-23 07:00:00,FPO_Nagpur,Cabbage,21.9,58.87,676,29.66,12,2500,956.52,38.26,LOW,35.42,3.32,23947.1,STORE
2025-02-23 08:00:00,FPO_Nashik,Mango,33.32,83.84,1690,57.88,8,1000,1000.0,100.0,HIGH,67.05,3.97,113316.55,SELL NOW
2025-02-23 09:00:00,FPO_Karnal,Onion,18.45,82.68,921,31.01,1,1500,631.59,42.11,LOW,39.08,4.87,35996.93,STORE
2025-02-23 10:00:00,FPO_Ahmedabad,Mango,25.35,82.03,1728,73.13,8,2500,1308.85,52.35,LOW,83.31,3.08,143954.41,STORE
2025-02-23 11:00:00,FPO_Ahmedabad,Cabbage,28.13,49.22,514,13.73,5,1000,435.97,43.6,LOW,23.08,3.23,11863.86,STORE
2025-02-23 12:00:00,FPO_Karnal,Mango,24.42,59.61,1508,59.35,13,2000,1473.37,73.67,LOW,60.0,4.03,90473.48,SELL NOW
2025-02-23 13:00:00,FPO_Indore,Apple,26.98,61.14,1687,103.54,4,500,500.0,100.0,LOW,105.23,2.85,177529.1,SELL NOW
2025-02-23 14:00:00,FPO_Nashik,Potato,27.01,55.91,1903,17.09,10,2500,1565.04,62.6,LOW,19.16,4.86,36466.85,STORE
2025-02-23 15:00:00,FPO_Indore,Mango,32.84,92.94,1487,59.33,2,2000,1234.89,61.74,MEDIUM,68.44,1.64,101766.41,STORE
2025-02-23 16:00:00,FPO_Nagpur,Apple,15.48,71.01,1833,94.0,3,1000,1000.0,100.0,LOW,96.09,2.91,176138.26,SELL NOW
2025-02-23 17:00:00,FPO_Ahmedabad,Potato,24.62,69.93,1869,24.89,13,1500,1500.0,100.0,MEDIUM,32.06,4.0,59928.17,STORE
2025-02-23 18:00:00,FPO_Ahmedabad,Onion,35.53,58.01,1652,26.64,13,500,500.0,100.0,HIGH,20.5,3.0,33868.36,SELL NOW
2025-02-23 19:00:00,FPO_Lucknow,Cabbage,31.37,77.93,564,22.85,10,500,500.0,100.0,HIGH,15.69,2.41,8847.31,SELL NOW
2025-02-23 20:00:00,FPO_Nagpur,Onion,35.63,95.0,380,34.48,13,2500,743.26,29.73,HIGH,44.3,2.95,16835.89,SELL NOW
2025-02-23 21:00:00,FPO_Ahmedabad,Tomato,32.55,66.21,933,30.78,2,2000,705.68,35.28,LOW,36.66,4.59,34207.48,STORE
2025-02-23 22:00:00,FPO_Nagpur,Apple,21.5,61.5,1075,104.87,11,1000,1000.0,100.0,LOW,114.21,3.41,122778.39,SELL NOW
2025-02-23 23:00:00,FPO_Nashik,Potato,31.97,63.64,1193,30.79,12,1000,1000.0,100.0,HIGH,26.54,2.67,31659.84,SELL NOW
2025-02-24 00:00:00,FPO_Jaipur,Mango,28.6,60.17,860,60.37,4,2000,640.61,32.03,LOW,64.65,3.85,55597.43,SELL NOW
2025-02-24 01:00:00,FPO_Ahmedabad,Onion,41.61,64.96,443,40.58,3,500,145.49,29.1,LOW,36.57,3.64,16202.12,SELL NOW
2025-02-24 02:00:00,FPO_Lucknow,Potato,32.81,55.83,512,22.97,5,2000,357.74,17.89,LOW,30.88,3.46,15810.16,STORE
2025-02-24 03:00:00,FPO_Nashik,Apple,31.14,51.7,275,106.59,7,1000,373.93,37.39,LOW,110.18,2.87,30298.6,SELL NOW
2025-02-24 04:00:00,FPO_Karnal,Tomato,32.02,64.68,461,27.86,9,2000,570.68,28.53,LOW,30.7,1.75,14152.75,STORE
2025-02-24 05:00:00,FPO_Nagpur,Onion,30.81,66.22,430,34.2,5,500,500.0,100.0,MEDIUM,42.03,3.67,18071.56,STORE
2025-02-24 06:00:00,FPO_Karnal,Cabbage,30.65,60.9,902,22.87,8,2500,827.0,33.08,LOW,25.86,2.97,23323.86,STORE
2025-02-24 07:00:00,FPO_Indore,Potato,26.4,86.85,1603,28.7,2,500,500.0,100.0,MEDIUM,31.52,3.0,50533.9,SELL NOW
2025-02-24 08:00:00,FPO_Nashik,Cabbage,31.21,71.23,845,30.76,6,1500,623.57,41.57,LOW,26.97,2.32,22791.36,SELL NOW
2025-02-24 09:00:00,FPO_Karnal,Potato,33.69,76.14,1532,20.93,8,1500,1297.46,86.5,MEDIUM,31.13,2.37,47697.89,STORE
2025-02-24 10:00:00,FPO_Surat,Potato,34.36,76.54,1987,22.78,9,2000,1585.28,79.26,HIGH,26.8,4.26,53257.49,SELL NOW
2025-02-24 11:00:00,FPO_Surat,Apple,33.63,66.57,1611,95.28,11,500,500.0,100.0,HIGH,101.38,3.18,163319.86,SELL NOW
2025-02-24 12:00:00,FPO_Ahmedabad,Apple,37.05,68.28,956,104.65,4,500,500.0,100.0,MEDIUM,101.3,1.88,96840.79,SELL NOW
2025-02-24 13:00:00,FPO_Nagpur,Apple,34.74,52.1,1548,104.2,4,1000,954.17,95.42,LOW,114.61,1.66,177418.97,SELL NOW
2025-02-24 14:00:00,FPO_Jaipur,Mango,31.77,74.84,1041,53.84,7,2500,647.45,25.9,LOW,58.09,2.29,60474.63,SELL NOW
2025-02-24 15:00:00,FPO_Nashik,Potato,21.14,60.0,1078,32.86,13,500,500.0,100.0,MEDIUM,44.87,3.21,48373.16,STORE
2025-02-24 16:00:00,FPO_Ahmedabad,Onion,21.14,55.4,1679,31.99,4,2000,1293.33,64.67,LOW,40.4,3.66,67832.23,STORE
2025-02-24 17:00:00,FPO_Lucknow,Cabbage,26.51,84.53,1735,23.84,5,1000,1000.0,100.0,MEDIUM,15.01,2.0,26043.75,SELL NOW
2025-02-24 18:00:00,FPO_Indore,Apple,28.28,45.02,1566,105.99,2,1000,906.84,90.68,LOW,113.27,3.02,177374.21,SELL NOW
2025-02-24 19:00:00,FPO_Nagpur,Apple,36.39,90.79,715,97.39,2,2000,494.65,24.73,LOW,105.35,1.75,75321.88,SELL NOW
2025-02-24 20:00:00,FPO_Nashik,Cabbage,15.0,89.6,641,31.53,11,2000,777.48,38.87,LOW,38.05,1.63,24389.31,STORE
2025-02-24 21:00:00,FPO_Surat,Cabbage,21.8,61.67,1772,19.12,14,500,500.0,100.0,MEDIUM,23.49,4.52,41632.65,STORE
2025-02-24 22:00:00,FPO_Nashik,Potato,26.83,91.78,782,20.89,10,500,500.0,100.0,HIGH,23.24,3.8,18172.5,SELL NOW
2025-02-24 23:00:00,FPO_Jaipur,Apple,22.02,51.67,461,99.56,5,1000,464.19,46.42,LOW,102.71,4.23,47349.51,SELL NOW
2025-02-25 00:00:00,FPO_Surat,Cabbage,23.21,79.91,948,22.28,12,1000,1000.0,100.0,MEDIUM,32.58,2.14,30888.46,STORE
2025-02-25 01:00:00,FPO_Jaipur,Mango,25.01,65.25,1018,56.32,10,2500,992.66,39.71,LOW,66.98,2.63,68182.05,STORE
2025-02-25 02:00:00,FPO_Lucknow,Mango,22.33,37.9,1201,57.57,10,1000,951.84,95.18,LOW,59.95,3.05,72005.77,SELL NOW
2025-02-25 03:00:00,FPO_Indore,Apple,23.37,55.53,1686,97.34,13,2000,1681.4,84.07,LOW,96.7,3.8,163037.02,SELL NOW
2025-02-25 04:00:00,FPO_Lucknow,Cabbage,36.18,62.38,1066,22.65,2,2000,696.66,34.83,LOW,32.27,3.37,34398.21,STORE
2025-02-25 05:00:00,FPO_Ahmedabad,Potato,31.69,76.69,1913,29.17,12,2500,1571.17,62.85,MEDIUM,37.06,3.43,70891.37,STORE
2025-02-25 06:00:00,FPO_Ahmedabad,Potato,32.58,57.84,807,24.17,6,1500,629.46,41.96,LOW,28.47,2.05,22972.3,STORE
2025-02-25 07:00:00,FPO_Lucknow,Potato,27.8,60.9,1109,21.56,12,1500,1261.8,84.12,MEDIUM,19.98,3.16,22156.89,SELL NOW
2025-02-25 08:00:00,FPO_Indore,Tomato,34.07,73.11,1450,31.82,6,2000,1004.33,50.22,LOW,26.66,4.38,38662.91,SELL NOW
2025-02-25 09:00:00,FPO_Lucknow,Apple,33.09,72.32,722,99.52,12,1500,730.34,48.69,MEDIUM,106.54,3.28,76918.53,SELL NOW
2025-02-25 10:00:00,FPO_Indore,Potato,31.59,63.62,1412,18.03,8,1500,1020.43,68.03,LOW,18.48,2.2,26091.6,SELL NOW
2025-02-25 11:00:00,FPO_Indore,Mango,24.08,60.46,1432,51.97,12,2500,1271.44,50.86,LOW,52.29,2.95,74878.87,SELL NOW
2025-02-25 12:00:00,FPO_Karnal,Cabbage,25.35,79.09,1236,29.94,1,1000,1000.0,100.0,LOW,35.3,4.14,43632.61,STORE
2025-02-25 13:00:00,FPO_Surat,Onion,34.35,60.37,361,18.87,7,1000,329.99,33.0,LOW,19.39,1.97,6999.63,SELL NOW
2025-02-25 14:00:00,FPO_Nagpur,Onion,24.9,47.16,1795,22.46,12,1500,1487.33,99.16,LOW,23.18,3.53,41615.93,SELL NOW
2025-02-25 15:00:00,FPO_Indore,Potato,20.27,59.08,1716,24.52,7,500,500.0,100.0,LOW,24.13,4.88,41410.07,SELL NOW
2025-02-25 16:00:00,FPO_Jaipur,Onion,24.78,73.2,1658,29.91,9,2500,1410.92,56.44,LOW,36.46,2.83,60450.1,STORE
2025-02-25 17:00:00,FPO_Indore,Onion,37.36,62.76,204,37.3,4,1500,258.98,17.27,LOW,35.59,1.65,7261.28,SELL NOW
2025-02-25 18:00:00,FPO_Indore,Tomato,24.79,57.46,401,24.78,7,500,500.0,100.0,LOW,20.42,3.72,8186.66,SELL NOW
2025-02-25 19:00:00,FPO_Indore,Mango,29.97,46.18,615,63.85,12,500,500.0,100.0,MEDIUM,62.1,1.66,38188.62,SELL NOW
2025-02-25 20:00:00,FPO_Karnal,Mango,24.31,62.84,1235,59.12,13,2500,1228.85,49.15,LOW,69.32,2.17,85608.47,STORE
2025-02-25 21:00:00,FPO_Surat,Tomato,32.58,68.42,1147,30.75,6,1000,996.14,99.61,MEDIUM,30.84,1.67,35378.0,SELL NOW
2025-02-25 22:00:00,FPO_Karnal,Tomato,31.22,49.89,1620,28.85,4,2000,1014.18,50.71,LOW,34.31,2.1,55581.15,STORE
2025-02-25 23:00:00,FPO_Ahmedabad,Onion,19.05,62.16,1564,32.52,10,500,500.0,100.0,LOW,33.98,4.49,53138.32,SELL NOW
2025-02-26 00:00:00,FPO_Karnal,Apple,29.61,48.59,951,101.07,12,2000,906.26,45.31,LOW,103.09,4.07,98037.58,SELL NOW
2025-02-26 01:00:00,FPO_Jaipur,Cabbage,17.9,63.07,1149,26.47,8,2000,1188.99,59.45,LOW,36.34,2.7,41753.03,STORE
2025-02-26 02:00:00,FPO_Jaipur,Cabbage,24.68,90.88,572,19.56,3,2500,468.35,18.73,LOW,23.19,4.64,13264.69,STORE
2025-02-26 03:00:00,FPO_Karnal,Onion,27.93,67.58,1601,30.38,8,1000,1000.0,100.0,MEDIUM,41.71,3.83,66784.33,STORE
2025-02-26 04:00:00,FPO_Surat,Cabbage,39.08,41.28,1448,28.01,13,2500,1224.78,48.99,LOW,40.71,3.07,58945.35,STORE
2025-02-26 05:00:00,FPO_Lucknow,Tomato,29.91,69.97,1405,27.74,5,500,500.0,100.0,MEDIUM,38.66,1.74,54321.02,STORE
2025-02-26 06:00:00,FPO_Nagpur,Mango,23.4,84.68,1520,59.49,4,1000,1000.0,100.0,MEDIUM,59.89,4.06,91036.13,SELL NOW
2025-02-26 07:00:00,FPO_Surat,Cabbage,26.1,44.24,1530,15.59,3,1500,1070.15,71.34,LOW,19.47,2.81,29781.97,STORE
2025-02-26 08:00:00,FPO_Karnal,Onion,33.55,49.32,630,37.67,14,1000,731.78,73.18,MEDIUM,48.08,2.56,30293.51,STORE
2025-02-26 09:00:00,FPO_Indore,Apple,23.48,68.88,889,93.16,12,2500,1122.25,44.89,LOW,100.14,2.51,89027.37,SELL NOW
2025-02-26 10:00:00,FPO_Nashik,Onion,34.58,63.69,317,26.91,10,2500,494.22,19.77,LOW,35.73,1.53,11326.21,STORE
2025-02-26 11:00:00,FPO_Nagpur,Potato,24.86,83.17,1575,18.06,7,2000,1421.01,71.05,MEDIUM,27.31,4.1,43010.47,STORE
2025-02-26 12:00:00,FPO_Nagpur,Onion,22.51,62.29,787,31.48,13,1500,894.29,59.62,LOW,41.0,2.01,32268.01,STORE
2025-02-26 13:00:00,FPO_Jaipur,Tomato,25.05,77.38,1269,29.71,7,1000,1000.0,100.0,MEDIUM,27.8,3.32,35284.02,SELL NOW
2025-02-26 14:00:00,FPO_Nagpur,Mango,18.3,87.92,426,63.3,13,1500,659.51,43.97,MEDIUM,66.04,1.56,28133.01,SELL NOW
2025-02-26 15:00:00,FPO_Karnal,Mango,15.0,51.99,1579,63.52,6,2000,1406.02,70.3,LOW,63.31,3.7,99969.75,SELL NOW
2025-02-26 16:00:00,FPO_Indore,Cabbage,27.5,76.22,1517,33.62,3,1500,1329.05,88.6,LOW,36.06,2.79,54700.75,SELL NOW
2025-02-26 17:00:00,FPO_Indore,Tomato,27.6,58.99,1463,26.47,9,1500,1193.33,79.56,LOW,30.56,3.71,44703.12,STORE
2025-02-26 18:00:00,FPO_Ahmedabad,Potato,29.54,31.77,547,17.84,14,1000,741.83,74.18,LOW,21.38,1.81,11696.63,STORE
2025-02-26 19:00:00,FPO_Indore,Tomato,27.48,72.15,340,26.83,11,1500,613.96,40.93,LOW,26.9,2.43,9145.58,SELL NOW
2025-02-26 20:00:00,FPO_Surat,Onion,41.98,73.99,403,24.47,2,2000,88.91,5.0,LOW,21.16,1.89,8528.11,SELL NOW
2025-02-26 21:00:00,FPO_Indore,Tomato,29.01,41.76,1885,26.27,3,500,500.0,100.0,LOW,21.67,3.76,40851.21,SELL NOW
2025-02-26 22:00:00,FPO_Jaipur,Tomato,19.74,58.19,1203,20.24,14,500,500.0,100.0,MEDIUM,32.4,1.88,38982.08,STORE
2025-02-26 23:00:00,FPO_Indore,Potato,21.28,55.65,1865,17.82,1,2500,1039.14,41.57,LOW,27.03,3.66,50416.44,STORE
2025-02-27 00:00:00,FPO_Ahmedabad,Onion,28.0,77.15,1060,21.56,7,500,500.0,100.0,MEDIUM,26.28,1.97,27859.84,STORE
2025-02-27 01:00:00,FPO_Nashik,Apple,25.39,41.76,1044,106.04,2,1000,531.35,53.13,LOW,94.76,4.8,98929.86,SELL NOW
2025-02-27 02:00:00,FPO_Karnal,Apple,20.63,66.6,1194,100.56,10,2500,1173.09,46.92,LOW,99.46,2.96,118753.77,SELL NOW
2025-02-27 03:00:00,FPO_Jaipur,Mango,27.65,30.0,1492,69.4,8,500,500.0,100.0,LOW,74.91,1.94,111766.45,SELL NOW
2025-02-27 04:00:00,FPO_Surat,Cabbage,27.73,70.69,512,30.55,9,500,500.0,100.0,MEDIUM,37.79,1.65,19349.02,STORE
2025-02-27 05:00:00,FPO_Nashik,Tomato,37.57,66.88,1641,34.05,12,2500,1569.67,62.79,HIGH,35.5,2.65,58250.09,SELL NOW
2025-02-27 06:00:00,FPO_Jaipur,Mango,22.5,57.34,336,59.3,11,1000,786.52,78.65,LOW,65.08,4.62,21868.29,SELL NOW
2025-02-27 07:00:00,FPO_Lucknow,Potato,25.49,86.42,1851,24.45,14,2500,1645.94,65.84,HIGH,26.98,2.0,49945.7,SELL NOW
2025-02-27 08:00:00,FPO_Nagpur,Apple,37.56,30.0,550,95.52,2,1000,278.98,27.9,LOW,104.2,4.27,57309.44,SELL NOW
2025-02-27 09:00:00,FPO_Lucknow,Tomato,29.97,64.73,1384,25.34,6,1000,1000.0,100.0,MEDIUM,28.15,2.96,38965.77,STORE
2025-02-27 10:00:00,FPO_Indore,Potato,22.47,82.96,1890,22.07,11,2000,1630.3,81.51,MEDIUM,24.72,4.31,46714.49,STORE
2025-02-27 11:00:00,FPO_Nashik,Cabbage,23.71,66.93,372,16.3,1,500,316.62,63.32,LOW,16.81,4.56,6253.42,SELL NOW
2025-02-27 12:00:00,FPO_Indore,Potato,20.72,85.49,1353,19.47,8,500,500.0,100.0,MEDIUM,26.25,4.99,35511.82,STORE
2025-02-27 13:00:00,FPO_Nagpur,Tomato,28.46,58.24,278,31.96,5,1500,254.21,16.95,LOW,37.05,1.74,10298.91,STORE
2025-02-27 14:00:00,FPO_Jaipur,Cabbage,34.19,62.49,1178,22.55,9,2500,1122.88,44.92,LOW,19.77,4.29,23284.22,SELL NOW
2025-02-27 15:00:00,FPO_Nagpur,Potato,37.79,83.5,768,18.32,3,2000,575.93,28.8,LOW,23.26,1.74,17863.09,STORE
2025-02-27 16:00:00,FPO_Ahmedabad,Cabbage,19.08,78.42,1062,23.08,2,500,500.0,100.0,LOW,27.01,2.6,28686.77,STORE
2025-02-27 17:00:00,FPO_Nagpur,Tomato,33.21,95.0,256,31.74,7,1500,308.33,20.56,MEDIUM,39.56,3.76,10126.86,STORE
2025-02-27 18:00:00,FPO_Ahmedabad,Tomato,28.99,66.54,1623,29.8,11,2000,1522.82,76.14,MEDIUM,32.36,3.07,52513.35,SELL NOW
2025-02-27 19:00:00,FPO_Nagpur,Cabbage,26.43,68.0,562,23.87,7,1000,610.38,61.04,LOW,22.0,3.48,12366.17,SELL NOW
2025-02-27 20:00:00,FPO_Karnal,Onion,25.5,58.08,1558,30.09,13,500,500.0,100.0,MEDIUM,30.83,4.88,48033.02,SELL NOW
2025-02-27 21:00:00,FPO_Ahmedabad,Mango,16.47,61.94,333,64.29,10,2500,535.86,21.43,LOW,76.46,4.37,25460.06,STORE
2025-02-27 22:00:00,FPO_Nashik,Potato,31.83,81.17,213,28.54,5,2000,391.72,19.59,LOW,30.47,2.77,6490.9,SELL NOW
2025-02-27 23:00:00,FPO_Indore,Potato,20.09,65.0,482,19.63,7,1500,479.12,31.94,LOW,27.79,3.6,13396.05,STORE
2025-02-28 00:00:00,FPO_Surat,Onion,23.51,52.89,1005,29.59,12,2500,823.03,32.92,LOW,25.74,1.67,25864.53,SELL NOW
2025-02-28 01:00:00,FPO_Indore,Onion,30.51,59.36,1882,36.22,6,1000,1000.0,100.0,LOW,41.2,3.09,77545.81,STORE
2025-02-28 02:00:00,FPO_Lucknow,Onion,17.1,63.65,1644,32.61,9,2500,1472.44,58.9,LOW,27.95,3.63,45945.81,SELL NOW
2025-02-28 03:00:00,FPO_Indore,Apple,20.08,53.86,326,92.99,12,1500,666.72,44.45,LOW,96.34,4.0,31405.66,SELL NOW
2025-02-28 04:00:00,FPO_Jaipur,Apple,35.31,58.13,1995,95.53,3,1000,1000.0,100.0,LOW,94.83,4.66,189189.82,SELL NOW
2025-02-28 05:00:00,FPO_Karnal,Cabbage,28.73,50.0,417,20.69,4,1500,313.99,20.93,LOW,19.07,2.49,7950.94,SELL NOW
2025-02-28 06:00:00,FPO_Nagpur,Apple,24.03,58.66,944,97.92,9,500,500.0,100.0,LOW,95.71,4.66,90347.05,SELL NOW
2025-02-28 07:00:00,FPO_Lucknow,Tomato,28.76,82.49,879,29.85,10,1500,1224.81,81.65,MEDIUM,31.78,3.82,27934.63,SELL NOW
2025-02-28 08:00:00,FPO_Jaipur,Cabbage,32.02,65.73,1878,34.43,14,2500,1676.72,67.07,MEDIUM,27.92,1.77,52440.53,SELL NOW
2025-02-28 09:00:00,FPO_Jaipur,Potato,34.75,95.0,1712,21.59,13,500,500.0,100.0,HIGH,17.39,2.83,29769.86,SELL NOW
2025-02-28 10:00:00,FPO_Ahmedabad,Mango,21.33,53.54,1196,63.3,8,500,500.0,100.0,LOW,66.77,3.17,79851.81,SELL NOW
2025-02-28 11:00:00,FPO_Indore,Tomato,21.85,72.28,459,33.67,10,2000,669.65,33.48,LOW,27.93,2.73,12821.46,SELL NOW
2025-02-28 12:00:00,FPO_Nashik,Potato,31.65,68.33,1441,29.43,6,2500,1105.38,44.22,LOW,24.83,1.91,35774.2,SELL NOW
2025-02-28 13:00:00,FPO_Surat,Potato,31.84,74.76,1881,27.67,12,2500,1521.03,60.84,MEDIUM,39.61,3.43,74501.58,STORE
2025-02-28 14:00:00,FPO_Nashik,Cabbage,19.94,55.91,1712,21.27,3,1000,1000.0,100.0,LOW,32.12,1.96,54991.9,STORE
2025-02-28 15:00:00,FPO_Lucknow,Onion,22.08,59.47,1666,22.75,12,1500,1500.0,100.0,LOW,21.58,4.7,35959.17,SELL NOW
2025-02-28 16:00:00,FPO_Karnal,Onion,26.84,71.11,298,26.86,9,1500,428.42,28.56,LOW,31.5,4.53,9387.68,STORE
2025-02-28 17:00:00,FPO_Nashik,Tomato,28.14,57.43,381,28.84,9,2500,611.79,24.47,LOW,27.72,3.16,10562.22,SELL NOW
2025-02-28 18:00:00,FPO_Nagpur,Onion,28.31,38.4,368,26.28,11,1500,322.63,21.51,LOW,25.38,1.74,9338.43,SELL NOW
2025-02-28 19:00:00,FPO_Nashik,Potato,19.84,84.66,432,13.87,6,2500,801.28,32.05,LOW,5.0,3.43,2160.0,SELL NOW
2025-02-28 20:00:00,FPO_Lucknow,Onion,28.25,78.32,1155,23.92,2,500,500.0,100.0,LOW,34.57,3.57,39924.77,STORE
2025-02-28 21:00:00,FPO_Surat,Apple,23.7,58.74,1316,115.03,7,1500,1259.58,83.97,LOW,120.81,4.61,158980.35,SELL NOW
2025-02-28 22:00:00,FPO_Nashik,Onion,21.0,68.27,1852,28.9,9,1500,1500.0,100.0,LOW,35.62,1.74,65960.06,STORE
2025-02-28 23:00:00,FPO_Nagpur,Potato,27.93,80.1,671,31.0,9,2500,792.05,31.68,LOW,36.66,3.92,24600.47,STORE
2025-03-01 00:00:00,FPO_Ahmedabad,Cabbage,27.32,85.16,1739,23.83,3,2500,1210.08,48.4,LOW,25.83,3.47,44919.48,SELL NOW
2025-03-01 01:00:00,FPO_Karnal,Tomato,32.81,66.56,1308,31.96,2,1000,900.48,90.05,LOW,32.53,2.11,42555.3,SELL NOW
2025-03-01 02:00:00,FPO_Lucknow,Mango,22.83,56.22,878,59.28,12,1500,978.52,65.23,LOW,62.11,1.93,54533.55,SELL NOW
2025-03-01 03:00:00,FPO_Ahmedabad,Onion,29.41,86.96,1742,30.04,5,2000,1286.88,64.34,MEDIUM,40.36,3.93,70315.8,STORE
2025-03-01 04:00:00,FPO_Ahmedabad,Potato,18.59,66.42,580,25.89,11,2500,765.47,30.62,LOW,29.01,2.69,16824.25,STORE
2025-03-01 05:00:00,FPO_Ahmedabad,Mango,26.35,62.79,1630,57.99,10,2000,1395.32,69.77,LOW,70.69,5.0,115230.04,STORE
2025-03-01 06:00:00,FPO_Jaipur,Mango,30.78,68.95,1455,54.03,13,500,500.0,100.0,HIGH,53.14,4.63,77325.38,SELL NOW
2025-03-01 07:00:00,FPO_Karnal,Apple,31.29,82.32,450,95.97,7,500,500.0,100.0,HIGH,91.52,3.48,41185.73,SELL NOW
2025-03-01 08:00:00,FPO_Surat,Mango,31.33,64.42,1308,55.95,3,2000,906.39,45.32,LOW,54.34,3.75,71073.17,SELL NOW
2025-03-01 09:00:00,FPO_Indore,Cabbage,32.83,79.79,518,25.42,12,500,500.0,100.0,HIGH,27.62,2.06,14306.78,SELL NOW
2025-03-01 10:00:00,FPO_Karnal,Potato,25.33,61.87,392,12.52,4,2000,440.11,22.01,LOW,22.46,4.63,8805.86,STORE
2025-03-01 11:00:00,FPO_Jaipur,Potato,30.97,74.14,1858,23.53,10,1000,1000.0,100.0,HIGH,24.1,3.11,44782.52,SELL NOW
2025-03-01 12:00:00,FPO_Indore,Onion,39.21,50.78,1136,36.33,2,1000,624.23,62.42,LOW,32.04,3.32,36398.77,SELL NOW
2025-03-01 13:00:00,FPO_Karnal,Onion,25.2,81.04,800,27.46,12,500,500.0,100.0,HIGH,30.52,4.56,24419.97,SELL NOW
2025-03-01 14:00:00,FPO_Ahmedabad,Onion,36.28,54.86,806,26.73,12,2000,827.31,41.37,MEDIUM,35.84,1.52,28883.68,STORE
2025-03-01 15:00:00,FPO_Lucknow,Cabbage,33.26,71.89,1523,34.84,11,2000,1336.17,66.81,MEDIUM,37.81,3.23,57591.26,SELL NOW
2025-03-01 16:00:00,FPO_Indore,Mango,26.4,42.7,1581,67.36,14,2000,1380.16,69.01,LOW,71.37,3.69,112833.63,SELL NOW
2025-03-01 17:00:00,FPO_Nagpur,Mango,26.9,65.37,1780,62.14,14,500,500.0,100.0,MEDIUM,65.0,2.06,115704.74,SELL NOW
2025-03-01 18:00:00,FPO_Nagpur,Apple,28.71,67.82,964,96.26,10,2000,962.83,48.14,LOW,98.21,1.74,94674.03,SELL NOW
2025-03-01 19:00:00,FPO_Nashik,Cabbage,32.92,54.78,1676,27.92,13,2500,1392.19,55.69,MEDIUM,42.92,3.37,71934.36,STORE
2025-03-01 20:00:00,FPO_Indore,Onion,30.42,63.35,1084,24.96,12,2000,1153.64,57.68,MEDIUM,34.53,3.42,37425.74,STORE
2025-03-01 21:00:00,FPO_Lucknow,Tomato,25.15,68.93,1190,21.39,13,2500,1216.13,48.65,LOW,33.75,2.66,40168.19,STORE
2025-03-01 22:00:00,FPO_Surat,Apple,15.51,73.45,1786,102.26,2,1000,1000.0,100.0,LOW,119.68,4.59,213756.51,STORE
2025-03-01 23:00:00,FPO_Jaipur,Tomato,32.03,66.5,705,25.61,7,2500,470.36,18.81,LOW,35.04,2.55,24703.81,STORE
2025-03-02 00:00:00,FPO_Ahmedabad,Mango,16.41,84.99,264,49.88,2,1000,508.86,50.89,LOW,50.53,3.31,13339.97,SELL NOW
2025-03-02 01:00:00,FPO_Nashik,Apple,19.8,82.37,1789,102.93,1,500,500.0,100.0,LOW,110.35,2.15,197413.63,SELL NOW
2025-03-02 02:00:00,FPO_Nagpur,Apple,25.59,64.54,421,107.3,4,1000,410.94,41.09,LOW,119.86,1.54,50459.74,STORE
2025-03-02 03:00:00,FPO_Jaipur,Potato,20.72,45.05,665,25.3,14,1000,887.28,88.73,LOW,30.97,2.99,20592.96,STORE
2025-03-02 04:00:00,FPO_Jaipur,Mango,29.91,57.69,271,57.51,6,2000,441.79,22.09,LOW,58.78,3.34,15929.5,SELL NOW
2025-03-02 05:00:00,FPO_Ahmedabad,Mango,26.22,31.56,1087,49.3,10,1500,955.72,63.71,LOW,59.17,4.18,64314.29,STORE
2025-03-02 06:00:00,FPO_Surat,Cabbage,32.71,62.25,673,25.73,10,1000,867.32,86.73,MEDIUM,22.36,3.07,15050.52,SELL NOW
2025-03-02 07:00:00,FPO_Surat,Apple,18.35,86.03,1903,96.72,4,2500,1502.78,60.11,LOW,100.42,2.48,191104.56,SELL NOW
2025-03-02 08:00:00,FPO_Indore,Mango,24.03,76.87,1921,55.49,1,500,500.0,100.0,LOW,62.29,3.61,119655.25,STORE
2025-03-02 09:00:00,FPO_Nagpur,Apple,28.03,66.25,854,90.27,1,2500,691.34,27.65,LOW,92.73,2.83,79189.54,SELL NOW
2025-03-02 10:00:00,FPO_Surat,Cabbage,28.26,54.09,218,34.39,9,500,424.44,84.89,LOW,40.51,2.32,8831.73,STORE
2025-03-02 11:00:00,FPO_Lucknow,Cabbage,32.16,66.83,721,19.51,1,2500,396.15,15.85,LOW,25.78,4.69,18584.91,STORE
2025-03-02 12:00:00,FPO_Surat,Potato,22.51,95.0,983,12.89,7,1000,963.18,96.32,MEDIUM,18.69,3.38,18374.56,STORE
2025-03-02 13:00:00,FPO_Jaipur,Apple,25.19,87.32,1906,108.47,11,1500,1500.0,100.0,HIGH,110.53,2.2,210671.74,SELL NOW
2025-03-02 14:00:00,FPO_Ahmedabad,Mango,31.04,62.75,614,60.16,12,1000,634.83,63.48,MEDIUM,61.14,3.85,37540.41,SELL NOW
2025-03-02 15:00:00,FPO_Lucknow,Mango,15.0,42.77,563,59.38,12,2000,881.98,44.1,LOW,61.8,4.31,34795.01,SELL NOW
2025-03-02 16:00:00,FPO_Indore,Apple,30.31,95.0,727,101.55,12,2500,890.49,35.62,HIGH,97.69,4.15,71019.56,SELL NOW
2025-03-02 17:00:00,FPO_Nagpur,Apple,32.58,54.07,1303,102.18,14,1500,1151.67,76.78,MEDIUM,112.06,3.6,146013.3,SELL NOW
2025-03-02 18:00:00,FPO_Indore,Apple,20.0,72.95,995,101.07,7,2500,1380.5,55.22,LOW,106.77,3.32,106238.04,SELL NOW
2025-03-02 19:00:00,FPO_Jaipur,Onion,26.11,41.62,1413,22.47,1,2000,754.12,37.71,LOW,26.31,4.22,37174.83,STORE
2025-03-02 20:00:00,FPO_Lucknow,Mango,36.96,60.15,1371,52.08,1,2000,802.18,40.11,LOW,51.69,3.98,70869.2,SELL NOW
2025-03-02 21:00:00,FPO_Lucknow,Cabbage,31.96,41.56,1898,21.36,6,2000,1082.65,54.13,LOW,25.0,3.5,47449.14,STORE
2025-03-02 22:00:00,FPO_Lucknow,Mango,30.68,47.57,642,57.45,8,1000,719.99,72.0,LOW,60.99,3.8,39157.66,SELL NOW
2025-03-02 23:00:00,FPO_Jaipur,Onion,33.95,51.13,464,28.2,7,1000,400.18,40.02,LOW,29.02,2.09,13466.28,SELL NOW
2025-03-03 00:00:00,FPO_Jaipur,Apple,38.83,72.16,849,101.14,6,1500,749.39,49.96,MEDIUM,109.39,1.57,92874.89,SELL NOW
2025-03-03 01:00:00,FPO_Indore,Potato,28.11,63.56,708,20.6,10,2000,681.66,34.08,LOW,17.95,4.76,12708.43,SELL NOW
2025-03-03 02:00:00,FPO_Nashik,Apple,25.56,95.0,1524,96.6,3,1000,1000.0,100.0,MEDIUM,95.04,4.77,144846.66,SELL NOW
2025-03-03 03:00:00,FPO_Indore,Apple,33.93,82.01,665,101.97,14,500,500.0,100.0,HIGH,110.53,4.26,73503.32,SELL NOW
2025-03-03 04:00:00,FPO_Nagpur,Onion,26.88,82.33,564,33.57,12,500,500.0,100.0,HIGH,44.09,2.8,24866.62,SELL NOW
2025-03-03 05:00:00,FPO_Ahmedabad,Mango,22.43,72.56,1622,55.96,11,1000,1000.0,100.0,MEDIUM,60.35,2.03,97889.4,SELL NOW
2025-03-03 06:00:00,FPO_Lucknow,Apple,24.76,69.14,692,93.16,7,1500,542.5,36.17,LOW,91.22,2.75,63127.14,SELL NOW
2025-03-03 07:00:00,FPO_Nashik,Mango,29.87,82.84,741,60.9,6,2500,459.21,18.37,LOW,70.51,4.04,52249.66,STORE
2025-03-03 08:00:00,FPO_Ahmedabad,Tomato,25.3,30.0,1703,25.9,8,2000,1242.41,62.12,LOW,29.95,2.67,51012.3,STORE
2025-03-03 09:00:00,FPO_Nashik,Cabbage,25.75,55.67,1391,29.18,4,1000,1000.0,100.0,LOW,32.8,4.29,45619.47,STORE
2025-03-03 10:00:00,FPO_Surat,Mango,21.84,44.59,1826,55.07,9,1500,1385.14,92.34,LOW,65.8,3.86,120146.8,STORE
2025-03-03 11:00:00,FPO_Surat,Potato,36.61,36.74,1314,15.97,1,2500,814.04,32.56,LOW,23.15,3.7,30412.56,STORE
2025-03-03 12:00:00,FPO_Karnal,Cabbage,25.94,53.47,922,21.83,12,1500,984.85,65.66,LOW,22.99,4.76,21198.61,SELL NOW
2025-03-03 13:00:00,FPO_Surat,Potato,23.73,47.78,1041,24.6,13,2500,1260.43,50.42,LOW,19.75,4.63,20556.19,SELL NOW
2025-03-03 14:00:00,FPO_Indore,Apple,24.37,82.91,499,98.24,7,500,500.0,100.0,MEDIUM,99.66,3.99,49731.89,SELL NOW
2025-03-03 15:00:00,FPO_Surat,Cabbage,32.82,66.37,373,24.56,9,2500,488.05,19.52,LOW,29.93,2.2,11162.51,STORE
2025-03-03 16:00:00,FPO_Jaipur,Mango,31.44,34.85,845,57.52,10,500,500.0,100.0,LOW,63.71,4.79,53836.19,STORE
2025-03-03 17:00:00,FPO_Lucknow,Cabbage,24.99,69.71,1596,30.08,14,2000,1635.16,81.76,MEDIUM,26.95,2.29,43008.07,SELL NOW
2025-03-03 18:00:00,FPO_Indore,Apple,28.19,49.82,223,102.42,1,1000,162.93,16.29,LOW,102.17,2.8,22783.57,SELL NOW
2025-03-03 19:00:00,FPO_Ahmedabad,Onion,29.66,65.93,1424,22.39,10,500,500.0,100.0,MEDIUM,10.61,4.39,15113.86,SELL NOW
2025-03-03 20:00:00,FPO_Karnal,Potato,23.78,70.91,930,26.51,3,1500,801.23,53.42,LOW,31.24,2.23,29051.25,STORE
2025-03-03 21:00:00,FPO_Karnal,Apple,18.76,53.74,206,102.95,7,2500,241.18,9.65,LOW,97.38,3.74,20060.6,SELL NOW
2025-03-03 22:00:00,FPO_Karnal,Onion,31.09,68.26,1229,35.42,9,1500,978.79,65.25,MEDIUM,36.13,3.1,44406.11,SELL NOW
2025-03-03 23:00:00,FPO_Ahmedabad,Cabbage,24.11,71.03,1853,22.36,14,500,500.0,100.0,MEDIUM,20.87,3.68,38668.68,SELL NOW
2025-03-04 00:00:00,FPO_Ahmedabad,Cabbage,30.64,62.54,1384,20.3,1,1500,751.62,50.11,LOW,26.67,4.85,36910.66,STORE
2025-03-04 01:00:00,FPO_Ahmedabad,Apple,29.93,54.21,1820,99.59,6,2500,1279.07,51.16,LOW,104.51,4.33,190201.01,SELL NOW
2025-03-04 02:00:00,FPO_Ahmedabad,Mango,28.33,65.05,1077,60.82,11,1000,1000.0,100.0,MEDIUM,60.15,2.54,64777.98,SELL NOW
2025-03-04 03:00:00,FPO_Karnal,Cabbage,25.44,62.91,1471,30.93,14,1500,1472.85,98.19,MEDIUM,34.7,1.7,51040.72,STORE
2025-03-04 04:00:00,FPO_Karnal,Mango,24.2,69.75,365,63.18,2,2000,358.59,17.93,LOW,69.56,4.88,25389.44,STORE
2025-03-04 05:00:00,FPO_Nashik,Mango,21.17,61.04,627,60.75,5,2500,675.5,27.02,LOW,65.26,3.55,40920.42,SELL NOW
2025-03-04 06:00:00,FPO_Indore,Mango,24.31,47.12,344,59.36,14,2500,791.17,31.65,LOW,45.48,2.11,15646.7,SELL NOW
2025-03-04 07:00:00,FPO_Lucknow,Tomato,31.41,62.46,1734,28.08,7,2000,1184.14,59.21,LOW,42.62,3.69,73901.26,STORE
2025-03-04 08:00:00,FPO_Surat,Onion,36.39,69.9,1766,28.03,14,500,500.0,100.0,HIGH,33.72,1.65,59544.4,SELL NOW
2025-03-04 09:00:00,FPO_Surat,Onion,35.51,67.78,1132,33.39,7,2000,996.53,49.83,LOW,42.01,2.16,47556.94,STORE
2025-03-04 10:00:00,FPO_Jaipur,Cabbage,28.87,63.34,708,17.74,10,500,500.0,100.0,MEDIUM,17.13,3.71,12125.55,SELL NOW
2025-03-04 11:00:00,FPO_Karnal,Cabbage,36.38,57.7,1106,25.04,7,1000,830.0,83.0,MEDIUM,23.37,2.91,25851.78,SELL NOW
2025-03-04 12:00:00,FPO_Jaipur,Mango,26.16,56.92,1443,65.22,12,500,500.0,100.0,MEDIUM,65.57,2.64,94616.77,SELL NOW
2025-03-04 13:00:00,FPO_Indore,Tomato,20.25,58.48,844,22.32,4,1000,784.45,78.44,LOW,35.32,3.79,29811.95,STORE
2025-03-04 14:00:00,FPO_Indore,Mango,39.53,81.14,1799,69.72,12,1000,1000.0,100.0,HIGH,71.13,4.53,127969.95,SELL NOW
2025-03-04 15:00:00,FPO_Jaipur,Tomato,31.2,50.78,275,22.61,6,2000,400.94,20.05,LOW,25.3,3.88,6956.18,STORE
2025-03-04 16:00:00,FPO_Karnal,Mango,18.79,66.36,1866,57.48,11,1000,1000.0,100.0,LOW,69.76,3.12,130168.72,STORE
2025-03-04 17:00:00,FPO_Jaipur,Potato,37.35,46.13,1023,27.13,10,500,500.0,100.0,MEDIUM,28.33,3.81,28976.56,SELL NOW
2025-03-04 18:00:00,FPO_Surat,Potato,23.54,76.47,1542,29.26,6,1500,1077.05,71.8,LOW,32.34,3.93,49866.08,STORE
2025-03-04 19:00:00,FPO_Nashik,Apple,24.84,56.96,1261,101.79,7,2500,1013.72,40.55,LOW,98.16,4.21,123778.43,SELL NOW
2025-03-04 20:00:00,FPO_Surat,Mango,34.13,52.62,765,61.66,9,2500,573.98,22.96,LOW,74.38,2.57,56901.39,STORE
2025-03-04 21:00:00,FPO_Nagpur,Cabbage,36.17,68.23,1865,33.94,6,500,500.0,100.0,MEDIUM,33.14,1.9,61811.88,SELL NOW
2025-03-04 22:00:00,FPO_Karnal,Onion,22.0,30.0,1953,23.16,12,1500,1500.0,100.0,LOW,25.3,3.89,49405.89,SELL NOW
2025-03-04 23:00:00,FPO_Karnal,Apple,36.83,45.51,1737,91.38,10,1000,1000.0,100.0,MEDIUM,77.66,1.92,134902.03,SELL NOW
2025-03-05 00:00:00,FPO_Lucknow,Cabbage,33.25,70.41,1469,15.38,1,500,500.0,100.0,LOW,17.53,3.12,25744.47,STORE
2025-03-05 01:00:00,FPO_Ahmedabad,Potato,23.2,80.22,1363,17.74,8,1000,1000.0,100.0,MEDIUM,20.36,2.31,27747.67,STORE
2025-03-05 02:00:00,FPO_Nagpur,Mango,26.52,71.76,1481,56.42,2,2000,1103.11,55.16,LOW,57.34,2.66,84915.86,SELL NOW
2025-03-05 03:00:00,FPO_Indore,Apple,37.1,67.09,816,101.9,3,1500,536.32,35.75,LOW,96.21,3.15,78506.98,SELL NOW
2025-03-05 04:00:00,FPO_Karnal,Mango,18.64,95.0,580,65.04,12,2500,864.11,34.56,MEDIUM,70.77,4.64,41043.95,SELL NOW
2025-03-05 05:00:00,FPO_Jaipur,Potato,36.28,72.37,1047,26.54,5,500,500.0,100.0,MEDIUM,20.04,3.88,20983.96,SELL NOW
2025-03-05 06:00:00,FPO_Nagpur,Apple,33.08,49.33,1701,104.4,6,2500,1276.26,51.05,LOW,99.11,2.1,168591.39,SELL NOW
2025-03-05 07:00:00,FPO_Lucknow,Potato,31.05,80.37,1408,17.21,7,1000,1000.0,100.0,MEDIUM,18.91,4.58,26624.28,SELL NOW
2025-03-05 08:00:00,FPO_Indore,Tomato,28.79,55.38,502,29.92,12,1000,427.71,42.77,LOW,38.98,3.25,19568.87,STORE
2025-03-05 09:00:00,FPO_Ahmedabad,Potato,39.82,54.38,1717,18.33,4,2000,1065.3,53.26,LOW,21.09,2.21,36214.11,STORE
2025-03-05 10:00:00,FPO_Ahmedabad,Mango,40.71,44.29,955,63.0,3,1000,586.12,58.61,LOW,67.49,3.35,64456.8,SELL NOW
2025-03-05 11:00:00,FPO_Lucknow,Onion,24.31,58.83,363,30.21,9,1000,551.26,55.13,LOW,29.86,2.17,10837.87,SELL NOW
2025-03-05 12:00:00,FPO_Lucknow,Potato,31.67,46.56,1867,26.42,4,2500,1137.78,45.51,LOW,26.06,2.79,48648.91,SELL NOW
2025-03-05 13:00:00,FPO_Jaipur,Cabbage,39.25,73.36,1426,36.88,9,2500,1073.41,42.94,MEDIUM,44.29,4.32,63154.01,STORE
2025-03-05 14:00:00,FPO_Karnal,Onion,23.29,63.12,1631,29.84,9,500,500.0,100.0,LOW,39.0,3.81,63604.28,STORE
2025-03-05 15:00:00,FPO_Ahmedabad,Tomato,29.46,44.59,1433,22.48,11,500,500.0,100.0,LOW,31.04,3.17,44475.46,STORE
2025-03-05 16:00:00,FPO_Indore,Apple,34.02,63.78,300,91.84,12,1000,596.35,59.63,MEDIUM,97.93,2.29,29378.03,SELL NOW
2025-03-05 17:00:00,FPO_Nagpur,Apple,15.91,79.91,1669,95.52,14,1500,1500.0,100.0,MEDIUM,100.16,2.49,167158.83,SELL NOW
2025-03-05 18:00:00,FPO_Indore,Onion,32.97,89.33,1097,35.33,3,500,500.0,100.0,MEDIUM,31.16,4.92,34182.16,SELL NOW
2025-03-05 19:00:00,FPO_Nashik,Apple,21.47,38.16,982,102.42,3,1000,577.86,57.79,LOW,102.58,2.7,100735.61,SELL NOW
2025-03-05 20:00:00,FPO_Nashik,Potato,29.15,53.32,1784,23.15,13,2500,1574.58,62.98,LOW,22.58,3.66,40287.54,SELL NOW
2025-03-05 21:00:00,FPO_Lucknow,Onion,34.87,45.66,567,31.91,14,2000,552.38,27.62,LOW,35.26,3.25,19995.22,STORE
2025-03-05 22:00:00,FPO_Jaipur,Mango,15.0,70.3,1462,63.6,11,2500,1503.89,60.16,LOW,70.49,1.58,103054.75,STORE
2025-03-05 23:00:00,FPO_Nashik,Potato,32.72,43.87,926,14.21,13,2500,984.7,39.39,LOW,15.53,4.81,14378.99,SELL NOW
2025-03-06 00:00:00,FPO_Ahmedabad,Potato,40.23,80.89,1514,26.93,8,2000,1301.74,65.09,HIGH,17.47,1.81,26442.54,SELL NOW
2025-03-06 01:00:00,FPO_Indore,Potato,24.8,83.06,571,23.95,1,2500,461.95,18.48,LOW,33.26,3.81,18990.17,STORE
2025-03-06 02:00:00,FPO_Indore,Mango,31.46,77.27,1061,52.8,6,500,500.0,100.0,MEDIUM,51.31,4.34,54439.25,SELL NOW
2025-03-06 03:00:00,FPO_Lucknow,Tomato,36.01,54.24,1654,29.68,6,2500,1202.95,48.12,LOW,28.47,4.12,47081.77,SELL NOW
2025-03-06 04:00:00,FPO_Karnal,Cabbage,18.44,55.19,479,18.49,9,2000,722.46,36.12,LOW,24.71,4.33,11837.12,STORE
2025-03-06 05:00:00,FPO_Karnal,Apple,32.54,58.15,1690,102.55,2,1000,966.83,96.68,LOW,102.97,4.09,174021.83,SELL NOW
2025-03-06 06:00:00,FPO_Nagpur,Onion,34.14,81.58,515,30.6,14,1000,789.41,78.94,HIGH,33.72,3.06,17365.31,SELL NOW
2025-03-06 07:00:00,FPO_Lucknow,Tomato,31.83,39.53,1300,22.95,8,1000,1000.0,100.0,LOW,27.62,4.64,35904.21,STORE
2025-03-06 08:00:00,FPO_Surat,Onion,28.52,70.79,1015,32.07,7,2000,937.1,46.85,LOW,35.82,4.69,36353.81,STORE
2025-03-06 09:00:00,FPO_Nagpur,Apple,22.0,51.0,350,104.05,2,2000,239.28,11.96,LOW,105.79,3.03,37027.02,SELL NOW
2025-03-06 10:00:00,FPO_Surat,Mango,36.35,58.71,1619,57.13,1,500,500.0,100.0,LOW,60.75,3.2,98360.13,SELL NOW
2025-03-06 11:00:00,FPO_Karnal,Potato,28.21,76.04,1208,25.91,4,2000,831.65,41.58,LOW,40.54,3.2,48967.1,STORE
2025-03-06 12:00:00,FPO_Lucknow,Potato,22.58,42.27,1719,20.61,2,1000,1000.0,100.0,LOW,30.08,2.48,51716.01,STORE
2025-03-06 13:00:00,FPO_Surat,Mango,26.09,60.83,1520,64.37,3,2000,1004.33,50.22,LOW,72.17,1.9,109703.9,STORE
2025-03-06 14:00:00,FPO_Lucknow,Tomato,30.21,63.07,868,27.52,14,1500,1042.5,69.5,MEDIUM,32.92,2.42,28576.95,STORE
2025-03-06 15:00:00,FPO_Lucknow,Tomato,18.63,64.44,1933,33.87,2,2500,1315.45,52.62,LOW,45.32,4.45,87609.63,STORE
2025-03-06 16:00:00,FPO_Karnal,Onion,28.11,63.45,606,25.43,14,500,500.0,100.0,MEDIUM,33.27,3.4,20160.52,STORE
2025-03-06 17:00:00,FPO_Nagpur,Mango,25.5,73.35,486,55.58,9,1000,539.04,53.9,LOW,65.55,4.48,31855.0,STORE
2025-03-06 18:00:00,FPO_Nagpur,Tomato,36.02,58.22,1716,24.06,4,1000,1000.0,100.0,MEDIUM,34.21,4.11,58696.22,STORE
2025-03-06 19:00:00,FPO_Lucknow,Mango,16.75,70.48,1116,60.63,1,1500,756.1,50.41,LOW,67.48,2.72,75310.92,STORE
2025-03-06 20:00:00,FPO_Nashik,Apple,33.63,69.95,1759,99.24,8,500,500.0,100.0,MEDIUM,105.35,2.15,185311.97,SELL NOW
2025-03-06 21:00:00,FPO_Jaipur,Potato,36.5,69.29,1679,23.43,4,2500,1140.81,45.63,LOW,25.27,3.49,42422.46,SELL NOW
2025-03-06 22:00:00,FPO_Karnal,Potato,16.98,72.92,691,16.18,14,500,500.0,100.0,MEDIUM,29.31,4.78,20255.14,STORE
2025-03-06 23:00:00,FPO_Jaipur,Potato,17.7,69.23,1232,18.41,10,500,500.0,100.0,LOW,21.56,4.44,26562.69,STORE
2025-03-07 00:00:00,FPO_Jaipur,Mango,38.72,63.65,1355,66.35,11,1000,1000.0,100.0,HIGH,64.19,4.17,86976.49,SELL NOW
2025-03-07 01:00:00,FPO_Nagpur,Mango,22.57,45.97,1300,61.86,11,2000,1201.75,60.09,LOW,67.09,4.17,87223.4,SELL NOW
2025-03-07 02:00:00,FPO_Nagpur,Onion,45.0,85.36,937,33.12,8,2500,611.09,24.44,HIGH,35.53,3.35,33291.22,SELL NOW
2025-03-07 03:00:00,FPO_Nashik,Potato,17.16,90.42,330,20.72,8,500,437.11,87.42,MEDIUM,19.03,2.09,6279.45,SELL NOW
2025-03-07 04:00:00,FPO_Jaipur,Onion,29.02,59.61,1196,31.47,9,1500,1006.86,67.12,LOW,30.07,2.5,35964.94,SELL NOW
2025-03-07 05:00:00,FPO_Jaipur,Potato,27.86,71.85,1635,19.63,14,1000,1000.0,100.0,HIGH,23.15,3.52,37844.52,SELL NOW
2025-03-07 06:00:00,FPO_Lucknow,Onion,26.75,56.79,1313,20.75,12,2000,1208.3,60.42,LOW,24.58,2.61,32267.34,STORE
2025-03-07 07:00:00,FPO_Nagpur,Onion,30.78,54.2,697,35.18,10,2000,863.81,43.19,LOW,31.37,4.24,21867.63,SELL NOW
2025-03-07 08:00:00,FPO_Jaipur,Apple,31.12,65.83,1852,100.91,7,1000,1000.0,100.0,MEDIUM,102.19,2.81,189260.32,SELL NOW
2025-03-07 09:00:00,FPO_Indore,Onion,26.99,95.0,821,26.34,4,500,500.0,100.0,MEDIUM,34.35,1.9,28203.47,STORE
2025-03-07 10:00:00,FPO_Nashik,Mango,21.91,88.93,1088,60.01,12,1000,1000.0,100.0,HIGH,50.25,4.24,54673.87,SELL NOW
2025-03-07 11:00:00,FPO_Surat,Onion,34.29,86.68,553,27.67,12,2000,827.65,41.38,HIGH,29.46,3.94,16288.7,SELL NOW
2025-03-07 12:00:00,FPO_Indore,Potato,31.77,72.78,470,29.49,14,2000,849.08,42.45,MEDIUM,32.65,2.39,15345.54,STORE
2025-03-07 13:00:00,FPO_Indore,Onion,28.69,51.24,1615,33.36,2,1500,1055.65,70.38,LOW,39.66,4.93,64058.43,STORE
2025-03-07 14:00:00,FPO_Surat,Tomato,31.58,80.55,631,22.26,6,1500,633.79,42.25,LOW,24.22,2.91,15281.17,SELL NOW
2025-03-07 15:00:00,FPO_Karnal,Cabbage,32.61,30.0,938,18.58,4,2000,545.81,27.29,LOW,19.65,3.88,18428.32,SELL NOW
2025-03-07 16:00:00,FPO_Karnal,Potato,23.43,70.86,671,23.25,6,1500,520.34,34.69,LOW,29.31,4.69,19665.62,STORE
2025-03-07 17:00:00,FPO_Nashik,Tomato,31.36,81.47,1979,28.67,8,1500,1500.0,100.0,HIGH,31.42,2.05,62172.4,SELL NOW
2025-03-07 18:00:00,FPO_Indore,Potato,24.68,67.27,1531,24.59,3,1500,1064.25,70.95,LOW,36.43,4.58,55772.02,STORE
2025-03-07 19:00:00,FPO_Jaipur,Mango,32.81,89.89,707,59.28,1,2000,427.32,21.37,LOW,65.39,3.96,46231.84,STORE
2025-03-07 20:00:00,FPO_Nagpur,Cabbage,26.85,43.61,254,21.76,5,500,293.42,58.68,LOW,28.83,2.09,7323.94,STORE
2025-03-07 21:00:00,FPO_Nashik,Cabbage,31.67,89.01,236,27.55,12,500,500.0,100.0,HIGH,30.93,3.83,7298.38,SELL NOW
2025-03-07 22:00:00,FPO_Lucknow,Mango,25.4,62.63,1099,62.97,3,2500,733.5,29.34,LOW,75.37,4.56,82833.31,STORE
2025-03-07 23:00:00,FPO_Surat,Cabbage,31.98,86.76,254,31.29,6,1500,404.53,26.97,LOW,31.49,4.3,7997.88,SELL NOW
2025-03-08 00:00:00,FPO_Indore,Mango,22.13,80.3,723,63.67,3,500,500.0,100.0,LOW,60.93,4.16,44049.97,SELL NOW
2025-03-08 01:00:00,FPO_Nashik,Tomato,28.22,87.71,1114,23.82,1,2500,815.49,32.62,LOW,26.35,2.06,29350.66,STORE
2025-03-08 02:00:00,FPO_Ahmedabad,Apple,33.88,79.63,662,101.28,9,1000,838.48,83.85,HIGH,102.97,2.17,68165.65,SELL NOW
2025-03-08 03:00:00,FPO_Ahmedabad,Potato,30.8,75.38,896,20.57,5,1500,781.36,52.09,LOW,22.88,3.42,20499.9,STORE
2025-03-08 04:00:00,FPO_Karnal,Mango,29.15,85.49,1701,55.27,13,500,500.0,100.0,HIGH,68.16,3.53,115945.38,SELL NOW
2025-03-08 05:00:00,FPO_Surat,Potato,38.82,65.83,1972,13.06,13,500,500.0,100.0,HIGH,12.1,4.8,23862.27,SELL NOW
2025-03-08 06:00:00,FPO_Nagpur,Tomato,34.14,74.04,915,39.24,2,500,500.0,100.0,MEDIUM,41.93,3.14,38368.23,SELL NOW
2025-03-08 07:00:00,FPO_Jaipur,Apple,33.13,64.95,1434,97.21,2,2500,980.03,39.2,LOW,92.04,2.56,131986.12,SELL NOW
2025-03-08 08:00:00,FPO_Nagpur,Tomato,31.95,54.71,1449,27.37,11,1000,1000.0,100.0,MEDIUM,39.83,2.17,57719.52,STORE
2025-03-08 09:00:00,FPO_Nagpur,Cabbage,32.7,72.9,1230,26.1,14,1500,1211.0,80.73,HIGH,17.48,1.69,21500.3,SELL NOW
2025-03-08 10:00:00,FPO_Nagpur,Potato,37.94,67.95,931,22.56,9,500,500.0,100.0,HIGH,26.28,1.74,24467.59,SELL NOW
2025-03-08 11:00:00,FPO_Surat,Apple,25.49,83.85,1763,87.39,12,2000,1599.34,79.97,HIGH,83.69,3.51,147538.38,SELL NOW
2025-03-08 12:00:00,FPO_Nagpur,Cabbage,34.06,62.12,1188,24.17,1,1500,699.53,46.64,LOW,20.21,2.12,24010.79,SELL NOW
2025-03-08 13:00:00,FPO_Lucknow,Apple,30.14,53.59,411,108.86,10,2000,549.87,27.49,LOW,107.44,4.48,44157.14,SELL NOW
2025-03-08 14:00:00,FPO_Surat,Cabbage,25.7,83.65,1412,23.94,3,2500,1114.64,44.59,LOW,21.43,3.59,30255.74,SELL NOW
2025-03-08 15:00:00,FPO_Lucknow,Tomato,27.4,65.95,1298,36.18,12,500,500.0,100.0,MEDIUM,40.52,4.53,52598.11,STORE
2025-03-08 16:00:00,FPO_Surat,Mango,29.31,53.13,953,60.16,13,1500,1103.51,73.57,MEDIUM,56.78,3.0,54112.87,SELL NOW
2025-03-08 17:00:00,FPO_Karnal,Potato,22.84,85.84,1337,20.24,13,1500,1375.12,91.67,HIGH,28.45,3.59,38032.52,SELL NOW
2025-03-08 18:00:00,FPO_Nashik,Onion,33.18,78.9,1902,30.72,10,500,500.0,100.0,HIGH,40.39,3.34,76814.12,SELL NOW
2025-03-08 19:00:00,FPO_Ahmedabad,Onion,27.38,92.73,1841,30.19,11,1000,1000.0,100.0,HIGH,41.46,4.95,76325.52,SELL NOW
2025-03-08 20:00:00,FPO_Nagpur,Tomato,28.51,59.89,1374,28.08,7,2500,1057.44,42.3,LOW,23.43,4.29,32186.21,SELL NOW
2025-03-08 21:00:00,FPO_Karnal,Potato,36.14,57.79,635,19.09,14,500,500.0,100.0,HIGH,18.18,3.58,11543.4,SELL NOW
2025-03-08 22:00:00,FPO_Nashik,Potato,28.78,48.7,283,15.18,1,1500,181.79,12.12,LOW,15.77,3.62,4463.73,SELL NOW
2025-03-08 23:00:00,FPO_Ahmedabad,Tomato,37.32,56.5,1435,30.81,2,1000,976.06,97.61,LOW,30.98,2.37,44458.65,SELL NOW
2025-03-09 00:00:00,FPO_Indore,Potato,24.85,59.2,978,22.47,14,1500,952.04,63.47,LOW,29.48,4.07,28834.82,STORE
2025-03-09 01:00:00,FPO_Jaipur,Mango,21.42,75.25,1033,68.32,6,2000,936.79,46.84,LOW,72.91,4.94,75318.17,SELL NOW
2025-03-09 02:00:00,FPO_Lucknow,Tomato,26.26,51.06,660,27.83,9,1500,842.69,56.18,LOW,26.19,1.95,17287.86,SELL NOW
2025-03-09 03:00:00,FPO_Indore,Mango,15.0,55.05,376,52.43,12,2500,561.39,22.46,LOW,54.02,3.73,20311.18,SELL NOW
2025-03-09 04:00:00,FPO_Surat,Potato,33.43,90.45,511,23.61,9,500,500.0,100.0,HIGH,26.45,3.31,13514.09,SELL NOW
2025-03-09 05:00:00,FPO_Ahmedabad,Tomato,21.77,30.0,1917,28.38,12,1500,1495.94,99.73,LOW,30.52,4.48,58510.04,SELL NOW
2025-03-09 06:00:00,FPO_Indore,Potato,24.29,72.2,1382,19.85,8,2000,1139.84,56.99,LOW,19.16,1.5,26485.29,SELL NOW
2025-03-09 07:00:00,FPO_Jaipur,Tomato,32.3,45.64,1924,31.09,14,2000,1680.91,84.05,MEDIUM,28.54,1.98,54918.65,SELL NOW
2025-03-09 08:00:00,FPO_Karnal,Potato,28.71,52.92,385,24.49,3,500,335.05,67.01,LOW,31.25,1.63,12029.44,STORE
2025-03-09 09:00:00,FPO_Ahmedabad,Mango,25.36,86.35,1694,54.02,2,2000,1216.76,60.84,LOW,51.1,2.07,86567.62,SELL NOW
2025-03-09 10:00:00,FPO_Indore,Mango,15.78,66.07,1532,57.66,1,500,500.0,100.0,LOW,64.2,3.98,98353.99,STORE
2025-03-09 11:00:00,FPO_Lucknow,Potato,35.8,95.0,445,27.47,11,2500,548.42,21.94,HIGH,31.66,1.99,14089.16,SELL NOW
2025-03-09 12:00:00,FPO_Lucknow,Tomato,32.34,74.4,1216,23.1,11,500,500.0,100.0,HIGH,21.82,3.68,26535.05,SELL NOW
2025-03-09 13:00:00,FPO_Nashik,Onion,40.33,52.55,583,29.14,9,1000,507.71,50.77,MEDIUM,34.69,4.54,20224.01,STORE
2025-03-09 14:00:00,FPO_Indore,Mango,24.42,73.37,1265,61.14,13,2000,1222.75,61.14,MEDIUM,60.56,1.62,76602.44,SELL NOW
2025-03-09 15:00:00,FPO_Nagpur,Mango,19.27,81.95,484,54.23,14,2000,870.71,43.54,MEDIUM,60.06,1.59,29067.55,STORE
2025-03-09 16:00:00,FPO_Indore,Cabbage,33.97,72.83,1179,24.51,5,1500,913.18,60.88,LOW,23.57,4.96,27791.05,SELL NOW
2025-03-09 17:00:00,FPO_Karnal,Onion,26.87,61.77,1187,29.34,12,1000,1000.0,100.0,MEDIUM,32.89,3.86,39039.46,STORE
2025-03-09 18:00:00,FPO_Ahmedabad,Potato,31.77,39.63,499,20.38,3,1500,313.61,20.91,LOW,23.14,1.99,11545.92,STORE
2025-03-09 19:00:00,FPO_Ahmedabad,Tomato,37.72,60.16,1100,20.35,10,500,500.0,100.0,HIGH,20.25,2.57,22278.62,SELL NOW
2025-03-09 20:00:00,FPO_Karnal,Cabbage,30.33,90.01,1659,25.0,10,2500,1373.42,54.94,MEDIUM,26.42,4.95,43837.03,SELL NOW
2025-03-09 21:00:00,FPO_Indore,Potato,29.0,53.05,1592,18.91,11,2000,1272.47,63.62,LOW,18.69,2.3,29754.18,SELL NOW
2025-03-09 22:00:00,FPO_Karnal,Apple,29.38,58.82,1073,105.33,5,2500,835.52,33.42,LOW,114.18,4.13,122518.6,SELL NOW
2025-03-09 23:00:00,FPO_Jaipur,Mango,18.18,79.9,685,62.08,14,500,500.0,100.0,MEDIUM,61.58,2.34,42179.84,SELL NOW
2025-03-10 00:00:00,FPO_Surat,Apple,34.65,74.3,635,96.11,11,500,500.0,100.0,HIGH,98.76,2.89,62711.77,SELL NOW
2025-03-10 01:00:00,FPO_Karnal,Mango,35.03,45.35,1005,58.02,12,1000,1000.0,100.0,MEDIUM,50.57,4.58,50821.52,SELL NOW
2025-03-10 02:00:00,FPO_Lucknow,Mango,31.18,63.37,1651,60.63,3,1500,1124.68,74.98,LOW,60.19,1.6,99372.68,SELL NOW
2025-03-10 03:00:00,FPO_Karnal,Apple,18.91,86.1,380,98.01,9,2000,620.41,31.02,LOW,104.19,2.58,39591.7,SELL NOW
2025-03-10 04:00:00,FPO_Ahmedabad,Apple,27.27,65.4,1082,92.42,13,2000,1070.8,53.54,MEDIUM,97.8,3.21,105818.28,SELL NOW
2025-03-10 05:00:00,FPO_Lucknow,Potato,36.63,86.47,1076,23.46,1,2500,628.54,25.14,LOW,28.64,3.69,30820.86,STORE
2025-03-10 06:00:00,FPO_Ahmedabad,Cabbage,24.61,87.32,893,27.63,1,1000,728.56,72.86,LOW,30.49,1.6,27224.69,STORE
2025-03-10 07:00:00,FPO_Nashik,Cabbage,35.11,51.09,539,28.7,3,500,265.63,53.13,LOW,32.96,2.94,17767.17,STORE
2025-03-10 08:00:00,FPO_Nagpur,Apple,28.33,60.57,690,104.69,6,1000,624.34,62.43,LOW,114.91,2.71,79288.72,SELL NOW
2025-03-10 09:00:00,FPO_Ahmedabad,Potato,32.28,74.86,694,17.86,11,2000,717.64,35.88,MEDIUM,16.24,1.59,11268.2,SELL NOW
2025-03-10 10:00:00,FPO_Lucknow,Cabbage,25.53,41.93,929,28.92,14,1500,998.73,66.58,LOW,38.06,2.74,35353.52,STORE
2025-03-10 11:00:00,FPO_Nashik,Potato,28.51,61.65,1386,16.29,2,2500,922.36,36.89,LOW,14.88,4.76,20627.47,SELL NOW
2025-03-10 12:00:00,FPO_Ahmedabad,Potato,30.62,73.19,1781,23.79,14,500,500.0,100.0,HIGH,28.3,2.46,50400.97,SELL NOW
2025-03-10 13:00:00,FPO_Jaipur,Mango,21.5,55.67,655,56.46,1,500,325.03,65.01,LOW,55.17,3.55,36138.96,SELL NOW
2025-03-10 14:00:00,FPO_Karnal,Cabbage,29.64,73.82,1315,27.09,8,500,500.0,100.0,MEDIUM,34.33,2.54,45143.84,STORE
2025-03-10 15:00:00,FPO_Nagpur,Cabbage,15.0,56.0,304,17.46,11,1500,553.74,36.92,LOW,14.02,1.87,4262.03,SELL NOW
2025-03-10 16:00:00,FPO_Ahmedabad,Mango,24.39,55.83,918,62.71,10,2000,1054.04,52.7,LOW,60.69,2.51,55713.2,SELL NOW
2025-03-10 17:00:00,FPO_Nashik,Apple,31.26,76.16,638,96.07,9,2000,638.28,31.91,LOW,98.5,3.15,62846.16,SELL NOW
2025-03-10 18:00:00,FPO_Jaipur,Mango,34.72,85.52,1721,62.41,10,1000,1000.0,100.0,HIGH,61.48,2.54,105798.55,SELL NOW
2025-03-10 19:00:00,FPO_Indore,Cabbage,30.84,54.34,1551,26.86,13,1000,1000.0,100.0,MEDIUM,26.31,3.68,40809.9,SELL NOW
2025-03-10 20:00:00,FPO_Nashik,Cabbage,19.66,46.83,850,26.93,12,2000,822.59,41.13,LOW,29.34,4.82,24936.2,SELL NOW
2025-03-10 21:00:00,FPO_Karnal,Apple,34.2,64.44,1764,100.24,1,500,500.0,100.0,LOW,96.98,1.74,171077.05,SELL NOW
2025-03-10 22:00:00,FPO_Nashik,Mango,21.17,72.0,708,54.16,3,1500,663.45,44.23,LOW,57.8,4.01,40925.4,SELL NOW
2025-03-10 23:00:00,FPO_Jaipur,Tomato,31.69,54.19,450,35.45,14,2000,750.35,37.52,LOW,40.29,1.5,18131.59,STORE
2025-03-11 00:00:00,FPO_Nashik,Tomato,21.36,89.91,1164,27.35,5,1500,1006.72,67.11,LOW,22.48,1.5,26164.3,SELL NOW
2025-03-11 01:00:00,FPO_Jaipur,Apple,23.36,62.8,1414,99.34,7,2500,1425.07,57.0,LOW,103.56,1.97,146431.99,SELL NOW
2025-03-11 02:00:00,FPO_Ahmedabad,Mango,22.26,54.06,246,66.92,10,500,500.0,100.0,LOW,70.94,3.18,17451.22,SELL NOW
2025-03-11 03:00:00,FPO_Surat,Mango,28.83,93.98,1078,55.56,4,2500,925.77,37.03,LOW,60.74,1.67,65476.69,SELL NOW
2025-03-11 04:00:00,FPO_Jaipur,Potato,26.83,84.0,1474,21.76,6,2000,1073.87,53.69,LOW,25.34,4.03,37353.06,STORE
2025-03-11 05:00:00,FPO_Jaipur,Cabbage,31.05,54.09,1217,25.85,1,1000,639.86,63.99,LOW,30.61,1.6,37249.1,STORE
2025-03-11 06:00:00,FPO_Nagpur,Onion,27.89,81.01,974,28.84,4,2000,766.12,38.31,LOW,33.58,3.23,32710.03,STORE
2025-03-11 07:00:00,FPO_Jaipur,Apple,18.89,55.16,1084,101.37,8,2500,989.34,39.57,LOW,105.59,3.87,114463.03,SELL NOW
2025-03-11 08:00:00,FPO_Jaipur,Onion,29.65,76.51,263,27.09,5,1500,255.64,17.04,LOW,31.96,2.33,8404.29,STORE
2025-03-11 09:00:00,FPO_Indore,Onion,17.43,91.66,519,29.66,8,2000,698.54,34.93,LOW,40.36,3.53,20949.28,STORE
2025-03-11 10:00:00,FPO_Surat,Apple,22.7,46.87,1059,100.66,12,1000,868.49,86.85,LOW,110.2,2.42,116706.69,SELL NOW
2025-03-11 11:00:00,FPO_Ahmedabad,Mango,25.82,56.93,979,66.84,1,2500,419.49,16.78,LOW,69.27,2.25,67811.9,SELL NOW
2025-03-11 12:00:00,FPO_Karnal,Apple,25.4,57.26,1747,108.28,13,2000,1560.51,78.03,LOW,108.16,4.36,188958.06,SELL NOW
2025-03-11 13:00:00,FPO_Nagpur,Onion,18.12,68.98,1515,30.85,10,2500,1556.02,62.24,LOW,40.2,2.67,60902.68,STORE
2025-03-11 14:00:00,FPO_Indore,Cabbage,36.23,72.1,228,31.0,9,2500,234.58,9.38,LOW,45.44,4.35,10359.84,STORE
2025-03-11 15:00:00,FPO_Lucknow,Cabbage,37.89,63.66,1874,21.37,4,500,500.0,100.0,MEDIUM,24.23,2.26,45413.03,STORE
2025-03-11 16:00:00,FPO_Surat,Cabbage,41.5,39.77,636,36.26,9,1500,513.83,34.26,LOW,41.76,2.75,26556.22,STORE
2025-03-11 17:00:00,FPO_Ahmedabad,Mango,34.89,46.53,1820,58.78,8,500,500.0,100.0,LOW,60.15,1.86,109469.23,SELL NOW
2025-03-11 18:00:00,FPO_Ahmedabad,Tomato,25.63,51.75,1809,27.84,8,2500,1355.03,54.2,LOW,33.49,3.24,60585.49,STORE
2025-03-11 19:00:00,FPO_Lucknow,Apple,25.52,73.4,962,102.66,13,1000,986.29,98.63,HIGH,95.75,2.84,92109.98,SELL NOW
2025-03-11 20:00:00,FPO_Karnal,Cabbage,25.19,44.07,935,29.26,12,1000,1000.0,100.0,LOW,29.64,1.52,27713.98,SELL NOW
2025-03-11 21:00:00,FPO_Jaipur,Apple,39.91,51.29,1270,99.14,2,500,500.0,100.0,LOW,105.76,3.13,134316.23,SELL NOW
2025-03-11 22:00:00,FPO_Indore,Cabbage,27.31,48.0,1640,14.96,14,1000,1000.0,100.0,MEDIUM,13.58,1.76,22277.97,SELL NOW
2025-03-11 23:00:00,FPO_Nashik,Mango,35.62,70.12,1816,63.28,3,2500,1130.44,45.22,LOW,69.05,4.43,125398.62,SELL NOW
2025-03-12 00:00:00,FPO_Nagpur,Tomato,35.15,81.98,650,23.45,10,2000,761.62,38.08,MEDIUM,29.05,3.23,18882.56,STORE
2025-03-12 01:00:00,FPO_Nashik,Tomato,29.14,67.31,832,31.87,9,2500,940.69,37.63,LOW,37.77,3.92,31421.92,STORE
2025-03-12 02:00:00,FPO_Lucknow,Cabbage,19.29,94.9,1778,28.76,3,2000,1322.45,66.12,LOW,29.22,4.37,51961.68,SELL NOW
2025-03-12 03:00:00,FPO_Ahmedabad,Mango,27.44,67.31,1881,60.96,14,1000,1000.0,100.0,HIGH,67.79,1.68,127511.35,SELL NOW
2025-03-12 04:00:00,FPO_Karnal,Potato,28.88,63.59,1297,26.52,14,1500,1250.7,83.38,MEDIUM,38.76,2.68,50276.44,STORE
2025-03-12 05:00:00,FPO_Ahmedabad,Apple,35.67,53.24,1276,97.55,8,1500,1211.62,80.77,MEDIUM,98.09,1.59,125168.79,SELL NOW
2025-03-12 06:00:00,FPO_Nagpur,Apple,28.12,68.04,432,106.87,5,2500,422.2,16.89,LOW,106.52,1.67,46018.53,SELL NOW
2025-03-12 07:00:00,FPO_Ahmedabad,Onion,20.75,52.6,399,30.81,14,2500,723.77,28.95,LOW,32.96,1.63,13152.27,SELL NOW
2025-03-12 08:00:00,FPO_Ahmedabad,Mango,33.93,50.32,873,59.07,7,1000,683.33,68.33,LOW,63.45,3.17,55391.21,SELL NOW
2025-03-12 09:00:00,FPO_Nagpur,Onion,26.63,49.89,748,35.71,4,1500,698.07,46.54,LOW,33.56,3.08,25099.63,SELL NOW
2025-03-12 10:00:00,FPO_Indore,Cabbage,15.0,61.64,1136,21.67,8,1500,1019.51,67.97,LOW,22.4,1.71,25448.77,SELL NOW
2025-03-12 11:00:00,FPO_Indore,Onion,29.95,57.5,296,19.48,4,2500,344.63,13.79,LOW,29.75,2.42,8807.45,STORE
2025-03-12 12:00:00,FPO_Nagpur,Tomato,31.0,95.0,248,21.76,5,1500,297.26,19.82,LOW,30.44,2.36,7549.49,STORE
2025-03-12 13:00:00,FPO_Karnal,Apple,22.94,68.14,1095,107.18,14,2500,1139.8,45.59,LOW,105.22,2.54,115217.51,SELL NOW
2025-03-12 14:00:00,FPO_Lucknow,Onion,26.85,67.89,721,31.25,1,500,500.0,100.0,LOW,43.58,3.74,31420.7,STORE
2025-03-12 15:00:00,FPO_Surat,Tomato,31.95,56.72,239,28.85,10,1500,541.36,36.09,LOW,29.7,3.94,7098.56,SELL NOW
2025-03-12 16:00:00,FPO_Ahmedabad,Mango,29.99,95.0,1113,64.55,8,2000,1010.19,50.51,MEDIUM,69.23,2.69,77054.11,SELL NOW
2025-03-12 17:00:00,FPO_Karnal,Onion,18.62,51.14,1376,31.48,7,1000,1000.0,100.0,LOW,34.69,4.26,47728.15,STORE
2025-03-12 18:00:00,FPO_Ahmedabad,Cabbage,35.52,57.89,1329,23.62,11,2500,1201.89,48.08,MEDIUM,31.22,2.96,41487.69,STORE
2025-03-12 19:00:00,FPO_Surat,Cabbage,38.24,79.99,752,22.81,5,1500,596.8,39.79,MEDIUM,20.09,3.33,15107.61,SELL NOW
2025-03-12 20:00:00,FPO_Lucknow,Cabbage,24.94,68.04,875,19.12,6,1500,851.34,56.76,LOW,19.49,2.01,17051.39,SELL NOW
2025-03-12 21:00:00,FPO_Indore,Apple,16.54,45.9,969,94.67,1,2500,507.7,20.31,LOW,93.08,2.32,90196.12,SELL NOW
2025-03-12 22:00:00,FPO_Karnal,Onion,32.63,65.41,410,30.87,8,2000,377.78,18.89,LOW,28.59,4.05,11722.58,SELL NOW
2025-03-12 23:00:00,FPO_Jaipur,Mango,23.96,75.2,1425,59.22,9,1500,1268.98,84.6,MEDIUM,58.51,4.92,83372.12,SELL NOW
2025-03-13 00:00:00,FPO_Jaipur,Onion,31.21,72.68,632,32.44,11,500,500.0,100.0,HIGH,31.26,3.97,19756.86,SELL NOW
2025-03-13 01:00:00,FPO_Surat,Apple,41.21,74.92,906,99.57,5,1000,645.96,64.6,MEDIUM,105.78,1.69,95834.74,SELL NOW
2025-03-13 02:00:00,FPO_Jaipur,Tomato,18.72,95.0,764,22.68,10,2500,989.81,39.59,LOW,23.74,2.0,18139.8,SELL NOW
2025-03-13 03:00:00,FPO_Indore,Apple,23.22,69.07,346,101.23,7,1500,552.01,36.8,LOW,102.96,3.06,35623.79,SELL NOW
2025-03-13 04:00:00,FPO_Surat,Cabbage,26.83,76.93,1722,25.93,10,1000,1000.0,100.0,MEDIUM,19.75,4.06,34013.45,SELL NOW
2025-03-13 05:00:00,FPO_Indore,Tomato,35.75,30.0,481,28.09,13,2500,632.29,25.29,LOW,36.03,2.08,17329.25,STORE
2025-03-13 06:00:00,FPO_Lucknow,Cabbage,45.0,92.98,1533,25.79,4,2500,1160.46,46.42,HIGH,20.22,4.13,31002.8,SELL NOW
2025-03-13 07:00:00,FPO_Ahmedabad,Potato,29.48,65.97,954,31.83,6,2500,757.88,30.32,LOW,35.31,3.45,33681.76,STORE
2025-03-13 08:00:00,FPO_Lucknow,Apple,18.21,51.98,1274,94.04,2,2000,822.27,41.11,LOW,103.68,4.21,132093.54,STORE
2025-03-13 09:00:00,FPO_Lucknow,Apple,25.93,62.07,694,95.21,4,500,500.0,100.0,LOW,105.9,3.45,73495.04,STORE
2025-03-13 10:00:00,FPO_Indore,Mango,23.35,74.94,608,51.49,5,2500,780.16,31.21,LOW,47.57,3.61,28924.68,SELL NOW
2025-03-13 11:00:00,FPO_Surat,Onion,32.33,80.52,1849,30.46,14,2000,1689.56,84.48,HIGH,32.57,2.37,60216.58,SELL NOW
2025-03-13 12:00:00,FPO_Surat,Tomato,30.26,63.57,472,18.32,9,2500,482.13,19.29,LOW,25.17,4.02,11880.43,STORE
2025-03-13 13:00:00,FPO_Jaipur,Tomato,21.75,74.02,657,29.12,13,2500,929.54,37.18,LOW,30.1,4.45,19772.92,SELL NOW
2025-03-13 14:00:00,FPO_Nashik,Mango,23.0,61.05,1343,59.72,9,2000,1103.74,55.19,LOW,68.12,4.55,91489.45,STORE
2025-03-13 15:00:00,FPO_Ahmedabad,Mango,25.84,72.37,1924,57.13,8,500,500.0,100.0,MEDIUM,49.94,1.6,96089.14,SELL NOW
2025-03-13 16:00:00,FPO_Indore,Onion,26.56,68.09,245,32.36,13,1000,600.96,60.1,MEDIUM,36.12,3.69,8849.4,STORE
2025-03-13 17:00:00,FPO_Jaipur,Cabbage,27.75,69.51,1466,26.48,12,1500,1266.67,84.44,MEDIUM,31.73,4.96,46512.08,STORE
2025-03-13 18:00:00,FPO_Karnal,Onion,28.29,60.34,510,38.03,14,2500,796.1,31.84,LOW,35.3,3.55,18001.02,SELL NOW
2025-03-13 19:00:00,FPO_Nashik,Apple,35.41,71.05,761,103.07,4,500,499.0,99.8,MEDIUM,110.07,2.1,83762.75,SELL NOW
2025-03-13 20:00:00,FPO_Nashik,Cabbage,25.62,52.6,530,24.68,6,1500,375.82,25.05,LOW,22.56,4.57,11957.9,SELL NOW
2025-03-13 21:00:00,FPO_Indore,Potato,24.74,67.92,210,10.59,7,2500,463.28,18.53,LOW,21.71,2.43,4559.29,STORE
2025-03-13 22:00:00,FPO_Nagpur,Onion,19.97,55.48,1107,34.65,13,1500,1211.12,80.74,LOW,36.03,1.66,39889.49,SELL NOW
2025-03-13 23:00:00,FPO_Ahmedabad,Mango,26.66,50.1,1647,64.69,1,2000,995.67,49.78,LOW,66.89,3.01,110169.54,SELL NOW
2025-03-14 00:00:00,FPO_Nashik,Cabbage,29.54,54.42,1271,31.62,13,500,500.0,100.0,MEDIUM,29.45,1.85,37431.03,SELL NOW
2025-03-14 01:00:00,FPO_Indore,Onion,17.66,61.88,1600,18.56,1,500,500.0,100.0,LOW,19.81,1.9,31697.31,SELL NOW
2025-03-14 02:00:00,FPO_Indore,Tomato,25.95,57.07,1791,29.03,4,1000,1000.0,100.0,LOW,28.49,3.12,51027.05,SELL NOW
2025-03-14 03:00:00,FPO_Jaipur,Potato,34.96,70.94,207,25.29,3,1000,210.19,21.02,LOW,29.8,3.64,6169.1,STORE
2025-03-14 04:00:00,FPO_Karnal,Apple,31.89,66.2,1183,106.01,10,1500,1150.04,76.67,MEDIUM,110.3,4.67,130486.5,SELL NOW
2025-03-14 05:00:00,FPO_Nagpur,Tomato,30.24,80.22,1749,31.01,4,2000,1314.68,65.73,LOW,33.57,3.97,58711.23,SELL NOW
2025-03-14 06:00:00,FPO_Ahmedabad,Tomato,31.73,63.73,1950,28.3,13,1500,1500.0,100.0,HIGH,32.15,4.45,62697.06,SELL NOW
2025-03-14 07:00:00,FPO_Surat,Potato,24.56,67.71,1593,16.91,13,2500,1473.38,58.94,LOW,14.44,2.94,23001.01,SELL NOW
2025-03-14 08:00:00,FPO_Lucknow,Apple,23.76,92.99,1663,99.41,9,500,500.0,100.0,HIGH,97.25,2.62,161725.59,SELL NOW
2025-03-14 09:00:00,FPO_Karnal,Mango,35.63,58.42,1980,61.94,2,1500,1213.97,80.93,LOW,70.97,3.57,140523.88,STORE
2025-03-14 10:00:00,FPO_Karnal,Cabbage,32.97,60.72,765,28.91,14,1500,879.98,58.67,MEDIUM,28.19,3.93,21561.93,SELL NOW
2025-03-14 11:00:00,FPO_Jaipur,Apple,23.52,83.05,1707,92.07,4,500,500.0,100.0,MEDIUM,96.56,3.49,164819.4,SELL NOW
2025-03-14 12:00:00,FPO_Surat,Onion,16.73,50.65,472,31.48,7,500,500.0,100.0,LOW,22.96,2.43,10838.0,SELL NOW
2025-03-14 13:00:00,FPO_Nashik,Tomato,23.65,84.73,1140,20.64,2,1000,971.5,97.15,LOW,25.76,2.79,29371.72,STORE
2025-03-14 14:00:00,FPO_Nashik,Onion,31.26,61.45,1100,31.33,8,1000,926.75,92.68,MEDIUM,40.14,3.07,44155.29,STORE
2025-03-14 15:00:00,FPO_Jaipur,Mango,24.05,52.5,330,54.26,10,500,444.21,88.84,LOW,57.87,1.55,19096.29,SELL NOW
2025-03-14 16:00:00,FPO_Indore,Onion,29.98,78.58,1744,22.78,4,1500,1308.35,87.22,MEDIUM,26.64,4.58,46451.76,STORE
2025-03-14 17:00:00,FPO_Nashik,Apple,36.52,61.23,923,109.05,9,2500,794.49,31.78,LOW,119.89,3.29,110661.61,SELL NOW
2025-03-14 18:00:00,FPO_Nagpur,Onion,27.44,92.36,833,23.09,14,1500,1043.0,69.53,HIGH,27.51,4.13,22915.02,SELL NOW
2025-03-14 19:00:00,FPO_Ahmedabad,Mango,29.4,66.22,313,56.82,1,2500,343.52,13.74,LOW,56.4,2.1,17651.64,SELL NOW
2025-03-14 20:00:00,FPO_Karnal,Mango,32.11,66.11,731,59.9,7,500,500.0,100.0,MEDIUM,60.7,3.45,44374.31,SELL NOW
2025-03-14 21:00:00,FPO_Karnal,Mango,21.51,56.21,1722,49.59,1,2500,1105.46,44.22,LOW,49.55,4.74,85323.12,SELL NOW
2025-03-14 22:00:00,FPO_Nagpur,Apple,23.36,62.8,1562,103.93,11,1000,1000.0,100.0,MEDIUM,111.8,2.25,174633.29,SELL NOW
2025-03-14 23:00:00,FPO_Surat,Mango,32.36,60.91,1244,56.5,10,500,500.0,100.0,MEDIUM,65.94,2.71,82030.75,STORE
2025-03-15 00:00:00,FPO_Nashik,Tomato,28.22,84.97,1943,22.9,11,2000,1752.53,87.63,HIGH,31.24,2.86,60690.78,SELL NOW
2025-03-15 01:00:00,FPO_Karnal,Mango,28.73,69.34,232,64.62,9,2500,387.68,15.51,LOW,63.98,2.84,14843.3,SELL NOW
2025-03-15 02:00:00,FPO_Lucknow,Onion,28.2,75.58,332,23.32,14,2500,728.94,29.16,MEDIUM,26.68,3.6,8858.32,STORE
2025-03-15 03:00:00,FPO_Surat,Cabbage,33.87,66.48,1119,27.24,12,2000,937.19,46.86,MEDIUM,33.74,2.88,37757.93,STORE
2025-03-15 04:00:00,FPO_Ahmedabad,Onion,30.61,58.84,1926,30.12,10,2000,1341.45,67.07,LOW,27.28,3.86,52541.39,SELL NOW
2025-03-15 05:00:00,FPO_Ahmedabad,Cabbage,30.69,70.56,1174,25.29,12,500,500.0,100.0,HIGH,32.83,3.2,38544.23,SELL NOW
2025-03-15 06:00:00,FPO_Karnal,Onion,35.33,88.86,225,29.72,13,1500,589.89,39.33,HIGH,36.97,2.05,8319.37,SELL NOW
2025-03-15 07:00:00,FPO_Jaipur,Apple,37.64,49.27,1587,100.64,10,2000,1468.28,73.41,MEDIUM,106.64,4.82,169243.44,SELL NOW
2025-03-15 08:00:00,FPO_Surat,Onion,41.46,71.29,800,18.61,12,2500,947.16,37.89,HIGH,25.72,2.34,20577.54,SELL NOW
2025-03-15 09:00:00,FPO_Karnal,Apple,24.53,87.45,1315,95.63,1,2000,846.54,42.33,LOW,98.22,3.47,129154.33,SELL NOW
2025-03-15 10:00:00,FPO_Jaipur,Apple,42.82,52.78,744,95.43,3,500,491.96,98.39,MEDIUM,94.26,1.71,70126.05,SELL NOW
2025-03-15 11:00:00,FPO_Karnal,Mango,21.42,78.83,1461,65.54,12,500,500.0,100.0,MEDIUM,74.39,4.72,108682.72,STORE
2025-03-15 12:00:00,FPO_Lucknow,Tomato,39.61,78.85,217,28.79,7,2500,459.0,18.36,MEDIUM,32.02,4.75,6948.76,STORE
2025-03-15 13:00:00,FPO_Surat,Cabbage,24.2,45.59,1497,25.06,14,2500,1355.71,54.23,LOW,25.45,2.78,38094.41,SELL NOW
2025-03-15 14:00:00,FPO_Indore,Mango,27.59,81.66,1133,69.28,13,2500,1158.27,46.33,MEDIUM,72.92,1.92,82619.21,SELL NOW
2025-03-15 15:00:00,FPO_Ahmedabad,Mango,28.11,56.09,488,49.88,1,1500,397.59,26.51,LOW,53.48,4.19,26100.47,SELL NOW
2025-03-15 16:00:00,FPO_Karnal,Apple,22.8,70.38,1250,107.07,5,2500,960.35,38.41,LOW,107.76,2.42,134695.84,SELL NOW
2025-03-15 17:00:00,FPO_Lucknow,Apple,28.52,80.36,1016,100.06,6,500,500.0,100.0,MEDIUM,105.78,3.95,107472.01,SELL NOW
2025-03-15 18:00:00,FPO_Jaipur,Cabbage,23.11,83.0,1657,21.22,14,500,500.0,100.0,HIGH,33.8,4.7,56014.51,SELL NOW
2025-03-15 19:00:00,FPO_Jaipur,Onion,20.59,41.96,307,27.33,3,2000,354.46,17.72,LOW,24.11,3.57,7402.57,SELL NOW
2025-03-15 20:00:00,FPO_Ahmedabad,Onion,27.77,91.83,1172,27.51,13,2500,1281.74,51.27,HIGH,24.41,4.51,28611.32,SELL NOW
2025-03-15 21:00:00,FPO_Nagpur,Mango,37.54,86.27,1147,67.5,6,1500,981.92,65.46,HIGH,76.68,2.29,87947.44,SELL NOW
2025-03-15 22:00:00,FPO_Karnal,Potato,26.48,80.78,937,23.2,4,1000,678.81,67.88,LOW,30.14,4.69,28239.06,STORE
2025-03-15 23:00:00,FPO_Surat,Potato,33.65,70.42,523,25.43,6,2000,308.7,15.44,LOW,36.79,2.29,19239.23,STORE
2025-03-16 00:00:00,FPO_Nashik,Onion,22.93,58.46,1066,26.29,6,1500,801.01,53.4,LOW,38.74,2.29,41297.44,STORE
2025-03-16 01:00:00,FPO_Jaipur,Potato,20.3,48.75,1754,22.56,4,2500,1223.57,48.94,LOW,29.43,4.58,51615.27,STORE
2025-03-16 02:00:00,FPO_Surat,Onion,30.72,40.64,934,34.55,1,1500,498.25,33.22,LOW,31.82,3.44,29715.22,SELL NOW
2025-03-16 03:00:00,FPO_Surat,Apple,38.53,74.67,992,105.63,3,1000,617.13,61.71,MEDIUM,110.41,4.3,109526.01,SELL NOW
2025-03-16 04:00:00,FPO_Indore,Mango,29.25,80.77,1327,53.3,11,1500,1042.18,69.48,MEDIUM,54.56,4.31,72404.65,SELL NOW
2025-03-16 05:00:00,FPO_Surat,Tomato,32.96,63.73,1555,32.04,10,1000,1000.0,100.0,MEDIUM,37.55,3.76,58393.38,STORE
2025-03-16 06:00:00,FPO_Surat,Mango,36.97,58.09,1585,59.27,7,1000,1000.0,100.0,MEDIUM,58.62,2.16,92912.24,SELL NOW
2025-03-16 07:00:00,FPO_Indore,Onion,27.78,66.05,488,31.83,2,1000,338.76,33.88,LOW,37.59,3.92,18341.86,STORE
2025-03-16 08:00:00,FPO_Jaipur,Onion,27.09,55.39,1667,27.36,4,1500,1135.6,75.71,LOW,34.04,1.72,56736.59,STORE
2025-03-16 09:00:00,FPO_Surat,Mango,30.83,65.32,1260,67.63,6,2500,932.3,37.29,LOW,72.12,2.2,90876.42,SELL NOW
2025-03-16 10:00:00,FPO_Nagpur,Cabbage,31.9,54.53,1571,26.3,5,500,500.0,100.0,LOW,31.49,3.75,49471.97,STORE
2025-03-16 11:00:00,FPO_Nagpur,Onion,19.61,74.18,1091,27.06,14,500,500.0,100.0,MEDIUM,33.81,4.68,36888.6,STORE
2025-03-16 12:00:00,FPO_Lucknow,Potato,29.77,83.66,1979,19.56,6,1500,1484.6,98.97,MEDIUM,18.88,4.2,37353.98,SELL NOW
2025-03-16 13:00:00,FPO_Indore,Potato,28.0,72.63,242,26.3,5,2500,285.46,11.42,LOW,30.92,2.66,7483.57,STORE
2025-03-16 14:00:00,FPO_Lucknow,Onion,23.26,63.79,1349,33.61,9,500,500.0,100.0,LOW,36.31,4.38,48976.62,SELL NOW
2025-03-16 15:00:00,FPO_Indore,Onion,27.58,79.84,208,30.4,11,1000,520.91,52.09,MEDIUM,39.1,4.88,8132.95,STORE
2025-03-16 16:00:00,FPO_Karnal,Cabbage,21.01,65.28,1749,23.07,12,1500,1386.02,92.4,MEDIUM,30.11,2.66,52657.55,STORE
2025-03-16 17:00:00,FPO_Karnal,Potato,18.93,79.36,1354,26.78,13,1500,1353.81,90.25,MEDIUM,27.02,2.15,36581.17,SELL NOW
2025-03-16 18:00:00,FPO_Surat,Onion,28.4,55.46,1548,27.37,2,2000,1049.05,52.45,LOW,33.99,2.19,52611.84,STORE
2025-03-16 19:00:00,FPO_Nashik,Onion,33.41,57.4,383,27.12,4,2000,335.04,16.75,LOW,37.13,2.9,14220.27,STORE
2025-03-16 20:00:00,FPO_Karnal,Cabbage,25.92,50.17,1505,37.63,1,2000,957.74,47.89,LOW,42.75,1.68,64340.3,STORE
2025-03-16 21:00:00,FPO_Nashik,Cabbage,22.24,58.02,1094,26.89,12,2500,1149.75,45.99,LOW,28.36,3.21,31029.74,SELL NOW
2025-03-16 22:00:00,FPO_Karnal,Mango,23.17,79.72,1276,59.59,13,1500,1400.2,93.35,MEDIUM,57.26,4.06,73068.91,SELL NOW
2025-03-16 23:00:00,FPO_Ahmedabad,Cabbage,31.29,51.92,1776,22.78,7,2000,1315.29,65.76,LOW,15.95,3.36,28322.61,SELL NOW
2025-03-17 00:00:00,FPO_Karnal,Tomato,38.0,30.43,1069,26.95,1,1500,634.76,42.32,LOW,35.54,4.9,37994.76,STORE
2025-03-17 01:00:00,FPO_Lucknow,Potato,32.62,58.78,732,28.24,6,1000,389.01,38.9,LOW,24.49,3.12,17925.93,SELL NOW
2025-03-17 02:00:00,FPO_Jaipur,Mango,35.8,47.39,1600,64.14,10,2000,1328.22,66.41,LOW,62.07,1.55,99308.02,SELL NOW
2025-03-17 03:00:00,FPO_Surat,Tomato,21.71,57.43,1518,24.76,10,1500,1117.82,74.52,LOW,28.28,3.15,42922.85,STORE
2025-03-17 04:00:00,FPO_Lucknow,Onion,27.56,95.0,1431,28.35,13,2500,1387.03,55.48,HIGH,32.92,4.75,47104.07,SELL NOW
2025-03-17 05:00:00,FPO_Jaipur,Onion,34.11,51.67,1199,23.42,9,2500,1049.5,41.98,LOW,33.78,1.84,40502.25,STORE
2025-03-17 06:00:00,FPO_Nagpur,Mango,19.6,74.5,862,61.32,2,2500,758.98,30.36,LOW,66.16,2.28,57030.06,SELL NOW
2025-03-17 07:00:00,FPO_Lucknow,Cabbage,24.05,63.8,1700,5.16,1,2000,1042.0,52.1,LOW,6.82,4.0,11594.61,STORE
2025-03-17 08:00:00,FPO_Nagpur,Onion,33.65,70.59,1153,22.29,12,2500,1107.19,44.29,MEDIUM,23.96,2.53,27625.48,SELL NOW
2025-03-17 09:00:00,FPO_Nashik,Apple,29.55,57.36,268,100.46,11,500,435.35,87.07,MEDIUM,95.88,4.18,25696.05,SELL NOW
2025-03-17 10:00:00,FPO_Nashik,Mango,22.21,82.42,1660,46.88,11,1000,1000.0,100.0,MEDIUM,57.08,2.97,94757.16,STORE
2025-03-17 11:00:00,FPO_Ahmedabad,Tomato,18.22,71.4,500,39.42,11,1500,770.75,51.38,LOW,46.85,4.29,23427.37,STORE
2025-03-17 12:00:00,FPO_Karnal,Mango,36.02,71.82,226,55.57,10,500,359.35,71.87,MEDIUM,59.95,3.43,13548.7,SELL NOW
2025-03-17 13:00:00,FPO_Lucknow,Potato,15.68,66.48,1851,24.42,13,2000,1770.34,88.52,LOW,34.58,1.79,64013.52,STORE
2025-03-17 14:00:00,FPO_Nagpur,Cabbage,31.79,83.84,1129,31.34,3,1500,893.92,59.59,LOW,39.71,2.85,44837.73,STORE
2025-03-17 15:00:00,FPO_Jaipur,Cabbage,24.8,73.4,853,26.34,6,1500,766.73,51.12,LOW,32.04,2.67,27330.4,STORE
2025-03-17 16:00:00,FPO_Nashik,Mango,34.28,70.56,752,59.97,13,2500,946.57,37.86,MEDIUM,62.81,4.34,47231.14,SELL NOW
2025-03-17 17:00:00,FPO_Karnal,Onion,21.75,74.79,305,27.16,7,1500,649.8,43.32,LOW,30.35,3.69,9256.88,STORE
2025-03-17 18:00:00,FPO_Nashik,Onion,43.69,38.6,785,23.41,11,1500,453.49,30.23,LOW,19.02,4.22,14929.07,SELL NOW
2025-03-17 19:00:00,FPO_Jaipur,Apple,30.41,67.82,771,97.62,8,1000,861.89,86.19,MEDIUM,105.99,2.8,81716.66,SELL NOW
2025-03-17 20:00:00,FPO_Karnal,Apple,31.4,64.04,1009,100.52,4,2000,879.96,44.0,LOW,102.53,3.92,103455.71,SELL NOW
2025-03-17 21:00:00,FPO_Karnal,Cabbage,23.36,82.53,833,24.87,8,500,500.0,100.0,MEDIUM,33.2,1.73,27655.57,STORE
2025-03-17 22:00:00,FPO_Nagpur,Apple,27.2,54.48,1938,95.23,7,2500,1419.3,56.77,LOW,101.89,1.63,197467.32,SELL NOW
2025-03-17 23:00:00,FPO_Nagpur,Tomato,27.36,68.02,1234,33.32,11,1000,1000.0,100.0,MEDIUM,36.83,2.51,45442.6,STORE
2025-03-18 00:00:00,FPO_Lucknow,Apple,38.78,93.86,1130,92.85,8,500,500.0,100.0,HIGH,100.05,4.21,113059.7,SELL NOW
2025-03-18 01:00:00,FPO_Lucknow,Tomato,30.4,64.61,858,30.97,5,500,500.0,100.0,LOW,30.08,3.37,25805.49,SELL NOW
2025-03-18 02:00:00,FPO_Indore,Apple,31.26,45.05,1439,104.25,10,1000,1000.0,100.0,LOW,99.88,2.93,143731.41,SELL NOW
2025-03-18 03:00:00,FPO_Surat,Cabbage,31.2,95.0,1085,26.19,7,2500,920.01,36.8,MEDIUM,28.43,4.64,30848.97,SELL NOW
2025-03-18 04:00:00,FPO_Indore,Cabbage,31.77,54.27,520,33.32,14,2000,732.64,36.63,LOW,38.51,3.24,20025.42,STORE
2025-03-18 05:00:00,FPO_Ahmedabad,Tomato,19.66,49.4,659,30.03,4,1000,586.2,58.62,LOW,37.33,3.65,24597.51,STORE
2025-03-18 06:00:00,FPO_Nashik,Mango,40.3,49.99,1749,66.89,13,1000,1000.0,100.0,HIGH,70.36,4.95,123056.81,SELL NOW
2025-03-18 07:00:00,FPO_Lucknow,Cabbage,22.74,75.91,778,11.67,1,1000,348.56,34.86,LOW,10.16,3.33,7903.94,SELL NOW
2025-03-18 08:00:00,FPO_Nagpur,Mango,27.77,84.47,1915,64.69,3,2500,1355.43,54.22,LOW,74.21,4.24,142114.63,STORE
2025-03-18 09:00:00,FPO_Jaipur,Onion,37.19,91.41,1076,32.93,12,1000,1000.0,100.0,HIGH,34.14,2.95,36734.0,SELL NOW
2025-03-18 10:00:00,FPO_Nagpur,Tomato,39.61,65.23,953,30.67,10,1000,804.64,80.46,HIGH,35.61,1.63,33937.61,SELL NOW
2025-03-18 11:00:00,FPO_Nashik,Cabbage,32.84,50.2,359,28.09,9,1500,231.57,15.44,LOW,33.61,4.42,12064.85,STORE
2025-03-18 12:00:00,FPO_Indore,Potato,24.97,56.45,663,19.59,11,1500,753.45,50.23,LOW,22.94,4.81,15209.78,STORE
2025-03-18 13:00:00,FPO_Nagpur,Onion,28.77,65.5,1197,33.79,4,1500,921.67,61.44,LOW,27.08,3.02,32416.45,SELL NOW
2025-03-18 14:00:00,FPO_Surat,Mango,29.0,64.68,1745,68.91,14,1500,1500.0,100.0,HIGH,68.55,3.26,119615.44,SELL NOW
2025-03-18 15:00:00,FPO_Ahmedabad,Cabbage,29.21,84.62,1859,15.61,5,1000,1000.0,100.0,MEDIUM,20.94,2.98,38934.84,STORE
2025-03-18 16:00:00,FPO_Nashik,Tomato,20.62,45.24,1496,33.95,3,1500,1018.73,67.92,LOW,44.82,4.99,67047.08,STORE
2025-03-18 17:00:00,FPO_Indore,Apple,35.56,48.27,440,99.36,12,500,369.21,73.84,MEDIUM,105.75,4.66,46528.93,SELL NOW
2025-03-18 18:00:00,FPO_Surat,Potato,28.81,60.35,1135,18.7,11,2000,1081.45,54.07,LOW,24.13,1.64,27391.95,STORE
2025-03-18 19:00:00,FPO_Jaipur,Mango,23.67,70.54,1163,53.95,6,1500,909.78,60.65,LOW,47.0,4.23,54665.37,SELL NOW
2025-03-18 20:00:00,FPO_Indore,Onion,25.01,58.36,1158,31.9,4,2500,735.23,29.41,LOW,40.18,3.6,46532.75,STORE
2025-03-18 21:00:00,FPO_Karnal,Tomato,29.62,57.14,1878,35.91,5,2000,1397.98,69.9,LOW,43.53,1.59,81752.33,STORE
2025-03-18 22:00:00,FPO_Surat,Potato,19.58,82.61,1064,20.06,11,500,500.0,100.0,MEDIUM,25.9,3.06,27561.7,STORE
2025-03-18 23:00:00,FPO_Surat,Tomato,33.27,72.08,1390,31.33,7,2000,1037.35,51.87,LOW,35.68,2.02,49599.16,STORE
2025-03-19 00:00:00,FPO_Ahmedabad,Cabbage,29.41,50.23,1792,24.95,12,2000,1484.71,74.24,LOW,30.47,4.56,54611.09,STORE
2025-03-19 01:00:00,FPO_Nashik,Apple,37.39,57.35,849,91.78,7,500,500.0,100.0,MEDIUM,100.92,1.54,85683.32,SELL NOW
2025-03-19 02:00:00,FPO_Jaipur,Onion,28.47,72.75,526,29.1,9,1500,477.56,31.84,LOW,31.84,4.56,16747.56,SELL NOW
2025-03-19 03:00:00,FPO_Ahmedabad,Tomato,21.49,46.08,1064,24.68,2,500,500.0,100.0,LOW,29.56,4.79,31452.26,STORE
2025-03-19 04:00:00,FPO_Indore,Mango,20.81,72.66,728,54.93,14,2500,905.4,36.22,LOW,56.4,1.76,41058.91,SELL NOW
2025-03-19 05:00:00,FPO_Ahmedabad,Cabbage,25.66,59.84,1496,22.85,4,500,500.0,100.0,LOW,25.93,4.02,38786.91,STORE
2025-03-19 06:00:00,FPO_Surat,Cabbage,26.29,70.44,1078,23.41,8,1000,1000.0,100.0,MEDIUM,26.98,3.42,29085.63,STORE
2025-03-19 07:00:00,FPO_Nashik,Onion,24.6,66.8,1599,35.03,4,1000,1000.0,100.0,LOW,41.1,4.84,65715.61,STORE
2025-03-19 08:00:00,FPO_Lucknow,Cabbage,28.77,48.24,1598,25.12,12,2000,1385.02,69.25,LOW,25.63,4.29,40958.25,SELL NOW
2025-03-19 09:00:00,FPO_Ahmedabad,Mango,24.44,55.45,533,52.98,3,1500,319.53,21.3,LOW,55.38,3.93,29517.27,SELL NOW
2025-03-19 10:00:00,FPO_Karnal,Tomato,29.53,86.71,1226,34.03,14,1500,1384.89,92.33,HIGH,38.69,4.74,47434.69,SELL NOW
2025-03-19 11:00:00,FPO_Ahmedabad,Onion,24.88,95.0,1466,31.93,10,1000,1000.0,100.0,HIGH,34.28,2.06,50255.23,SELL NOW
2025-03-19 12:00:00,FPO_Indore,Cabbage,31.79,38.79,1843,26.4,6,2500,1168.86,46.75,LOW,30.19,2.82,55633.48,STORE
2025-03-19 13:00:00,FPO_Indore,Cabbage,26.14,80.65,1274,29.37,3,500,500.0,100.0,MEDIUM,26.42,4.45,33653.35,SELL NOW
2025-03-19 14:00:00,FPO_Jaipur,Mango,35.48,69.43,1081,59.89,12,500,500.0,100.0,HIGH,65.64,1.86,70961.53,SELL NOW
2025-03-19 15:00:00,FPO_Indore,Apple,31.91,95.0,549,97.32,14,500,500.0,100.0,HIGH,97.27,4.77,53403.54,SELL NOW
2025-03-19 16:00:00,FPO_Nagpur,Apple,29.16,56.62,373,101.73,12,2500,836.87,33.47,LOW,97.83,4.11,36492.15,SELL NOW
2025-03-19 17:00:00,FPO_Nashik,Cabbage,26.75,78.47,315,28.11,2,2500,220.29,8.81,LOW,32.56,3.04,10256.49,STORE
2025-03-19 18:00:00,FPO_Nashik,Tomato,18.89,60.46,1918,29.91,9,500,500.0,100.0,LOW,34.6,2.69,66353.49,STORE
2025-03-19 19:00:00,FPO_Lucknow,Onion,36.48,84.22,560,34.06,3,500,341.74,68.35,MEDIUM,39.23,2.02,21969.78,STORE
2025-03-19 20:00:00,FPO_Lucknow,Cabbage,23.92,95.0,1578,25.5,1,2500,1065.7,42.63,LOW,30.75,1.83,48528.42,STORE
2025-03-19 21:00:00,FPO_Nashik,Potato,28.54,68.2,1889,17.02,14,500,500.0,100.0,HIGH,22.14,2.98,41815.59,SELL NOW
2025-03-19 22:00:00,FPO_Karnal,Onion,30.06,47.92,1982,26.85,12,2500,1500.75,60.03,LOW,37.2,4.45,73722.85,STORE
2025-03-19 23:00:00,FPO_Lucknow,Apple,26.9,86.21,275,106.86,12,2000,587.44,29.37,MEDIUM,114.04,3.36,31361.11,SELL NOW
2025-03-20 00:00:00,FPO_Jaipur,Cabbage,36.13,73.48,955,25.16,13,1000,1000.0,100.0,HIGH,32.86,3.08,31377.84,SELL NOW
2025-03-20 01:00:00,FPO_Indore,Mango,20.67,70.67,1304,54.36,13,1000,1000.0,100.0,MEDIUM,60.23,2.62,78536.98,STORE
2025-03-20 02:00:00,FPO_Nashik,Potato,38.4,88.75,1452,15.89,9,2500,1116.23,44.65,HIGH,23.22,2.05,33714.98,SELL NOW
2025-03-20 03:00:00,FPO_Surat,Cabbage,32.03,47.94,271,18.31,5,500,230.65,46.13,LOW,19.16,4.97,5191.45,SELL NOW
2025-03-20 04:00:00,FPO_Lucknow,Tomato,26.52,54.26,1626,32.12,7,1000,1000.0,100.0,LOW,38.36,1.59,62377.32,STORE
2025-03-20 05:00:00,FPO_Nashik,Potato,26.59,73.91,1441,23.55,14,1500,1415.58,94.37,HIGH,32.36,2.59,46632.89,SELL NOW
2025-03-20 06:00:00,FPO_Nagpur,Cabbage,15.0,53.92,651,34.22,2,500,500.0,100.0,LOW,36.17,4.19,23548.63,SELL NOW
2025-03-20 07:00:00,FPO_Ahmedabad,Tomato,22.91,60.26,1110,30.88,14,2500,1223.09,48.92,LOW,40.76,3.32,45238.57,STORE
2025-03-20 08:00:00,FPO_Indore,Potato,25.88,84.12,1978,25.18,1,1500,1500.0,100.0,LOW,26.5,2.6,52419.7,SELL NOW
2025-03-20 09:00:00,FPO_Nashik,Tomato,29.06,71.49,566,37.95,6,2500,634.25,25.37,LOW,43.32,4.97,24518.52,STORE
2025-03-20 10:00:00,FPO_Ahmedabad,Tomato,35.56,47.32,1025,23.16,13,500,500.0,100.0,MEDIUM,21.09,3.67,21620.67,SELL NOW
2025-03-20 11:00:00,FPO_Lucknow,Potato,40.23,71.12,1813,14.5,5,2000,1255.88,62.79,MEDIUM,21.51,2.53,38996.55,STORE
2025-03-20 12:00:00,FPO_Ahmedabad,Potato,29.63,83.59,869,24.76,10,2000,922.0,46.1,MEDIUM,33.89,4.47,29450.48,STORE
2025-03-20 13:00:00,FPO_Indore,Tomato,29.23,67.57,1783,26.78,6,2000,1524.36,76.22,LOW,29.65,2.03,52871.61,STORE
2025-03-20 14:00:00,FPO_Nashik,Apple,25.06,78.08,1535,101.49,2,500,500.0,100.0,LOW,97.83,3.12,150172.87,SELL NOW
2025-03-20 15:00:00,FPO_Nagpur,Potato,17.71,57.24,1521,28.12,7,500,500.0,100.0,LOW,31.31,4.44,47618.74,STORE
2025-03-20 16:00:00,FPO_Karnal,Cabbage,24.37,68.9,1247,28.81,1,1500,884.03,58.94,LOW,27.38,4.94,34147.1,SELL NOW
2025-03-20 17:00:00,FPO_Lucknow,Onion,26.77,41.35,309,37.58,11,500,388.78,77.76,LOW,41.04,2.84,12682.23,SELL NOW
2025-03-20 18:00:00,FPO_Nashik,Mango,33.85,74.45,251,55.46,8,500,243.23,48.65,MEDIUM,62.64,1.98,15722.11,STORE
2025-03-20 19:00:00,FPO_Indore,Tomato,31.12,70.4,1513,32.49,14,1500,1413.08,94.21,HIGH,37.85,3.48,57264.95,SELL NOW
2025-03-20 20:00:00,FPO_Lucknow,Tomato,29.33,45.65,1667,24.14,7,1500,1297.53,86.5,LOW,19.38,4.8,32301.13,SELL NOW
2025-03-20 21:00:00,FPO_Jaipur,Mango,24.52,87.81,666,68.34,7,2500,613.92,24.56,LOW,69.72,3.83,46432.17,SELL NOW
2025-03-20 22:00:00,FPO_Ahmedabad,Apple,16.11,73.57,1482,102.24,6,1000,1000.0,100.0,LOW,106.27,3.61,157494.78,SELL NOW
2025-03-20 23:00:00,FPO_Karnal,Mango,16.47,54.61,1547,62.53,10,1000,1000.0,100.0,LOW,72.46,2.58,112098.1,STORE
2025-03-21 00:00:00,FPO_Indore,Potato,18.02,74.84,1874,19.09,5,2500,1279.88,51.2,LOW,21.35,3.62,40012.63,STORE
2025-03-21 01:00:00,FPO_Jaipur,Mango,26.25,50.23,1017,57.34,9,2000,940.08,47.0,LOW,62.83,4.6,63900.39,SELL NOW
2025-03-21 02:00:00,FPO_Surat,Tomato,33.96,52.31,1561,30.03,3,500,500.0,100.0,LOW,33.91,2.81,52928.58,STORE
2025-03-21 03:00:00,FPO_Nashik,Mango,33.8,50.31,986,68.74,14,1500,1078.46,71.9,MEDIUM,68.81,2.35,67843.08,SELL NOW
2025-03-21 04:00:00,FPO_Nagpur,Onion,32.76,49.88,755,37.91,9,1500,771.61,51.44,LOW,38.64,3.18,29175.49,SELL NOW
2025-03-21 05:00:00,FPO_Lucknow,Cabbage,24.91,71.56,1128,26.79,5,2000,913.7,45.69,LOW,28.84,2.82,32527.13,SELL NOW
2025-03-21 06:00:00,FPO_Ahmedabad,Potato,34.87,66.42,1645,19.89,8,1500,1309.62,87.31,MEDIUM,29.25,3.14,48122.54,STORE
2025-03-21 07:00:00,FPO_Lucknow,Mango,22.41,76.22,458,62.86,11,2000,750.85,37.54,LOW,61.98,1.84,28385.45,SELL NOW
2025-03-21 08:00:00,FPO_Karnal,Tomato,33.12,30.0,1848,34.27,3,2500,873.92,34.96,LOW,36.37,2.68,67217.18,SELL NOW
2025-03-21 09:00:00,FPO_Nashik,Cabbage,17.95,59.13,1962,26.06,7,2000,1404.08,70.2,LOW,26.06,4.39,51132.94,SELL NOW
2025-03-21 10:00:00,FPO_Lucknow,Potato,20.94,59.34,264,20.06,10,1000,458.07,45.81,LOW,29.59,2.9,7811.54,STORE
2025-03-21 11:00:00,FPO_Ahmedabad,Tomato,37.92,65.79,362,31.4,4,2000,274.58,13.73,LOW,36.31,4.89,13145.68,STORE
2025-03-21 12:00:00,FPO_Nashik,Apple,26.78,65.4,1387,98.8,5,2500,1085.31,43.41,LOW,108.65,3.98,150704.29,SELL NOW
2025-03-21 13:00:00,FPO_Lucknow,Onion,23.91,68.42,1901,28.22,4,2000,1454.81,72.74,LOW,17.89,2.78,34017.37,SELL NOW
2025-03-21 14:00:00,FPO_Nagpur,Apple,34.62,66.33,238,99.72,13,2500,599.23,23.97,MEDIUM,107.36,2.38,25551.24,SELL NOW
2025-03-21 15:00:00,FPO_Indore,Onion,35.3,58.12,864,33.33,9,1000,787.12,78.71,MEDIUM,31.83,3.9,27504.44,SELL NOW
2025-03-21 16:00:00,FPO_Nashik,Mango,25.4,59.01,519,58.89,12,500,500.0,100.0,MEDIUM,58.94,2.56,30589.11,SELL NOW
2025-03-21 17:00:00,FPO_Indore,Potato,29.67,64.21,559,21.81,7,2500,716.91,28.68,LOW,23.87,4.74,13341.5,SELL NOW
2025-03-21 18:00:00,FPO_Surat,Mango,28.82,72.57,468,60.72,14,500,500.0,100.0,HIGH,63.62,1.91,29775.88,SELL NOW
2025-03-21 19:00:00,FPO_Nashik,Onion,15.0,66.28,523,28.09,6,2500,625.42,25.02,LOW,31.01,1.6,16216.47,STORE
2025-03-21 20:00:00,FPO_Nagpur,Onion,19.62,53.22,525,37.75,6,2000,599.74,29.99,LOW,37.19,2.27,19527.19,SELL NOW
2025-03-21 21:00:00,FPO_Indore,Onion,33.65,52.43,1810,39.21,11,500,500.0,100.0,MEDIUM,41.69,3.62,75459.88,SELL NOW
2025-03-21 22:00:00,FPO_Jaipur,Cabbage,23.0,72.65,456,23.49,10,2500,835.26,33.41,LOW,26.01,4.42,11860.59,STORE
2025-03-21 23:00:00,FPO_Ahmedabad,Tomato,31.18,76.36,399,24.01,7,2500,374.52,14.98,LOW,18.75,2.1,7480.71,SELL NOW
2025-03-22 00:00:00,FPO_Jaipur,Potato,29.58,81.07,1661,19.68,5,500,500.0,100.0,MEDIUM,24.4,3.55,40531.13,STORE
2025-03-22 01:00:00,FPO_Lucknow,Mango,35.29,57.64,809,62.23,10,2500,787.15,31.49,LOW,65.3,2.0,52825.09,SELL NOW
2025-03-22 02:00:00,FPO_Nagpur,Mango,19.82,36.83,1327,59.57,13,500,500.0,100.0,LOW,63.53,3.47,84305.79,SELL NOW
2025-03-22 03:00:00,FPO_Jaipur,Apple,30.37,70.72,1595,93.61,14,1000,1000.0,100.0,HIGH,94.12,1.56,150120.07,SELL NOW
2025-03-22 04:00:00,FPO_Nashik,Onion,27.61,54.27,1104,29.22,3,1500,945.63,63.04,LOW,32.35,3.45,35712.1,STORE
2025-03-22 05:00:00,FPO_Lucknow,Onion,23.26,63.45,363,32.04,11,1000,625.55,62.56,LOW,24.19,3.33,8781.48,SELL NOW
2025-03-22 06:00:00,FPO_Lucknow,Onion,23.22,67.22,1336,34.92,11,500,500.0,100.0,MEDIUM,35.23,1.65,47065.9,SELL NOW
2025-03-22 07:00:00,FPO_Jaipur,Mango,29.36,73.3,814,68.78,3,2000,579.04,28.95,LOW,69.54,3.91,56606.12,SELL NOW
2025-03-22 08:00:00,FPO_Surat,Apple,31.78,78.4,1772,97.76,7,2000,1528.27,76.41,MEDIUM,100.51,3.5,178102.4,SELL NOW
2025-03-22 09:00:00,FPO_Jaipur,Tomato,28.38,82.54,305,24.88,11,1500,646.16,43.08,MEDIUM,27.73,3.68,8458.61,STORE
2025-03-22 10:00:00,FPO_Surat,Cabbage,28.57,84.79,898,23.75,14,500,500.0,100.0,HIGH,31.52,3.35,28301.92,SELL NOW
2025-03-22 11:00:00,FPO_Nagpur,Potato,25.01,66.56,563,17.27,10,2500,863.56,34.54,LOW,14.71,4.03,8282.96,SELL NOW
2025-03-22 12:00:00,FPO_Ahmedabad,Tomato,25.41,39.67,1244,24.5,1,1000,777.87,77.79,LOW,31.1,3.34,38691.45,STORE
2025-03-22 13:00:00,FPO_Jaipur,Mango,23.25,55.86,859,56.53,4,1000,638.46,63.85,LOW,69.55,4.73,59739.73,STORE
2025-03-22 14:00:00,FPO_Karnal,Cabbage,24.89,86.12,1352,26.63,10,1500,1079.24,71.95,MEDIUM,27.19,4.8,36767.33,SELL NOW
2025-03-22 15:00:00,FPO_Surat,Cabbage,31.57,67.23,1706,20.84,14,1500,1500.0,100.0,HIGH,27.5,4.04,46915.75,SELL NOW
2025-03-22 16:00:00,FPO_Jaipur,Cabbage,32.24,95.0,898,29.12,8,1500,845.65,56.38,HIGH,39.29,4.69,35281.39,SELL NOW
2025-03-22 17:00:00,FPO_Indore,Onion,20.34,59.32,1422,35.75,4,1500,1048.01,69.87,LOW,45.78,4.73,65093.69,STORE
2025-03-22 18:00:00,FPO_Nashik,Potato,22.62,95.0,946,16.37,1,1500,716.84,47.79,LOW,17.91,2.42,16946.62,SELL NOW
2025-03-22 19:00:00,FPO_Karnal,Mango,23.74,64.98,1843,53.48,5,1500,1194.92,79.66,LOW,61.89,4.98,114057.17,STORE
2025-03-22 20:00:00,FPO_Karnal,Mango,27.62,58.7,1744,57.32,1,2500,1380.16,55.21,LOW,64.62,2.44,112696.45,STORE
2025-03-22 21:00:00,FPO_Surat,Cabbage,17.9,54.33,1160,22.99,9,2500,1019.39,40.78,LOW,32.02,1.56,37146.09,STORE
2025-03-22 22:00:00,FPO_Indore,Mango,22.73,74.9,1643,66.33,8,1000,1000.0,100.0,MEDIUM,72.78,4.87,119579.77,SELL NOW
2025-03-22 23:00:00,FPO_Indore,Potato,19.69,43.8,1449,21.75,14,1000,1000.0,100.0,LOW,30.6,2.28,44336.09,STORE
2025-03-23 00:00:00,FPO_Lucknow,Potato,30.4,56.75,1129,24.1,7,1500,632.15,42.14,LOW,25.97,3.54,29315.73,SELL NOW
2025-03-23 01:00:00,FPO_Surat,Apple,27.82,64.21,408,102.09,5,1000,395.43,39.54,LOW,102.8,4.9,41940.41,SELL NOW
2025-03-23 02:00:00,FPO_Ahmedabad,Apple,25.22,31.13,1468,95.6,4,1500,997.74,66.52,LOW,87.7,1.67,128738.99,SELL NOW
2025-03-23 03:00:00,FPO_Nashik,Tomato,21.62,63.54,1511,26.75,7,2500,1190.29,47.61,LOW,27.63,2.44,41753.65,SELL NOW
2025-03-23 04:00:00,FPO_Nagpur,Potato,25.32,90.81,1289,21.94,3,2000,1157.82,57.89,LOW,23.39,3.63,30143.91,SELL NOW
2025-03-23 05:00:00,FPO_Karnal,Potato,24.61,71.48,1376,23.89,8,2500,1371.14,54.85,LOW,17.87,4.17,24589.78,SELL NOW
2025-03-23 06:00:00,FPO_Nagpur,Potato,37.81,55.13,690,14.83,5,500,500.0,100.0,MEDIUM,18.05,4.33,12456.1,STORE
2025-03-23 07:00:00,FPO_Jaipur,Apple,33.98,57.83,1658,97.03,5,2500,1196.67,47.87,LOW,105.39,4.59,174736.21,SELL NOW
2025-03-23 08:00:00,FPO_Jaipur,Cabbage,23.86,70.06,902,25.06,1,500,500.0,100.0,LOW,23.49,2.09,21191.61,SELL NOW
2025-03-23 09:00:00,FPO_Nagpur,Cabbage,28.99,57.34,1441,22.8,13,1000,1000.0,100.0,MEDIUM,35.16,2.8,50671.48,STORE
2025-03-23 10:00:00,FPO_Jaipur,Mango,33.67,72.03,1652,52.99,10,2500,1305.12,52.2,MEDIUM,57.84,4.0,95558.91,SELL NOW
2025-03-23 11:00:00,FPO_Ahmedabad,Cabbage,23.85,56.92,701,21.39,11,2000,1020.58,51.03,LOW,28.61,4.0,20055.19,STORE
2025-03-23 12:00:00,FPO_Indore,Onion,19.5,49.64,865,23.04,8,2500,780.32,31.21,LOW,25.79,2.58,22311.1,STORE
2025-03-23 13:00:00,FPO_Jaipur,Apple,17.22,82.71,1817,106.9,7,2500,1668.14,66.73,LOW,105.46,2.56,191614.12,SELL NOW
2025-03-23 14:00:00,FPO_Lucknow,Potato,35.63,75.64,420,20.4,1,2500,177.58,7.1,LOW,26.11,2.62,10968.11,STORE
2025-03-23 15:00:00,FPO_Jaipur,Cabbage,26.85,36.67,634,24.67,12,1500,631.07,42.07,LOW,31.47,4.62,19953.04,STORE
2025-03-23 16:00:00,FPO_Nashik,Apple,29.75,59.95,479,95.11,12,2500,623.17,24.93,LOW,97.25,4.68,46581.53,SELL NOW
2025-03-23 17:00:00,FPO_Ahmedabad,Cabbage,24.55,80.64,1846,26.15,4,2500,1332.8,53.31,LOW,30.43,1.55,56174.71,STORE
2025-03-23 18:00:00,FPO_Nashik,Tomato,20.39,62.51,1315,31.48,4,2000,946.58,47.33,LOW,34.44,2.64,45293.94,SELL NOW
2025-03-23 19:00:00,FPO_Nashik,Potato,21.51,56.29,723,17.42,12,500,500.0,100.0,LOW,17.17,2.87,12412.28,SELL NOW
2025-03-23 20:00:00,FPO_Lucknow,Tomato,19.95,61.21,1362,23.53,9,500,500.0,100.0,LOW,28.17,4.94,38370.96,STORE
2025-03-23 21:00:00,FPO_Ahmedabad,Potato,33.1,66.66,866,19.52,10,2000,828.19,41.41,LOW,18.99,4.8,16449.62,SELL NOW
2025-03-23 22:00:00,FPO_Ahmedabad,Apple,36.96,62.31,1246,93.0,2,1000,773.71,77.37,LOW,99.82,3.7,124374.59,SELL NOW
2025-03-23 23:00:00,FPO_Surat,Mango,28.22,63.76,1640,61.9,4,2500,1262.98,50.52,LOW,76.49,1.66,125450.67,STORE
2025-03-24 00:00:00,FPO_Ahmedabad,Cabbage,18.89,62.75,931,28.79,10,1000,994.77,99.48,LOW,37.29,2.17,34718.86,STORE
2025-03-24 01:00:00,FPO_Ahmedabad,Cabbage,30.98,50.4,547,17.84,3,2000,394.45,19.72,LOW,19.91,3.02,10891.75,STORE
2025-03-24 02:00:00,FPO_Ahmedabad,Onion,35.59,49.62,1460,34.4,10,1000,1000.0,100.0,MEDIUM,39.15,4.86,57162.84,STORE
2025-03-24 03:00:00,FPO_Lucknow,Tomato,33.83,48.65,964,32.41,5,500,500.0,100.0,LOW,41.08,1.83,39596.66,STORE
2025-03-24 04:00:00,FPO_Jaipur,Cabbage,27.83,66.37,1133,10.8,12,1500,1049.19,69.95,MEDIUM,13.31,4.27,15083.76,STORE
2025-03-24 05:00:00,FPO_Surat,Apple,26.59,73.74,382,94.48,7,1000,512.62,51.26,LOW,100.27,2.17,38304.45,SELL NOW
2025-03-24 06:00:00,FPO_Nashik,Mango,27.78,50.88,707,56.97,5,1500,494.2,32.95,LOW,63.56,3.28,44934.77,STORE
2025-03-24 07:00:00,FPO_Ahmedabad,Apple,35.35,42.5,397,102.84,5,1000,254.52,25.45,LOW,107.15,4.18,42539.5,SELL NOW
2025-03-24 08:00:00,FPO_Karnal,Tomato,32.56,51.93,1905,30.19,4,2000,1163.26,58.16,LOW,34.14,3.92,65037.84,STORE
2025-03-24 09:00:00,FPO_Jaipur,Onion,25.69,86.04,1346,25.38,14,1500,1331.24,88.75,HIGH,33.63,4.22,45267.91,SELL NOW
2025-03-24 10:00:00,FPO_Jaipur,Cabbage,25.53,60.3,1769,33.12,9,1000,1000.0,100.0,LOW,44.79,4.35,79227.74,STORE
2025-03-24 11:00:00,FPO_Nashik,Apple,25.11,61.79,580,96.5,6,2000,534.8,26.74,LOW,99.05,2.57,57451.46,SELL NOW
2025-03-24 12:00:00,FPO_Lucknow,Potato,21.61,53.03,1024,17.82,10,500,500.0,100.0,LOW,27.03,2.77,27674.13,STORE
2025-03-24 13:00:00,FPO_Nagpur,Mango,36.11,73.58,1738,54.2,6,2500,1188.83,47.55,MEDIUM,49.76,4.36,86481.6,SELL NOW
2025-03-24 14:00:00,FPO_Nagpur,Apple,23.27,63.15,1229,99.11,11,2000,1098.58,54.93,LOW,104.53,1.64,128465.22,SELL NOW
2025-03-24 15:00:00,FPO_Jaipur,Mango,30.94,54.1,1527,64.52,6,2000,1013.57,50.68,LOW,56.61,3.3,86449.9,SELL NOW
2025-03-24 16:00:00,FPO_Indore,Cabbage,24.03,49.54,1837,20.49,6,500,500.0,100.0,LOW,19.63,4.72,36052.0,SELL NOW
2025-03-24 17:00:00,FPO_Indore,Potato,25.14,70.67,391,23.04,1,1500,229.68,15.31,LOW,20.86,4.6,8157.48,SELL NOW
2025-03-24 18:00:00,FPO_Nashik,Onion,27.32,68.96,1599,31.02,11,1000,1000.0,100.0,MEDIUM,42.2,4.32,67483.54,STORE
2025-03-24 19:00:00,FPO_Nagpur,Onion,31.27,46.43,724,29.84,6,1500,633.77,42.25,LOW,31.43,1.58,22754.9,SELL NOW
2025-03-24 20:00:00,FPO_Jaipur,Potato,26.44,83.41,1259,23.61,4,2000,988.58,49.43,LOW,26.37,4.61,33197.17,STORE
2025-03-24 21:00:00,FPO_Lucknow,Mango,21.16,55.37,1293,64.53,2,1000,806.49,80.65,LOW,66.43,4.69,85892.89,SELL NOW
2025-03-24 22:00:00,FPO_Nagpur,Cabbage,28.11,31.63,488,26.36,6,2500,343.04,13.72,LOW,22.13,3.82,10801.3,SELL NOW
2025-03-24 23:00:00,FPO_Jaipur,Apple,23.4,87.93,304,105.23,1,2500,249.01,9.96,LOW,109.67,2.55,33339.15,SELL NOW
2025-03-25 00:00:00,FPO_Jaipur,Potato,37.26,63.46,1939,16.5,12,1000,1000.0,100.0,HIGH,19.88,3.21,38549.11,SELL NOW
2025-03-25 01:00:00,FPO_Ahmedabad,Tomato,26.44,71.52,512,25.79,1,2000,332.95,16.65,LOW,24.73,4.17,12660.83,SELL NOW
2025-03-25 02:00:00,FPO_Lucknow,Mango,23.99,90.08,1278,54.51,5,500,500.0,100.0,MEDIUM,64.4,4.35,82309.15,STORE
2025-03-25 03:00:00,FPO_Ahmedabad,Onion,39.85,49.96,1330,32.74,6,1500,972.97,64.86,LOW,42.48,2.7,56501.25,STORE
2025-03-25 04:00:00,FPO_Nashik,Potato,32.43,72.19,1876,28.11,2,1500,1406.17,93.74,LOW,24.82,2.64,46563.78,SELL NOW
2025-03-25 05:00:00,FPO_Ahmedabad,Onion,22.62,82.63,1960,28.45,10,500,500.0,100.0,MEDIUM,28.02,4.08,54915.01,SELL NOW
2025-03-25 06:00:00,FPO_Karnal,Mango,23.25,50.98,506,61.41,8,500,464.13,92.83,LOW,66.76,3.9,33779.0,SELL NOW
2025-03-25 07:00:00,FPO_Ahmedabad,Onion,30.85,86.91,1020,22.53,4,2500,780.05,31.2,LOW,23.2,3.3,23666.39,SELL NOW
2025-03-25 08:00:00,FPO_Karnal,Potato,28.26,43.86,235,22.11,12,500,500.0,100.0,LOW,24.02,2.97,5644.63,SELL NOW
2025-03-25 09:00:00,FPO_Nagpur,Mango,33.34,63.57,1356,51.63,4,1000,734.91,73.49,LOW,49.55,3.8,67184.55,SELL NOW
2025-03-25 10:00:00,FPO_Indore,Tomato,24.02,48.87,1086,28.3,10,2500,1021.71,40.87,LOW,26.26,1.61,28523.38,SELL NOW
2025-03-25 11:00:00,FPO_Surat,Potato,32.21,75.44,1248,12.38,14,2000,1236.01,61.8,HIGH,12.78,1.76,15953.02,SELL NOW
2025-03-25 12:00:00,FPO_Surat,Apple,15.0,50.52,1260,108.47,5,2500,1087.91,43.52,LOW,112.13,3.51,141279.94,SELL NOW
2025-03-25 13:00:00,FPO_Jaipur,Cabbage,27.07,55.74,1242,24.75,10,2500,1149.96,46.0,LOW,28.74,2.24,35691.08,STORE
2025-03-25 14:00:00,FPO_Surat,Potato,24.3,51.82,234,21.55,4,1500,315.08,21.01,LOW,20.47,4.21,4789.29,SELL NOW
2025-03-25 15:00:00,FPO_Karnal,Mango,25.27,46.97,1586,69.54,11,500,500.0,100.0,LOW,66.8,4.2,105941.0,SELL NOW
2025-03-25 16:00:00,FPO_Lucknow,Cabbage,27.38,53.5,1641,25.33,14,1000,1000.0,100.0,MEDIUM,22.12,3.98,36299.11,SELL NOW
2025-03-25 17:00:00,FPO_Ahmedabad,Potato,34.83,64.32,1653,13.95,5,500,500.0,100.0,MEDIUM,21.9,4.66,36195.57,STORE
2025-03-25 18:00:00,FPO_Karnal,Tomato,21.08,63.5,1741,25.85,10,1500,1500.0,100.0,LOW,39.47,1.99,68720.6,STORE
2025-03-25 19:00:00,FPO_Lucknow,Tomato,15.0,61.75,666,37.73,3,500,500.0,100.0,LOW,42.88,2.41,28555.93,STORE
2025-03-25 20:00:00,FPO_Indore,Apple,21.77,55.0,1096,95.52,8,1000,945.66,94.57,LOW,85.69,2.38,93915.04,SELL NOW
2025-03-25 21:00:00,FPO_Surat,Onion,34.13,59.66,398,27.8,6,500,489.52,97.9,MEDIUM,33.64,4.24,13388.13,STORE
2025-03-25 22:00:00,FPO_Indore,Cabbage,18.13,41.22,1769,32.73,8,1500,1500.0,100.0,LOW,41.66,3.32,73698.56,STORE
2025-03-25 23:00:00,FPO_Surat,Mango,24.57,54.52,1791,56.14,5,1000,1000.0,100.0,LOW,55.9,2.38,100114.72,SELL NOW
2025-03-26 00:00:00,FPO_Ahmedabad,Mango,33.04,61.67,967,59.52,7,500,500.0,100.0,MEDIUM,66.92,1.98,64713.18,STORE
2025-03-26 01:00:00,FPO_Nashik,Onion,27.65,69.42,1434,36.75,10,1500,1085.96,72.4,MEDIUM,45.11,4.63,64687.35,STORE
2025-03-26 02:00:00,FPO_Ahmedabad,Tomato,34.77,67.58,1832,25.13,7,1500,1477.64,98.51,MEDIUM,34.58,3.92,63344.58,STORE
2025-03-26 03:00:00,FPO_Nagpur,Tomato,15.79,46.58,1724,24.01,6,2500,1480.05,59.2,LOW,24.08,3.35,41509.99,SELL NOW
2025-03-26 04:00:00,FPO_Karnal,Potato,26.07,71.42,440,12.78,14,1000,783.42,78.34,MEDIUM,16.16,4.88,7110.6,STORE
2025-03-26 05:00:00,FPO_Jaipur,Apple,36.02,66.83,1393,94.49,12,1000,1000.0,100.0,HIGH,98.39,4.47,137064.02,SELL NOW
2025-03-26 06:00:00,FPO_Nashik,Cabbage,21.24,86.6,493,20.58,10,500,500.0,100.0,MEDIUM,30.18,2.12,14876.53,STORE
2025-03-26 07:00:00,FPO_Ahmedabad,Apple,34.21,42.58,1121,98.18,14,2500,1274.14,50.97,LOW,99.14,3.28,111131.91,SELL NOW
2025-03-26 08:00:00,FPO_Lucknow,Apple,26.59,62.95,1962,101.79,13,1000,1000.0,100.0,MEDIUM,109.5,3.2,214830.66,SELL NOW
2025-03-26 09:00:00,FPO_Nashik,Potato,30.6,80.47,1538,21.78,4,1500,1134.1,75.61,MEDIUM,26.14,4.46,40202.95,STORE
2025-03-26 10:00:00,FPO_Karnal,Apple,35.59,60.55,1350,93.84,6,1000,941.22,94.12,MEDIUM,101.64,2.02,137216.91,SELL NOW
2025-03-26 11:00:00,FPO_Surat,Onion,30.58,51.3,667,36.8,9,2500,629.66,25.19,LOW,43.59,3.08,29076.69,STORE
2025-03-26 12:00:00,FPO_Nashik,Potato,24.45,52.76,566,16.49,11,2000,638.1,31.9,LOW,16.21,3.73,9175.85,SELL NOW
2025-03-26 13:00:00,FPO_Surat,Onion,31.37,76.77,1244,39.02,14,1500,1343.11,89.54,HIGH,43.36,4.81,53944.35,SELL NOW
2025-03-26 14:00:00,FPO_Karnal,Potato,24.03,41.78,515,22.76,12,1000,674.71,67.47,LOW,22.3,4.65,11486.55,SELL NOW
2025-03-26 15:00:00,FPO_Ahmedabad,Apple,29.64,60.0,957,105.23,4,1500,622.97,41.53,LOW,108.11,3.37,103462.21,SELL NOW
2025-03-26 16:00:00,FPO_Karnal,Onion,20.49,51.86,1313,32.65,13,500,500.0,100.0,LOW,44.39,3.62,58283.82,STORE
2025-03-26 17:00:00,FPO_Nashik,Onion,28.17,52.99,1627,37.53,6,1500,1256.4,83.76,LOW,38.41,4.48,62493.9,SELL NOW
2025-03-26 18:00:00,FPO_Lucknow,Onion,35.14,71.62,1741,29.78,6,1000,1000.0,100.0,MEDIUM,29.73,4.11,51756.63,SELL NOW
2025-03-26 19:00:00,FPO_Indore,Potato,26.21,59.07,650,20.67,13,500,500.0,100.0,MEDIUM,22.74,4.58,14783.12,STORE
2025-03-26 20:00:00,FPO_Nashik,Mango,34.56,68.5,977,61.52,3,500,500.0,100.0,MEDIUM,67.9,4.64,66338.38,STORE
2025-03-26 21:00:00,FPO_Karnal,Apple,45.0,46.37,1107,98.62,13,500,500.0,100.0,HIGH,104.96,4.41,116193.51,SELL NOW
2025-03-26 22:00:00,FPO_Indore,Onion,27.83,77.45,1832,32.27,4,2000,1617.45,80.87,LOW,37.07,1.53,67910.36,STORE
2025-03-26 23:00:00,FPO_Karnal,Cabbage,31.69,68.19,1373,32.75,3,2000,1176.8,58.84,LOW,31.76,2.59,43612.19,SELL NOW
2025-03-27 00:00:00,FPO_Lucknow,Mango,30.86,83.57,645,51.55,3,500,446.34,89.27,MEDIUM,53.31,2.91,34382.09,SELL NOW
2025-03-27 01:00:00,FPO_Karnal,Cabbage,29.35,58.9,1156,24.62,10,1000,1000.0,100.0,MEDIUM,34.66,3.87,40064.55,STORE
2025-03-27 02:00:00,FPO_Ahmedabad,Apple,32.73,71.74,279,111.0,12,500,464.89,92.98,HIGH,106.42,2.57,29690.31,SELL NOW
2025-03-27 03:00:00,FPO_Jaipur,Apple,26.51,76.75,1240,98.05,4,500,500.0,100.0,MEDIUM,102.34,2.63,126903.67,SELL NOW
2025-03-27 04:00:00,FPO_Surat,Onion,24.02,71.45,337,35.07,13,1500,866.88,57.79,MEDIUM,36.97,2.9,12459.91,SELL NOW
2025-03-27 05:00:00,FPO_Surat,Onion,18.84,90.47,851,34.35,4,1500,798.84,53.26,LOW,39.69,4.84,33780.21,STORE
2025-03-27 06:00:00,FPO_Nashik,Potato,25.94,40.05,1050,14.81,6,1500,695.69,46.38,LOW,18.49,3.03,19410.87,STORE
2025-03-27 07:00:00,FPO_Jaipur,Mango,33.41,67.62,1731,61.48,13,2500,1342.45,53.7,MEDIUM,56.98,1.99,98628.65,SELL NOW
2025-03-27 08:00:00,FPO_Karnal,Mango,22.36,58.91,751,61.1,4,1500,648.28,43.22,LOW,67.04,1.52,50347.71,SELL NOW
2025-03-27 09:00:00,FPO_Lucknow,Onion,29.48,57.83,1903,45.91,6,1500,1420.44,94.7,LOW,44.03,2.33,83796.65,SELL NOW
2025-03-27 10:00:00,FPO_Nashik,Apple,27.26,87.4,273,86.87,2,1000,332.72,33.27,LOW,83.96,4.79,22922.06,SELL NOW
2025-03-27 11:00:00,FPO_Karnal,Onion,24.28,55.7,1297,21.9,4,2000,1062.96,53.15,LOW,25.15,4.84,32620.48,STORE
2025-03-27 12:00:00,FPO_Indore,Apple,16.88,77.79,249,98.86,2,2000,419.8,20.99,LOW,99.8,3.35,24850.43,SELL NOW
2025-03-27 13:00:00,FPO_Nagpur,Apple,36.18,49.19,1233,98.21,12,2000,950.86,47.54,LOW,97.22,3.76,119873.29,SELL NOW
2025-03-27 14:00:00,FPO_Karnal,Onion,31.1,80.29,1326,25.58,8,2500,1025.1,41.0,MEDIUM,26.64,4.29,35323.88,SELL NOW
2025-03-27 15:00:00,FPO_Jaipur,Tomato,43.99,64.66,587,23.9,12,500,500.0,100.0,HIGH,23.23,1.7,13638.91,SELL NOW
2025-03-27 16:00:00,FPO_Nashik,Mango,34.48,60.76,584,63.42,9,1500,539.29,35.95,LOW,74.16,2.81,43306.61,STORE
2025-03-27 17:00:00,FPO_Jaipur,Cabbage,36.04,41.95,498,20.8,7,1000,259.56,25.96,LOW,25.37,3.75,12633.25,STORE
2025-03-27 18:00:00,FPO_Nashik,Apple,17.5,60.79,538,97.29,6,2500,464.67,18.59,LOW,99.5,4.64,53532.44,SELL NOW
2025-03-27 19:00:00,FPO_Karnal,Apple,17.4,54.7,1612,104.99,8,2000,1446.4,72.32,LOW,111.78,4.04,180187.49,SELL NOW
2025-03-27 20:00:00,FPO_Ahmedabad,Tomato,28.25,91.21,673,32.22,4,2500,717.0,28.68,LOW,34.27,2.73,23064.9,SELL NOW
2025-03-27 21:00:00,FPO_Indore,Cabbage,21.11,65.77,815,22.61,10,1000,921.0,92.1,LOW,24.31,4.68,19815.48,SELL NOW
2025-03-27 22:00:00,FPO_Karnal,Potato,23.91,56.05,1161,14.67,11,2500,1022.23,40.89,LOW,22.34,3.83,25934.87,STORE
2025-03-27 23:00:00,FPO_Surat,Tomato,43.16,55.42,991,32.4,2,2000,528.85,26.44,LOW,31.93,4.41,31638.89,SELL NOW
2025-03-28 00:00:00,FPO_Jaipur,Cabbage,35.14,44.6,1365,20.3,14,500,500.0,100.0,MEDIUM,18.19,2.85,24825.95,SELL NOW
2025-03-28 01:00:00,FPO_Nagpur,Tomato,22.39,87.83,1393,34.46,4,2000,1085.82,54.29,LOW,40.74,1.51,56749.26,STORE
2025-03-28 02:00:00,FPO_Nagpur,Apple,15.0,83.84,212,102.1,5,2000,512.72,25.64,LOW,105.92,2.08,22454.19,SELL NOW
2025-03-28 03:00:00,FPO_Lucknow,Mango,21.88,64.0,1892,59.03,9,2000,1513.74,75.69,LOW,62.81,4.75,118829.27,SELL NOW
2025-03-28 04:00:00,FPO_Nashik,Tomato,24.66,95.0,648,30.19,5,2500,737.97,29.52,LOW,31.44,1.62,20373.16,SELL NOW
2025-03-28 05:00:00,FPO_Jaipur,Potato,26.07,64.8,373,12.24,9,1000,576.66,57.67,LOW,18.22,3.59,6795.48,STORE
2025-03-28 06:00:00,FPO_Lucknow,Onion,20.33,81.45,1897,37.4,9,2000,1485.64,74.28,LOW,33.55,2.93,63644.28,SELL NOW
2025-03-28 07:00:00,FPO_Jaipur,Cabbage,34.78,73.49,1355,23.95,8,2500,1302.33,52.09,MEDIUM,17.27,3.0,23399.04,SELL NOW
2025-03-28 08:00:00,FPO_Surat,Tomato,23.73,56.38,1763,28.83,5,1000,1000.0,100.0,LOW,29.85,2.9,52624.57,SELL NOW
2025-03-28 09:00:00,FPO_Nashik,Tomato,31.89,67.74,794,25.12,14,500,500.0,100.0,HIGH,31.27,1.74,24824.74,SELL NOW
2025-03-28 10:00:00,FPO_Karnal,Potato,28.32,70.59,1131,21.15,12,2000,996.65,49.83,MEDIUM,30.37,1.93,34347.54,STORE
2025-03-28 11:00:00,FPO_Karnal,Mango,33.63,45.44,468,67.99,2,1500,399.88,26.66,LOW,73.73,1.72,34505.54,SELL NOW
2025-03-28 12:00:00,FPO_Nagpur,Tomato,26.57,69.32,1474,26.65,5,2500,1146.46,45.86,LOW,25.04,1.69,36904.48,SELL NOW
2025-03-28 13:00:00,FPO_Karnal,Tomato,22.45,82.11,1593,25.91,11,500,500.0,100.0,MEDIUM,24.34,1.8,38771.64,SELL NOW
2025-03-28 14:00:00,FPO_Karnal,Mango,24.41,54.63,817,63.42,1,500,500.0,100.0,LOW,72.47,3.94,59206.6,STORE
2025-03-28 15:00:00,FPO_Surat,Potato,24.49,61.84,972,23.55,8,500,500.0,100.0,LOW,31.08,1.9,30209.16,STORE
2025-03-28 16:00:00,FPO_Ahmedabad,Cabbage,40.39,48.36,1064,32.77,2,2500,696.75,27.87,LOW,38.52,2.42,40982.56,STORE
2025-03-28 17:00:00,FPO_Nagpur,Cabbage,28.46,57.76,725,14.92,7,1000,574.1,57.41,LOW,22.52,3.8,16328.37,STORE
2025-03-28 18:00:00,FPO_Lucknow,Tomato,28.03,58.92,1815,25.7,11,1500,1500.0,100.0,MEDIUM,29.54,1.89,53617.26,STORE
2025-03-28 19:00:00,FPO_Indore,Mango,33.29,88.67,1087,52.88,2,1000,635.73,63.57,MEDIUM,54.83,4.69,59605.64,SELL NOW
2025-03-28 20:00:00,FPO_Ahmedabad,Tomato,28.0,60.24,1729,34.16,12,2000,1391.79,69.59,MEDIUM,36.36,3.17,62860.97,SELL NOW
2025-03-28 21:00:00,FPO_Lucknow,Onion,34.73,57.05,871,23.54,11,1500,814.11,54.27,MEDIUM,29.73,4.87,25891.2,STORE
2025-03-28 22:00:00,FPO_Nashik,Cabbage,25.77,63.59,377,26.65,14,1000,549.63,54.96,LOW,30.83,2.17,11624.63,STORE
2025-03-28 23:00:00,FPO_Ahmedabad,Apple,25.16,39.38,1890,93.47,14,2000,1557.62,77.88,LOW,86.64,1.61,163746.27,SELL NOW
2025-03-29 00:00:00,FPO_Surat,Onion,22.12,30.0,1770,27.5,5,1500,1021.31,68.09,LOW,34.92,3.57,61801.42,STORE
2025-03-29 01:00:00,FPO_Lucknow,Tomato,39.1,44.27,458,23.02,10,2500,465.7,18.63,LOW,28.95,2.65,13260.38,STORE
2025-03-29 02:00:00,FPO_Nashik,Potato,27.58,69.86,459,21.97,7,2000,696.55,34.83,LOW,26.59,3.5,12207.1,STORE
2025-03-29 03:00:00,FPO_Nagpur,Cabbage,20.96,64.96,1358,35.14,6,1000,1000.0,100.0,LOW,45.19,3.16,61362.82,STORE
2025-03-29 04:00:00,FPO_Indore,Apple,29.18,78.04,1684,92.87,14,1500,1500.0,100.0,HIGH,91.83,3.1,154649.91,SELL NOW
2025-03-29 05:00:00,FPO_Nashik,Onion,24.1,42.19,1712,24.31,13,2000,1465.65,73.28,LOW,21.98,4.48,37631.91,SELL NOW
2025-03-29 06:00:00,FPO_Karnal,Cabbage,25.66,61.94,842,27.98,5,2000,800.5,40.02,LOW,33.49,2.17,28198.29,STORE
2025-03-29 07:00:00,FPO_Jaipur,Mango,29.86,41.12,280,59.24,6,2500,271.27,10.85,LOW,58.45,3.25,16366.54,SELL NOW
2025-03-29 08:00:00,FPO_Nashik,Potato,37.13,69.01,1590,15.64,2,2000,903.59,45.18,LOW,26.97,2.96,42881.42,STORE
2025-03-29 09:00:00,FPO_Nashik,Onion,28.61,44.33,1282,27.64,10,1500,1104.38,73.63,LOW,27.18,3.86,34843.18,SELL NOW
2025-03-29 10:00:00,FPO_Indore,Mango,23.73,61.35,1297,52.43,1,500,500.0,100.0,LOW,51.84,1.68,67235.08,SELL NOW
2025-03-29 11:00:00,FPO_Jaipur,Tomato,24.97,68.1,1462,25.55,1,1500,847.08,56.47,LOW,26.53,3.35,38794.14,SELL NOW
2025-03-29 12:00:00,FPO_Karnal,Mango,31.94,59.13,328,55.14,8,1500,320.99,21.4,LOW,56.65,3.17,18582.73,SELL NOW
2025-03-29 13:00:00,FPO_Lucknow,Onion,16.25,31.07,611,31.55,3,2500,454.92,18.2,LOW,32.71,4.91,19986.72,SELL NOW
2025-03-29 14:00:00,FPO_Lucknow,Onion,21.74,89.93,514,33.22,11,2500,779.9,31.2,LOW,34.9,4.15,17938.62,SELL NOW
2025-03-29 15:00:00,FPO_Nashik,Tomato,29.28,57.54,1597,14.73,3,2000,1123.46,56.17,LOW,15.92,2.04,25422.58,SELL NOW
2025-03-29 16:00:00,FPO_Surat,Mango,17.76,40.86,1660,60.54,9,2500,1276.2,51.05,LOW,55.76,3.28,92555.38,SELL NOW
2025-03-29 17:00:00,FPO_Surat,Mango,26.12,76.42,1361,48.48,13,2000,1306.93,65.35,MEDIUM,54.01,4.24,73503.89,STORE
2025-03-29 18:00:00,FPO_Jaipur,Tomato,25.13,76.98,654,28.03,6,500,500.0,100.0,MEDIUM,28.85,3.34,18869.77,SELL NOW
2025-03-29 19:00:00,FPO_Jaipur,Mango,33.26,60.47,814,67.96,4,1000,593.06,59.31,LOW,70.19,2.75,57136.77,SELL NOW
2025-03-29 20:00:00,FPO_Karnal,Cabbage,26.5,88.04,1098,23.26,4,2500,1166.18,46.65,LOW,20.19,2.82,22166.13,SELL NOW
2025-03-29 21:00:00,FPO_Indore,Tomato,35.12,53.89,1102,29.28,7,2500,920.34,36.81,LOW,24.66,2.78,27172.07,SELL NOW
2025-03-29 22:00:00,FPO_Nagpur,Potato,28.47,67.63,1232,25.69,6,500,500.0,100.0,MEDIUM,28.22,1.57,34763.11,SELL NOW
2025-03-29 23:00:00,FPO_Lucknow,Onion,38.66,72.66,431,33.87,2,2500,157.33,6.29,LOW,44.64,4.06,19240.25,STORE
2025-03-30 00:00:00,FPO_Indore,Potato,19.68,87.71,810,26.17,9,500,500.0,100.0,MEDIUM,36.78,3.64,29787.97,STORE
2025-03-30 01:00:00,FPO_Ahmedabad,Cabbage,37.7,35.85,929,27.18,2,2000,641.18,32.06,LOW,25.63,2.44,23812.73,SELL NOW
2025-03-30 02:00:00,FPO_Lucknow,Cabbage,25.53,95.0,1164,21.23,8,2500,1010.42,40.42,MEDIUM,20.53,3.71,23898.37,SELL NOW
2025-03-30 03:00:00,FPO_Indore,Apple,36.84,82.61,1620,103.22,4,2500,1204.81,48.19,MEDIUM,107.07,2.58,173458.33,SELL NOW
2025-03-30 04:00:00,FPO_Lucknow,Apple,35.11,71.74,1972,107.45,10,2000,1614.85,80.74,HIGH,97.12,2.35,191519.48,SELL NOW
2025-03-30 05:00:00,FPO_Nagpur,Apple,15.0,53.01,1957,102.42,1,2500,1199.49,47.98,LOW,102.49,4.09,200581.36,SELL NOW
2025-03-30 06:00:00,FPO_Ahmedabad,Tomato,30.88,51.74,1903,28.95,1,1500,1138.3,75.89,LOW,33.06,4.33,62920.37,STORE
2025-03-30 07:00:00,FPO_Surat,Mango,33.99,69.32,1081,51.63,9,500,500.0,100.0,HIGH,53.48,3.69,57808.08,SELL NOW
2025-03-30 08:00:00,FPO_Surat,Cabbage,35.97,72.41,1797,19.68,4,1000,1000.0,100.0,MEDIUM,13.19,4.24,23698.99,SELL NOW
2025-03-30 09:00:00,FPO_Nagpur,Potato,20.94,70.47,517,18.41,1,1500,593.45,39.56,LOW,12.26,2.78,6339.73,SELL NOW
2025-03-30 10:00:00,FPO_Karnal,Potato,31.54,67.4,1730,16.51,3,1000,1000.0,100.0,LOW,12.35,1.75,21367.24,SELL NOW
2025-03-30 11:00:00,FPO_Ahmedabad,Potato,29.17,71.48,721,21.18,3,1500,714.04,47.6,LOW,23.79,3.62,17153.24,STORE
2025-03-30 12:00:00,FPO_Nashik,Potato,30.59,32.22,1969,17.36,7,1500,1500.0,100.0,LOW,16.18,2.4,31853.44,SELL NOW
2025-03-30 13:00:00,FPO_Indore,Apple,33.99,61.01,1310,104.33,6,1500,988.54,65.9,LOW,115.12,4.22,150803.5,STORE
2025-03-30 14:00:00,FPO_Ahmedabad,Potato,34.94,44.25,915,20.01,8,500,500.0,100.0,LOW,16.32,2.75,14936.31,SELL NOW
2025-03-30 15:00:00,FPO_Karnal,Mango,24.07,64.39,1541,54.42,7,1000,1000.0,100.0,LOW,63.56,3.85,97948.26,STORE
2025-03-30 16:00:00,FPO_Karnal,Apple,29.59,84.6,1556,95.39,1,2000,1196.81,59.84,LOW,92.37,3.44,143729.86,SELL NOW
2025-03-30 17:00:00,FPO_Nagpur,Potato,28.25,51.37,1583,22.34,3,2000,1057.3,52.87,LOW,37.92,4.36,60030.11,STORE
2025-03-30 18:00:00,FPO_Lucknow,Tomato,26.56,54.36,1464,26.59,9,2500,1174.83,46.99,LOW,32.9,4.41,48165.97,STORE
2025-03-30 19:00:00,FPO_Ahmedabad,Onion,27.14,52.26,1279,30.21,4,500,500.0,100.0,LOW,22.12,1.74,28295.82,SELL NOW
2025-03-30 20:00:00,FPO_Indore,Onion,29.18,54.26,1333,28.77,11,500,500.0,100.0,MEDIUM,37.85,2.53,50456.49,STORE
2025-03-30 21:00:00,FPO_Ahmedabad,Onion,24.39,73.31,1272,38.59,12,500,500.0,100.0,MEDIUM,39.28,4.55,49963.5,SELL NOW
2025-03-30 22:00:00,FPO_Jaipur,Apple,33.3,76.81,1978,104.28,11,1500,1500.0,100.0,HIGH,111.92,2.91,221382.85,SELL NOW
2025-03-30 23:00:00,FPO_Lucknow,Potato,35.62,87.04,1239,17.7,13,500,500.0,100.0,HIGH,20.64,3.3,25578.89,SELL NOW
2025-03-31 00:00:00,FPO_Indore,Cabbage,23.08,49.92,1296,15.27,13,2000,1240.99,62.05,LOW,16.5,2.14,21378.69,SELL NOW
2025-03-31 01:00:00,FPO_Surat,Cabbage,35.91,75.26,1083,23.2,14,500,500.0,100.0,HIGH,24.93,3.43,27000.53,SELL NOW
2025-03-31 02:00:00,FPO_Indore,Cabbage,23.09,77.76,401,19.31,14,1500,846.63,56.44,MEDIUM,16.46,2.43,6599.6,SELL NOW
2025-03-31 03:00:00,FPO_Nashik,Apple,33.39,89.8,292,91.36,14,1000,803.59,80.36,HIGH,92.15,4.4,26908.91,SELL NOW
2025-03-31 04:00:00,FPO_Nagpur,Mango,35.9,51.04,1872,63.19,12,500,500.0,100.0,MEDIUM,59.73,2.2,111816.03,SELL NOW
2025-03-31 05:00:00,FPO_Nashik,Tomato,27.43,34.95,1256,27.95,3,1000,822.24,82.22,LOW,28.59,2.76,35906.41,SELL NOW
2025-03-31 06:00:00,FPO_Indore,Tomato,23.14,60.84,1823,33.61,5,2500,1398.85,55.95,LOW,37.59,1.83,68522.98,STORE
2025-03-31 07:00:00,FPO_Lucknow,Onion,24.47,95.0,618,29.63,8,1500,655.82,43.72,MEDIUM,37.92,3.56,23434.0,STORE
2025-03-31 08:00:00,FPO_Ahmedabad,Onion,30.17,48.57,1426,28.91,1,500,500.0,100.0,LOW,39.34,4.8,56098.72,STORE
2025-03-31 09:00:00,FPO_Surat,Cabbage,39.79,72.3,750,18.63,2,2500,431.15,17.25,LOW,21.56,2.11,16173.7,STORE
2025-03-31 10:00:00,FPO_Ahmedabad,Cabbage,17.84,31.75,825,21.87,13,2500,931.29,37.25,LOW,19.24,1.57,15873.36,SELL NOW
2025-03-31 11:00:00,FPO_Lucknow,Onion,28.6,92.22,1044,21.03,7,1000,923.62,92.36,HIGH,23.77,2.98,24815.59,SELL NOW
2025-03-31 12:00:00,FPO_Indore,Potato,27.47,36.83,1982,27.19,13,2000,1545.34,77.27,LOW,29.39,4.12,58242.18,SELL NOW
2025-03-31 13:00:00,FPO_Karnal,Mango,25.26,30.0,1081,53.42,1,2000,543.81,27.19,LOW,63.0,4.91,68107.76,STORE
2025-03-31 14:00:00,FPO_Ahmedabad,Mango,27.52,66.48,919,61.1,13,2000,923.92,46.2,LOW,68.48,1.68,62933.88,STORE
2025-03-31 15:00:00,FPO_Karnal,Mango,24.75,66.78,1535,58.77,13,2000,1431.16,71.56,MEDIUM,62.93,4.25,96597.21,SELL NOW
2025-03-31 16:00:00,FPO_Ahmedabad,Mango,35.46,86.29,1143,61.94,13,1500,1256.48,83.77,HIGH,72.55,2.79,82921.03,SELL NOW
2025-03-31 17:00:00,FPO_Ahmedabad,Onion,36.05,77.74,1692,30.17,14,500,500.0,100.0,HIGH,30.64,2.04,51845.29,SELL NOW
2025-03-31 18:00:00,FPO_Surat,Tomato,28.53,34.99,593,21.39,14,500,500.0,100.0,LOW,27.52,2.17,16319.7,STORE
2025-03-31 19:00:00,FPO_Nagpur,Onion,27.15,62.72,1008,28.34,11,1500,1059.26,70.62,LOW,28.81,4.73,29042.62,SELL NOW
2025-03-31 20:00:00,FPO_Nagpur,Mango,25.04,54.54,1071,66.33,14,1000,1000.0,100.0,MEDIUM,66.98,4.33,71731.45,SELL NOW
2025-03-31 21:00:00,FPO_Jaipur,Onion,28.54,44.97,1434,25.88,5,500,500.0,100.0,LOW,18.54,2.59,26591.22,SELL NOW
2025-03-31 22:00:00,FPO_Nashik,Mango,39.09,71.51,1066,65.79,10,2500,1044.64,41.79,MEDIUM,69.29,4.79,73865.15,SELL NOW
2025-03-31 23:00:00,FPO_Lucknow,Apple,27.38,80.64,770,103.31,8,500,500.0,100.0,MEDIUM,106.95,1.87,82354.56,SELL NOW
2025-04-01 00:00:00,FPO_Lucknow,Cabbage,22.96,52.92,1379,25.7,6,1500,1122.99,74.87,LOW,28.01,2.63,38627.87,SELL NOW
2025-04-01 01:00:00,FPO_Lucknow,Tomato,25.61,60.01,833,24.3,3,1000,587.59,58.76,LOW,29.57,3.79,24635.1,STORE
2025-04-01 02:00:00,FPO_Jaipur,Apple,32.52,61.01,831,101.36,7,500,500.0,100.0,MEDIUM,109.36,5.0,90878.2,SELL NOW
2025-04-01 03:00:00,FPO_Nagpur,Potato,23.69,55.08,1008,19.45,3,1500,732.91,48.86,LOW,22.36,3.13,22539.53,STORE
2025-04-01 04:00:00,FPO_Indore,Onion,27.8,58.59,521,35.52,12,2500,849.83,33.99,LOW,41.54,4.34,21642.49,STORE
2025-04-01 05:00:00,FPO_Karnal,Potato,30.84,55.07,1658,15.56,5,2000,1283.0,64.15,LOW,20.43,4.71,33875.08,STORE
2025-04-01 06:00:00,FPO_Surat,Onion,24.15,66.87,773,31.54,7,2500,610.61,24.42,LOW,39.92,1.53,30859.61,STORE
2025-04-01 07:00:00,FPO_Karnal,Cabbage,17.41,56.2,1893,25.14,2,2500,1355.72,54.23,LOW,30.81,2.51,58322.44,STORE
2025-04-01 08:00:00,FPO_Indore,Apple,21.57,71.41,1263,101.64,10,1000,963.88,96.39,MEDIUM,113.76,1.85,143673.1,STORE
2025-04-01 09:00:00,FPO_Surat,Cabbage,22.85,56.15,1977,28.59,4,500,500.0,100.0,LOW,32.91,4.22,65070.33,STORE
2025-04-01 10:00:00,FPO_Jaipur,Mango,26.63,74.7,1263,55.56,2,2000,834.32,41.72,LOW,53.87,3.48,68040.43,SELL NOW
2025-04-01 11:00:00,FPO_Indore,Cabbage,28.27,55.82,1676,20.55,7,1500,1331.35,88.76,LOW,29.86,1.83,50050.93,STORE
2025-04-01 12:00:00,FPO_Lucknow,Cabbage,32.94,74.09,1069,26.08,3,2000,649.76,32.49,LOW,32.28,2.97,34511.63,STORE
2025-04-01 13:00:00,FPO_Nashik,Mango,20.64,52.27,1413,64.82,9,500,500.0,100.0,LOW,70.2,3.3,99192.13,SELL NOW
2025-04-01 14:00:00,FPO_Ahmedabad,Onion,32.07,78.28,945,28.75,11,1000,927.65,92.76,HIGH,24.04,3.94,22717.29,SELL NOW
2025-04-01 15:00:00,FPO_Karnal,Mango,25.77,38.33,1238,67.19,6,500,500.0,100.0,LOW,77.63,4.23,96110.37,STORE
2025-04-01 16:00:00,FPO_Nagpur,Apple,17.29,64.91,1347,98.5,1,1500,793.1,52.87,LOW,106.51,1.81,143466.42,SELL NOW
2025-04-01 17:00:00,FPO_Nagpur,Cabbage,28.08,56.49,1963,21.44,10,2000,1684.56,84.23,LOW,26.01,3.21,51061.99,STORE
2025-04-01 18:00:00,FPO_Jaipur,Mango,35.9,64.31,1503,62.27,8,2500,1142.56,45.7,LOW,51.04,2.06,76708.13,SELL NOW
2025-04-01 19:00:00,FPO_Surat,Cabbage,33.3,47.21,1136,22.27,13,500,500.0,100.0,MEDIUM,23.58,4.14,26784.51,SELL NOW
2025-04-01 20:00:00,FPO_Nagpur,Apple,27.54,62.08,1158,97.33,7,1000,1000.0,100.0,LOW,109.89,3.8,127258.01,STORE
2025-04-01 21:00:00,FPO_Lucknow,Potato,34.75,48.36,247,23.3,1,1000,50.0,5.0,LOW,28.69,4.03,7085.21,STORE
2025-04-01 22:00:00,FPO_Karnal,Apple,29.15,61.43,388,104.66,3,2000,456.38,22.82,LOW,101.61,1.76,39424.46,SELL NOW
2025-04-01 23:00:00,FPO_Indore,Tomato,33.89,60.03,503,29.51,3,2500,341.51,13.66,LOW,29.73,3.29,14951.86,SELL NOW
2025-04-02 00:00:00,FPO_Lucknow,Tomato,18.03,69.95,1782,28.54,14,1500,1500.0,100.0,MEDIUM,29.55,4.44,52655.93,SELL NOW
2025-04-02 01:00:00,FPO_Jaipur,Tomato,20.5,65.99,1919,37.62,3,2500,1430.69,57.23,LOW,46.26,4.0,88780.67,STORE
2025-04-02 02:00:00,FPO_Lucknow,Cabbage,32.37,93.17,1328,28.48,7,2000,1197.43,59.87,MEDIUM,23.94,4.52,31788.94,SELL NOW
2025-04-02 03:00:00,FPO_Indore,Onion,37.24,57.35,568,28.31,6,2500,460.97,18.44,LOW,36.59,2.22,20784.86,STORE
2025-04-02 04:00:00,FPO_Nashik,Onion,30.5,63.01,1724,35.51,11,2000,1403.79,70.19,MEDIUM,42.46,2.5,73204.5,STORE
2025-04-02 05:00:00,FPO_Jaipur,Onion,25.02,95.0,659,28.8,12,2500,1127.1,45.08,MEDIUM,43.01,3.04,28346.06,STORE
2025-04-02 06:00:00,FPO_Nashik,Cabbage,22.9,61.65,446,28.02,2,500,359.65,71.93,LOW,33.68,3.33,15022.3,STORE
2025-04-02 07:00:00,FPO_Ahmedabad,Apple,26.11,79.3,463,102.7,5,1000,395.21,39.52,LOW,99.5,2.38,46070.53,SELL NOW
2025-04-02 08:00:00,FPO_Nashik,Onion,35.28,73.65,1429,30.01,6,2000,1224.42,61.22,MEDIUM,32.77,2.83,46832.86,SELL NOW
2025-04-02 09:00:00,FPO_Ahmedabad,Potato,25.94,95.0,1730,18.38,12,2000,1590.86,79.54,HIGH,16.42,3.9,28409.96,SELL NOW
2025-04-02 10:00:00,FPO_Ahmedabad,Tomato,34.29,43.54,729,27.86,2,1000,227.86,22.79,LOW,32.81,3.76,23916.12,STORE
2025-04-02 11:00:00,FPO_Nashik,Apple,31.92,41.83,1587,97.63,14,1500,1309.3,87.29,MEDIUM,109.34,1.89,173529.04,STORE
2025-04-02 12:00:00,FPO_Jaipur,Tomato,38.28,48.23,1986,29.32,1,2000,968.52,48.43,LOW,28.03,4.95,55660.25,SELL NOW
2025-04-02 13:00:00,FPO_Surat,Onion,29.2,67.59,949,32.11,4,500,500.0,100.0,LOW,39.77,3.47,37741.95,STORE
2025-04-02 14:00:00,FPO_Indore,Apple,27.7,49.95,1563,90.15,14,2500,1609.99,64.4,LOW,90.05,3.19,140750.28,SELL NOW
2025-04-02 15:00:00,FPO_Lucknow,Mango,34.59,33.0,606,61.69,12,500,500.0,100.0,LOW,56.93,4.89,34502.24,SELL NOW
2025-04-02 16:00:00,FPO_Lucknow,Potato,22.39,51.13,652,36.63,4,2000,537.62,26.88,LOW,47.62,1.99,31048.1,STORE
2025-04-02 17:00:00,FPO_Indore,Onion,25.34,70.53,1013,28.42,4,1500,749.61,49.97,LOW,32.58,3.4,33003.3,STORE
2025-04-02 18:00:00,FPO_Karnal,Onion,17.92,51.45,777,34.94,1,2000,537.22,26.86,LOW,40.4,4.32,31392.19,STORE
2025-04-02 19:00:00,FPO_Karnal,Potato,20.47,82.14,1164,25.71,3,1500,1055.69,70.38,LOW,33.02,2.9,38433.4,STORE
2025-04-02 20:00:00,FPO_Ahmedabad,Potato,39.54,48.12,1373,13.79,7,1000,782.72,78.27,LOW,8.28,4.08,11375.01,SELL NOW
2025-04-02 21:00:00,FPO_Ahmedabad,Mango,32.15,65.21,1416,62.49,4,2500,1292.75,51.71,LOW,64.16,4.65,90850.69,SELL NOW
2025-04-02 22:00:00,FPO_Jaipur,Onion,19.78,59.14,346,25.8,2,500,225.84,45.17,LOW,20.58,2.42,7121.91,SELL NOW
2025-04-02 23:00:00,FPO_Nagpur,Cabbage,35.17,67.83,605,24.01,8,1500,570.43,38.03,LOW,24.4,2.35,14759.34,SELL NOW
2025-04-03 00:00:00,FPO_Nashik,Onion,23.78,69.33,382,22.7,11,500,500.0,100.0,MEDIUM,31.45,2.76,12013.87,STORE
2025-04-03 01:00:00,FPO_Ahmedabad,Tomato,31.85,88.78,1329,30.21,1,1000,891.81,89.18,MEDIUM,35.46,2.96,47125.04,STORE
2025-04-03 02:00:00,FPO_Lucknow,Apple,31.76,75.35,435,98.29,13,2000,642.57,32.13,MEDIUM,98.21,1.89,42721.06,SELL NOW
2025-04-03 03:00:00,FPO_Jaipur,Apple,37.99,58.69,837,106.73,9,1500,818.68,54.58,MEDIUM,109.85,2.31,91944.47,SELL NOW
2025-04-03 04:00:00,FPO_Nashik,Tomato,24.77,74.19,1157,21.2,5,2500,1065.53,42.62,LOW,23.47,4.56,27160.38,STORE
2025-04-03 05:00:00,FPO_Jaipur,Apple,23.56,76.25,378,104.54,2,1500,451.52,30.1,LOW,109.1,3.48,41239.06,SELL NOW
2025-04-03 06:00:00,FPO_Nashik,Potato,15.0,95.0,631,24.11,13,2000,1039.06,51.95,MEDIUM,23.98,2.44,15131.32,SELL NOW
2025-04-03 07:00:00,FPO_Nashik,Apple,27.27,62.64,1624,95.71,14,2000,1456.44,72.82,MEDIUM,98.1,4.8,159307.18,SELL NOW
2025-04-03 08:00:00,FPO_Indore,Apple,32.35,63.76,724,92.27,4,2500,524.5,20.98,LOW,96.03,4.21,69524.54,SELL NOW
2025-04-03 09:00:00,FPO_Ahmedabad,Tomato,33.17,84.68,942,26.55,3,2500,697.33,27.89,LOW,31.68,2.77,29841.99,STORE
2025-04-03 10:00:00,FPO_Surat,Mango,35.51,35.02,1763,61.18,7,1000,1000.0,100.0,LOW,65.28,4.18,115089.45,SELL NOW
2025-04-03 11:00:00,FPO_Jaipur,Apple,29.74,61.93,522,94.67,6,500,500.0,100.0,LOW,89.48,3.59,46709.44,SELL NOW
2025-04-03 12:00:00,FPO_Surat,Cabbage,31.03,75.41,1484,20.25,11,1500,1500.0,100.0,HIGH,16.96,3.89,25161.43,SELL NOW
2025-04-03 13:00:00,FPO_Jaipur,Apple,28.41,80.71,1835,104.95,12,1000,1000.0,100.0,HIGH,111.07,2.63,203817.5,SELL NOW
2025-04-03 14:00:00,FPO_Indore,Mango,32.24,31.86,1923,56.09,11,500,500.0,100.0,LOW,57.82,2.23,111190.13,SELL NOW
2025-04-03 15:00:00,FPO_Lucknow,Tomato,22.39,44.93,598,30.9,9,1000,593.63,59.36,LOW,31.68,2.39,18942.97,SELL NOW
2025-04-03 16:00:00,FPO_Surat,Mango,19.55,30.0,536,66.09,4,2500,510.58,20.42,LOW,67.84,1.79,36361.03,SELL NOW
2025-04-03 17:00:00,FPO_Lucknow,Tomato,23.03,78.09,1523,23.98,12,2500,1394.23,55.77,MEDIUM,25.72,3.15,39164.67,SELL NOW
2025-04-03 18:00:00,FPO_Karnal,Potato,29.28,68.07,318,15.75,3,2000,240.33,12.02,LOW,9.91,2.92,3152.94,SELL NOW
2025-04-03 19:00:00,FPO_Ahmedabad,Tomato,20.2,86.29,1781,32.36,7,1500,1500.0,100.0,MEDIUM,44.01,1.51,78375.54,STORE
2025-04-03 20:00:00,FPO_Ahmedabad,Potato,24.2,65.44,612,20.51,6,1500,511.44,34.1,LOW,22.94,4.5,14040.79,STORE
2025-04-03 21:00:00,FPO_Nagpur,Potato,24.39,95.0,779,19.81,5,1500,814.46,54.3,LOW,22.88,3.89,17822.53,STORE
2025-04-03 22:00:00,FPO_Indore,Tomato,32.69,50.85,1607,35.14,10,1000,1000.0,100.0,MEDIUM,38.54,3.06,61929.01,SELL NOW
2025-04-03 23:00:00,FPO_Lucknow,Cabbage,31.96,59.49,1703,23.66,7,1000,1000.0,100.0,MEDIUM,31.47,4.88,53596.7,STORE
2025-04-04 00:00:00,FPO_Nashik,Onion,28.42,71.19,504,31.39,5,1500,575.67,38.38,LOW,37.81,4.79,19054.46,STORE
2025-04-04 01:00:00,FPO_Jaipur,Tomato,30.71,54.31,1906,19.94,9,2000,1342.01,67.1,LOW,22.57,1.83,43015.26,STORE
2025-04-04 02:00:00,FPO_Ahmedabad,Apple,30.82,71.26,395,99.62,12,500,500.0,100.0,HIGH,98.26,3.65,38810.76,SELL NOW
2025-04-04 03:00:00,FPO_Surat,Cabbage,25.82,63.34,532,20.59,4,1000,423.66,42.37,LOW,29.78,4.36,15841.41,STORE
2025-04-04 04:00:00,FPO_Jaipur,Cabbage,24.75,62.47,1243,22.47,1,1500,870.92,58.06,LOW,25.75,2.11,32001.48,STORE
2025-04-04 05:00:00,FPO_Jaipur,Apple,37.22,63.12,822,97.17,10,2500,934.08,37.36,MEDIUM,103.15,1.95,84785.45,SELL NOW
2025-04-04 06:00:00,FPO_Nagpur,Onion,15.0,75.58,857,36.51,12,1000,785.3,78.53,LOW,34.08,2.41,29210.0,SELL NOW
2025-04-04 07:00:00,FPO_Lucknow,Cabbage,23.55,59.86,903,21.68,5,500,500.0,100.0,LOW,27.93,2.48,25220.59,STORE
2025-04-04 08:00:00,FPO_Ahmedabad,Potato,26.78,48.2,1656,19.33,1,1000,812.7,81.27,LOW,15.2,4.88,25171.97,SELL NOW
2025-04-04 09:00:00,FPO_Jaipur,Onion,31.36,66.01,1082,37.67,12,500,500.0,100.0,HIGH,38.69,4.23,41858.26,SELL NOW
2025-04-04 10:00:00,FPO_Ahmedabad,Apple,34.81,55.49,1649,98.22,13,500,500.0,100.0,HIGH,101.88,1.71,168000.73,SELL NOW
2025-04-04 11:00:00,FPO_Nashik,Onion,39.14,50.01,1452,26.9,1,1000,901.71,90.17,LOW,38.58,4.25,56024.38,STORE
2025-04-04 12:00:00,FPO_Nagpur,Tomato,27.45,39.04,723,33.5,1,500,483.24,96.65,LOW,39.79,2.09,28769.66,STORE
2025-04-04 13:00:00,FPO_Nashik,Onion,27.85,78.97,416,30.08,1,1000,397.38,39.74,LOW,40.27,2.75,16750.99,STORE
2025-04-04 14:00:00,FPO_Ahmedabad,Potato,30.18,74.94,1189,22.44,8,1000,1000.0,100.0,MEDIUM,27.74,2.61,32981.42,STORE
2025-04-04 15:00:00,FPO_Karnal,Tomato,24.81,86.11,1814,29.49,2,2000,1174.82,58.74,LOW,26.94,2.45,48877.57,SELL NOW
2025-04-04 16:00:00,FPO_Surat,Mango,20.89,65.04,574,66.7,9,2500,796.27,31.85,LOW,64.18,2.58,36837.44,SELL NOW
2025-04-04 17:00:00,FPO_Ahmedabad,Apple,27.42,81.18,235,94.83,7,500,354.13,70.83,MEDIUM,101.64,4.14,23884.73,SELL NOW
2025-04-04 18:00:00,FPO_Lucknow,Apple,32.47,50.84,975,105.72,14,1000,1000.0,100.0,MEDIUM,103.71,2.43,101120.52,SELL NOW
2025-04-04 19:00:00,FPO_Jaipur,Onion,26.54,36.38,227,22.53,11,500,337.54,67.51,LOW,17.81,4.3,4043.32,SELL NOW
2025-04-04 20:00:00,FPO_Jaipur,Cabbage,30.48,53.73,1595,20.92,3,1000,1000.0,100.0,LOW,19.04,1.82,30373.91,SELL NOW
2025-04-04 21:00:00,FPO_Nashik,Tomato,16.79,61.91,285,23.52,9,1000,544.92,54.49,LOW,27.86,3.58,7939.46,STORE
2025-04-04 22:00:00,FPO_Surat,Mango,28.11,70.41,387,59.29,4,1000,412.44,41.24,LOW,58.33,4.52,22572.15,SELL NOW
2025-04-04 23:00:00,FPO_Nagpur,Tomato,25.58,84.21,504,24.25,7,2500,536.67,21.47,LOW,33.52,1.78,16896.43,STORE
2025-04-05 00:00:00,FPO_Karnal,Apple,20.35,69.83,965,106.35,3,500,500.0,100.0,LOW,111.49,3.72,107587.92,SELL NOW
2025-04-05 01:00:00,FPO_Indore,Tomato,31.94,95.0,1645,30.6,5,2500,1142.39,45.7,MEDIUM,34.55,3.29,56828.68,STORE
2025-04-05 02:00:00,FPO_Surat,Mango,39.07,66.8,279,59.93,13,2500,694.2,27.77,MEDIUM,64.87,2.66,18097.61,SELL NOW
2025-04-05 03:00:00,FPO_Jaipur,Cabbage,33.94,66.51,385,20.61,4,2500,243.1,9.72,LOW,26.63,1.85,10251.75,STORE
2025-04-05 04:00:00,FPO_Lucknow,Onion,34.32,70.07,1228,37.01,13,2500,993.09,39.72,MEDIUM,43.1,3.87,52924.51,STORE
2025-04-05 05:00:00,FPO_Surat,Potato,32.27,70.68,757,22.49,6,2000,648.69,32.43,LOW,21.41,2.58,16204.92,SELL NOW
2025-04-05 06:00:00,FPO_Nashik,Tomato,31.88,70.47,1720,26.75,12,500,500.0,100.0,HIGH,36.05,2.69,62004.88,SELL NOW
2025-04-05 07:00:00,FPO_Nashik,Potato,17.2,46.52,708,21.32,13,500,500.0,100.0,LOW,27.46,4.01,19441.76,STORE
2025-04-05 08:00:00,FPO_Indore,Apple,27.23,77.78,1837,98.89,9,1000,1000.0,100.0,MEDIUM,99.92,4.81,183545.25,SELL NOW
2025-04-05 09:00:00,FPO_Lucknow,Onion,31.05,95.0,1170,34.23,5,500,500.0,100.0,HIGH,41.09,2.67,48079.81,SELL NOW
2025-04-05 10:00:00,FPO_Nagpur,Onion,31.19,51.76,1225,35.65,1,2500,783.21,31.33,LOW,31.99,4.11,39187.0,SELL NOW
2025-04-05 11:00:00,FPO_Surat,Tomato,35.63,64.38,416,23.37,13,1500,537.96,35.86,MEDIUM,30.65,4.85,12748.67,STORE
2025-04-05 12:00:00,FPO_Lucknow,Cabbage,21.81,44.41,1760,21.74,5,500,500.0,100.0,LOW,26.18,1.84,46074.54,STORE
2025-04-05 13:00:00,FPO_Nagpur,Onion,31.64,76.28,456,26.99,5,1500,385.98,25.73,LOW,19.26,3.35,8784.81,SELL NOW
2025-04-05 14:00:00,FPO_Lucknow,Tomato,21.61,76.26,1958,29.6,9,2000,1460.93,73.05,LOW,42.59,1.54,83388.71,STORE
2025-04-05 15:00:00,FPO_Lucknow,Tomato,26.73,42.44,1676,32.99,8,1000,1000.0,100.0,LOW,29.45,4.39,49366.31,SELL NOW
2025-04-05 16:00:00,FPO_Ahmedabad,Potato,27.63,45.31,1647,15.13,5,1000,1000.0,100.0,LOW,21.0,2.5,34595.06,STORE
2025-04-05 17:00:00,FPO_Nashik,Onion,33.18,33.78,523,24.77,5,1000,363.09,36.31,LOW,34.84,2.66,18221.22,STORE
2025-04-05 18:00:00,FPO_Surat,Tomato,32.47,88.56,1722,26.28,14,2000,1637.96,81.9,HIGH,16.21,3.91,27915.0,SELL NOW
2025-04-05 19:00:00,FPO_Lucknow,Potato,28.72,52.42,1804,24.67,2,2500,1056.8,42.27,LOW,28.83,4.26,52012.73,STORE
2025-04-05 20:00:00,FPO_Surat,Mango,15.09,62.99,396,55.3,9,1500,551.21,36.75,LOW,62.73,2.9,24839.61,STORE
2025-04-05 21:00:00,FPO_Indore,Potato,30.67,59.5,703,20.07,14,500,500.0,100.0,HIGH,28.65,3.83,20141.08,SELL NOW
2025-04-05 22:00:00,FPO_Lucknow,Potato,26.39,79.83,1495,18.39,11,2500,1523.52,60.94,MEDIUM,27.48,4.85,41077.72,STORE
2025-04-05 23:00:00,FPO_Jaipur,Tomato,36.35,74.9,893,31.79,4,1000,770.61,77.06,MEDIUM,39.42,4.6,35199.59,STORE
2025-04-06 00:00:00,FPO_Nashik,Apple,34.92,74.1,1158,99.45,7,1000,992.34,99.23,HIGH,100.77,3.95,116694.44,SELL NOW
2025-04-06 01:00:00,FPO_Jaipur,Apple,22.37,52.82,217,96.36,10,2500,672.02,26.88,LOW,101.65,4.8,22058.71,SELL NOW
2025-04-06 02:00:00,FPO_Surat,Cabbage,31.49,75.22,306,19.12,6,1500,433.59,28.91,LOW,32.18,4.57,9845.7,STORE
2025-04-06 03:00:00,FPO_Surat,Apple,31.61,78.93,1752,98.02,14,2500,1676.28,67.05,HIGH,107.34,4.05,188055.77,SELL NOW
2025-04-06 04:00:00,FPO_Nashik,Potato,31.18,74.78,324,20.68,5,2000,508.5,25.43,LOW,20.35,4.71,6592.07,SELL NOW
2025-04-06 05:00:00,FPO_Surat,Cabbage,30.4,45.66,682,29.24,11,1000,791.68,79.17,LOW,37.56,4.36,25618.22,STORE
2025-04-06 06:00:00,FPO_Jaipur,Tomato,31.78,48.05,1817,33.09,11,1500,1500.0,100.0,MEDIUM,42.87,3.26,77899.01,STORE
2025-04-06 07:00:00,FPO_Lucknow,Onion,37.01,91.06,1227,24.08,5,500,500.0,100.0,HIGH,22.69,3.26,27835.8,SELL NOW
2025-04-06 08:00:00,FPO_Lucknow,Potato,24.69,94.16,826,26.92,14,1000,1000.0,100.0,HIGH,29.82,1.53,24629.34,SELL NOW
2025-04-06 09:00:00,FPO_Ahmedabad,Potato,22.57,63.95,550,25.56,7,2500,604.29,24.17,LOW,27.13,1.61,14923.24,SELL NOW
2025-04-06 10:00:00,FPO_Indore,Cabbage,32.7,63.93,550,22.34,14,1500,801.49,53.43,MEDIUM,29.97,4.11,16482.01,STORE
2025-04-06 11:00:00,FPO_Surat,Tomato,16.7,67.36,848,31.79,13,1000,984.21,98.42,LOW,32.74,3.44,27764.44,SELL NOW
2025-04-06 12:00:00,FPO_Jaipur,Mango,31.92,73.69,1100,56.04,2,500,500.0,100.0,MEDIUM,55.89,4.16,61482.75,SELL NOW
2025-04-06 13:00:00,FPO_Surat,Potato,30.86,43.36,427,24.03,9,500,433.45,86.69,LOW,32.49,4.82,13871.54,STORE
2025-04-06 14:00:00,FPO_Surat,Mango,15.0,68.46,215,72.13,2,2500,185.28,7.41,LOW,69.1,3.08,14856.57,SELL NOW
2025-04-06 15:00:00,FPO_Nagpur,Mango,24.18,49.54,624,61.15,9,2000,616.95,30.85,LOW,65.08,1.81,40610.16,SELL NOW
2025-04-06 16:00:00,FPO_Ahmedabad,Apple,37.46,64.7,663,98.29,11,2500,783.88,31.36,MEDIUM,97.65,3.69,64739.32,SELL NOW
2025-04-06 17:00:00,FPO_Jaipur,Tomato,19.26,51.74,923,21.43,4,1500,820.52,54.7,LOW,29.89,1.85,27584.17,STORE
2025-04-06 18:00:00,FPO_Jaipur,Mango,29.28,55.28,1469,60.41,13,2500,1201.21,48.05,LOW,60.35,3.67,88658.99,SELL NOW
2025-04-06 19:00:00,FPO_Surat,Tomato,21.97,67.72,993,32.99,10,1500,1053.76,70.25,LOW,36.17,3.35,35919.85,SELL NOW
2025-04-06 20:00:00,FPO_Ahmedabad,Apple,23.75,55.74,376,96.45,11,2000,599.72,29.99,LOW,87.5,3.99,32899.16,SELL NOW
2025-04-06 21:00:00,FPO_Lucknow,Tomato,39.5,48.52,742,30.7,10,2500,766.98,30.68,LOW,33.71,2.73,25015.62,SELL NOW
2025-04-06 22:00:00,FPO_Jaipur,Potato,28.74,86.8,708,20.68,6,500,500.0,100.0,MEDIUM,22.8,2.0,16142.51,STORE
2025-04-06 23:00:00,FPO_Lucknow,Mango,31.1,48.73,1785,58.01,1,1500,968.68,64.58,LOW,61.37,2.33,109537.53,SELL NOW
2025-04-07 00:00:00,FPO_Ahmedabad,Tomato,27.33,30.34,1878,30.45,5,1500,1219.47,81.3,LOW,39.96,3.89,75037.67,STORE
2025-04-07 01:00:00,FPO_Lucknow,Onion,18.91,73.53,763,20.53,6,500,500.0,100.0,LOW,26.52,3.17,20238.46,STORE
2025-04-07 02:00:00,FPO_Nashik,Tomato,20.89,60.65,432,27.04,9,2500,385.14,15.41,LOW,32.02,3.39,13833.27,STORE
2025-04-07 03:00:00,FPO_Nagpur,Mango,35.07,64.56,1901,64.94,14,2000,1633.43,81.67,HIGH,64.24,2.63,122123.48,SELL NOW
2025-04-07 04:00:00,FPO_Karnal,Apple,28.92,67.37,1261,99.08,9,1000,1000.0,100.0,MEDIUM,112.76,4.43,142191.9,STORE
2025-04-07 05:00:00,FPO_Jaipur,Apple,23.38,84.06,690,100.04,9,2500,847.36,33.89,LOW,93.84,5.0,64751.99,SELL NOW
2025-04-07 06:00:00,FPO_Indore,Mango,27.87,92.96,1216,59.34,14,2500,1207.84,48.31,HIGH,56.35,2.59,68526.97,SELL NOW
2025-04-07 07:00:00,FPO_Nagpur,Potato,31.97,68.8,643,31.56,3,1500,338.34,22.56,LOW,30.74,4.02,19766.12,SELL NOW
2025-04-07 08:00:00,FPO_Karnal,Potato,30.73,47.36,219,23.92,13,1500,515.43,34.36,LOW,27.87,2.1,6104.6,STORE
2025-04-07 09:00:00,FPO_Lucknow,Apple,23.38,67.19,1834,93.62,4,2000,1516.44,75.82,LOW,96.84,4.1,177599.35,SELL NOW
2025-04-07 10:00:00,FPO_Jaipur,Apple,18.55,73.84,1950,95.67,8,2000,1750.12,87.51,LOW,94.9,3.01,185051.07,SELL NOW
2025-04-07 11:00:00,FPO_Lucknow,Mango,25.56,80.05,1779,60.47,8,2000,1442.69,72.13,MEDIUM,64.35,3.62,114479.65,SELL NOW
2025-04-07 12:00:00,FPO_Nashik,Potato,34.65,67.06,310,28.29,2,500,216.6,43.32,LOW,37.08,2.33,11494.87,STORE
2025-04-07 13:00:00,FPO_Ahmedabad,Apple,33.13,56.59,686,103.31,8,1000,721.99,72.2,LOW,106.58,4.48,73116.49,SELL NOW
2025-04-07 14:00:00,FPO_Jaipur,Potato,30.46,51.4,288,26.96,7,1000,328.31,32.83,LOW,23.67,2.11,6815.79,SELL NOW
2025-04-07 15:00:00,FPO_Karnal,Apple,26.97,63.25,1542,94.35,9,2000,1156.87,57.84,LOW,96.83,4.75,149314.31,SELL NOW
2025-04-07 16:00:00,FPO_Karnal,Tomato,24.9,42.48,1341,31.15,5,1500,692.93,46.2,LOW,30.07,1.71,40317.79,SELL NOW
2025-04-07 17:00:00,FPO_Nashik,Onion,27.09,70.92,633,26.31,2,1000,495.69,49.57,LOW,22.32,2.51,14129.47,SELL NOW
2025-04-07 18:00:00,FPO_Nashik,Cabbage,32.69,67.66,1462,24.4,5,2500,1046.88,41.88,LOW,27.59,3.47,40341.58,STORE
2025-04-07 19:00:00,FPO_Surat,Tomato,34.06,67.59,271,32.25,14,500,425.82,85.16,HIGH,30.73,4.5,8327.12,SELL NOW
2025-04-07 20:00:00,FPO_Jaipur,Cabbage,26.43,75.76,1021,22.16,2,1500,606.81,40.45,LOW,23.5,3.52,23996.41,SELL NOW
2025-04-07 21:00:00,FPO_Lucknow,Apple,43.22,86.76,1622,92.8,13,500,500.0,100.0,HIGH,97.91,2.26,158809.95,SELL NOW
2025-04-07 22:00:00,FPO_Indore,Onion,28.55,63.94,1015,28.16,12,2500,988.5,39.54,LOW,32.76,4.51,33254.68,STORE
2025-04-07 23:00:00,FPO_Karnal,Onion,25.92,66.15,603,30.61,5,1000,701.29,70.13,LOW,39.63,3.59,23897.03,STORE
2025-04-08 00:00:00,FPO_Karnal,Apple,36.85,59.46,1898,103.41,13,500,500.0,100.0,HIGH,97.81,2.31,185645.47,SELL NOW
2025-04-08 01:00:00,FPO_Nashik,Apple,15.77,73.27,450,95.55,9,500,500.0,100.0,LOW,97.53,3.47,43889.53,SELL NOW
2025-04-08 02:00:00,FPO_Nagpur,Potato,30.88,64.89,1068,19.23,7,500,500.0,100.0,MEDIUM,27.29,3.86,29144.73,STORE
2025-04-08 03:00:00,FPO_Nashik,Apple,27.56,82.33,1418,101.08,7,2500,1354.87,54.19,LOW,95.68,3.88,135672.35,SELL NOW
2025-04-08 04:00:00,FPO_Indore,Mango,36.69,82.01,1795,62.73,1,1500,1183.56,78.9,MEDIUM,64.88,4.03,116451.95,SELL NOW
2025-04-08 05:00:00,FPO_Lucknow,Apple,31.63,69.74,1833,101.01,9,1500,1369.55,91.3,MEDIUM,105.02,4.64,192497.93,SELL NOW
2025-04-08 06:00:00,FPO_Lucknow,Mango,28.83,63.81,1067,59.27,6,2500,876.2,35.05,LOW,56.78,4.39,60588.61,SELL NOW
2025-04-08 07:00:00,FPO_Nagpur,Apple,31.98,60.9,1808,96.3,7,500,500.0,100.0,MEDIUM,95.92,3.63,173427.57,SELL NOW
2025-04-08 08:00:00,FPO_Karnal,Potato,21.67,72.21,1445,26.44,13,500,500.0,100.0,MEDIUM,23.49,1.61,33942.04,SELL NOW
2025-04-08 09:00:00,FPO_Nashik,Mango,33.8,72.25,1854,66.07,12,2000,1598.07,79.9,HIGH,70.46,4.12,130637.56,SELL NOW
2025-04-08 10:00:00,FPO_Surat,Tomato,19.93,60.9,1405,25.08,2,1000,1000.0,100.0,LOW,15.58,4.91,21889.27,SELL NOW
2025-04-08 11:00:00,FPO_Lucknow,Mango,30.15,69.33,1095,57.63,1,1000,669.05,66.9,LOW,56.8,2.57,62197.26,SELL NOW
2025-04-08 12:00:00,FPO_Indore,Potato,28.21,53.39,1953,25.42,11,1500,1500.0,100.0,MEDIUM,24.82,3.62,48472.42,SELL NOW
2025-04-08 13:00:00,FPO_Jaipur,Cabbage,17.42,71.76,455,25.84,13,2500,724.76,28.99,LOW,33.37,4.19,15185.39,STORE
2025-04-08 14:00:00,FPO_Ahmedabad,Mango,28.41,54.65,1311,62.91,4,500,500.0,100.0,LOW,58.1,3.74,76168.95,SELL NOW
2025-04-08 15:00:00,FPO_Ahmedabad,Apple,29.69,76.58,1072,101.36,12,1000,1000.0,100.0,HIGH,110.84,4.73,118817.99,SELL NOW
2025-04-08 16:00:00,FPO_Ahmedabad,Apple,24.07,60.25,691,101.9,9,2500,823.38,32.94,LOW,108.63,3.16,75066.43,SELL NOW
2025-04-08 17:00:00,FPO_Surat,Cabbage,21.93,90.11,535,22.96,14,2500,905.9,36.24,MEDIUM,31.19,3.36,16686.3,STORE
2025-04-08 18:00:00,FPO_Karnal,Potato,30.95,65.59,1761,12.01,9,500,500.0,100.0,MEDIUM,12.88,1.63,22674.28,SELL NOW
2025-04-08 19:00:00,FPO_Nashik,Onion,30.17,68.57,1630,30.97,14,2500,1598.4,63.94,MEDIUM,31.87,4.65,51943.47,SELL NOW
2025-04-08 20:00:00,FPO_Nagpur,Apple,29.36,44.02,832,103.45,11,1000,841.43,84.14,LOW,102.51,2.42,85292.46,SELL NOW
2025-04-08 21:00:00,FPO_Surat,Tomato,28.05,86.1,1512,29.43,3,2000,1021.48,51.07,LOW,35.33,4.92,53423.09,STORE
2025-04-08 22:00:00,FPO_Surat,Potato,24.6,64.43,561,18.27,1,1000,501.98,50.2,LOW,19.51,2.21,10946.1,SELL NOW
2025-04-08 23:00:00,FPO_Lucknow,Mango,41.63,91.09,1664,57.11,2,2000,1047.06,52.35,MEDIUM,56.07,2.39,93297.31,SELL NOW
2025-04-09 00:00:00,FPO_Jaipur,Mango,26.21,65.72,1253,72.29,9,2500,1030.57,41.22,LOW,73.51,3.2,92114.08,SELL NOW
2025-04-09 01:00:00,FPO_Surat,Tomato,22.81,61.79,1118,29.76,9,1000,1000.0,100.0,LOW,34.61,3.81,38699.04,STORE
2025-04-09 02:00:00,FPO_Indore,Apple,28.33,57.33,1937,88.26,12,500,500.0,100.0,MEDIUM,84.94,3.04,164536.69,SELL NOW
2025-04-09 03:00:00,FPO_Jaipur,Potato,26.91,74.63,1093,19.13,1,2500,766.61,30.66,LOW,17.37,2.73,18988.29,SELL NOW
2025-04-09 04:00:00,FPO_Indore,Tomato,26.07,72.81,1771,26.91,9,500,500.0,100.0,MEDIUM,36.66,3.39,64932.57,STORE
2025-04-09 05:00:00,FPO_Karnal,Apple,39.25,44.99,836,93.81,1,2000,517.68,25.88,LOW,92.27,4.85,77141.12,SELL NOW
2025-04-09 06:00:00,FPO_Nashik,Potato,21.22,56.47,1446,21.35,10,1500,1323.69,88.25,LOW,31.59,4.87,45676.61,STORE
2025-04-09 07:00:00,FPO_Ahmedabad,Mango,28.22,75.84,946,57.54,4,1500,639.35,42.62,LOW,57.9,2.65,54773.03,SELL NOW
2025-04-09 08:00:00,FPO_Surat,Potato,21.62,55.33,1347,22.98,5,2000,993.82,49.69,LOW,19.2,3.88,25863.85,SELL NOW
2025-04-09 09:00:00,FPO_Nashik,Cabbage,24.75,52.74,882,23.58,8,1500,1055.12,70.34,LOW,33.43,4.03,29483.07,STORE
2025-04-09 10:00:00,FPO_Karnal,Onion,38.42,67.94,1202,26.5,13,2500,1227.57,49.1,HIGH,38.23,3.79,45947.91,SELL NOW
2025-04-09 11:00:00,FPO_Nagpur,Potato,29.69,66.31,1206,20.31,5,2500,897.2,35.89,LOW,20.4,1.9,24604.77,SELL NOW
2025-04-09 12:00:00,FPO_Nagpur,Onion,29.62,58.04,892,34.24,5,1000,566.04,56.6,LOW,42.7,3.39,38087.43,STORE
2025-04-09 13:00:00,FPO_Karnal,Potato,22.36,91.51,414,22.32,4,2500,314.73,12.59,LOW,25.84,4.17,10696.07,STORE
2025-04-09 14:00:00,FPO_Indore,Onion,25.45,62.76,317,28.92,9,1500,627.24,41.82,LOW,32.71,2.2,10369.93,STORE
2025-04-09 15:00:00,FPO_Lucknow,Cabbage,38.94,46.03,426,26.76,13,500,500.0,100.0,HIGH,31.33,2.72,13344.63,SELL NOW
2025-04-09 16:00:00,FPO_Lucknow,Mango,31.0,40.72,1090,59.99,8,1000,858.86,85.89,LOW,63.09,2.21,68771.44,SELL NOW
2025-04-09 17:00:00,FPO_Indore,Apple,25.96,80.34,643,94.47,9,500,500.0,100.0,MEDIUM,97.98,4.6,63000.49,SELL NOW
2025-04-09 18:00:00,FPO_Nagpur,Onion,30.64,48.54,748,33.43,7,1500,745.09,49.67,LOW,36.46,4.5,27274.39,SELL NOW
2025-04-09 19:00:00,FPO_Nagpur,Cabbage,29.61,65.46,1028,21.88,7,500,500.0,100.0,MEDIUM,22.0,2.09,22614.1,SELL NOW
2025-04-09 20:00:00,FPO_Surat,Onion,22.96,51.89,1831,28.29,5,1500,1500.0,100.0,LOW,27.75,4.16,50806.99,SELL NOW
2025-04-09 21:00:00,FPO_Nagpur,Mango,25.79,63.47,1855,52.43,10,2500,1613.64,64.55,LOW,49.69,2.77,92167.53,SELL NOW
2025-04-09 22:00:00,FPO_Nashik,Onion,41.53,70.22,1660,34.11,1,1000,867.15,86.71,MEDIUM,27.68,3.9,45954.2,SELL NOW
2025-04-09 23:00:00,FPO_Nagpur,Cabbage,30.35,44.52,211,25.62,12,2000,526.48,26.32,LOW,28.17,3.23,5943.15,SELL NOW
2025-04-10 00:00:00,FPO_Jaipur,Cabbage,18.59,58.16,1345,26.42,6,1500,1041.71,69.45,LOW,25.21,3.15,33907.32,SELL NOW
2025-04-10 01:00:00,FPO_Surat,Tomato,31.06,54.9,1770,32.07,10,2500,1283.12,51.32,LOW,26.88,4.58,47578.8,SELL NOW
2025-04-10 02:00:00,FPO_Ahmedabad,Mango,35.82,50.52,688,64.11,6,500,500.0,100.0,LOW,63.0,3.73,43344.58,SELL NOW
2025-04-10 03:00:00,FPO_Nagpur,Tomato,22.57,59.37,1474,24.48,10,2500,1195.15,47.81,LOW,24.82,2.33,36587.98,SELL NOW
2025-04-10 04:00:00,FPO_Indore,Mango,25.26,55.64,778,60.06,4,500,476.92,95.38,LOW,60.31,1.89,46923.39,SELL NOW
2025-04-10 05:00:00,FPO_Ahmedabad,Onion,36.72,78.09,1705,29.57,2,500,500.0,100.0,MEDIUM,39.53,4.77,67405.97,STORE
2025-04-10 06:00:00,FPO_Nashik,Cabbage,28.21,54.26,1773,24.1,1,500,500.0,100.0,LOW,24.12,2.04,42766.61,SELL NOW
2025-04-10 07:00:00,FPO_Indore,Tomato,27.14,71.76,1503,23.98,3,500,500.0,100.0,LOW,34.21,4.07,51410.8,STORE
2025-04-10 08:00:00,FPO_Ahmedabad,Onion,19.98,71.24,941,37.13,11,1000,1000.0,100.0,MEDIUM,36.37,3.24,34223.64,SELL NOW
2025-04-10 09:00:00,FPO_Indore,Cabbage,34.42,42.48,1560,30.07,13,500,500.0,100.0,MEDIUM,35.48,1.99,55351.45,STORE
2025-04-10 10:00:00,FPO_Nashik,Mango,26.87,57.41,367,62.22,13,1000,447.17,44.72,LOW,60.21,4.22,22098.61,SELL NOW
2025-04-10 11:00:00,FPO_Surat,Cabbage,15.0,63.35,1160,31.78,9,2000,1189.28,59.46,LOW,43.36,4.67,50299.8,STORE
2025-04-10 12:00:00,FPO_Jaipur,Onion,18.56,68.98,1551,32.37,12,1000,1000.0,100.0,MEDIUM,41.5,1.93,64366.32,STORE
2025-04-10 13:00:00,FPO_Nashik,Tomato,24.63,61.45,1469,26.48,1,500,500.0,100.0,LOW,33.23,1.73,48811.55,STORE
2025-04-10 14:00:00,FPO_Nashik,Tomato,21.56,80.63,1814,25.89,5,2000,1499.47,74.97,LOW,38.78,4.47,70347.63,STORE
2025-04-10 15:00:00,FPO_Indore,Cabbage,22.5,66.57,1849,26.93,10,2500,1604.74,64.19,LOW,34.28,3.25,63381.8,STORE
2025-04-10 16:00:00,FPO_Surat,Onion,42.07,71.68,1524,23.11,6,1000,1000.0,100.0,HIGH,28.3,3.86,43132.1,SELL NOW
2025-04-10 17:00:00,FPO_Karnal,Potato,32.25,56.12,1952,26.33,9,2500,1452.66,58.11,LOW,22.56,3.05,44032.64,SELL NOW
2025-04-10 18:00:00,FPO_Lucknow,Mango,15.0,71.9,399,51.86,1,2000,444.98,22.25,LOW,43.08,2.94,17187.59,SELL NOW
2025-04-10 19:00:00,FPO_Nagpur,Mango,26.11,94.05,1723,65.51,12,1000,1000.0,100.0,HIGH,62.04,2.55,106894.47,SELL NOW
2025-04-10 20:00:00,FPO_Nagpur,Onion,27.46,72.9,1063,32.48,5,500,500.0,100.0,MEDIUM,27.05,3.47,28755.53,SELL NOW
2025-04-10 21:00:00,FPO_Jaipur,Potato,19.14,81.55,953,31.75,1,1000,877.44,87.74,LOW,30.75,2.06,29308.59,SELL NOW
2025-04-10 22:00:00,FPO_Jaipur,Tomato,31.21,60.63,1236,28.9,2,500,500.0,100.0,LOW,37.37,4.01,46191.57,STORE
2025-04-10 23:00:00,FPO_Nagpur,Apple,15.75,78.86,1589,103.28,14,1500,1500.0,100.0,MEDIUM,100.95,3.42,160403.95,SELL NOW
2025-04-11 00:00:00,FPO_Lucknow,Apple,34.58,80.17,1942,103.48,2,1000,1000.0,100.0,MEDIUM,104.17,4.47,202303.54,SELL NOW
2025-04-11 01:00:00,FPO_Nagpur,Onion,36.65,68.68,973,25.57,11,1000,920.08,92.01,HIGH,28.86,4.72,28077.31,SELL NOW
2025-04-11 02:00:00,FPO_Karnal,Potato,42.12,63.88,296,16.66,5,2500,317.1,12.68,LOW,20.12,4.65,5956.7,STORE
2025-04-11 03:00:00,FPO_Lucknow,Potato,18.55,42.57,270,17.33,10,2500,450.4,18.02,LOW,17.36,3.6,4688.23,SELL NOW
2025-04-11 04:00:00,FPO_Jaipur,Mango,19.77,64.51,1192,59.84,4,2000,913.45,45.67,LOW,68.78,2.62,81983.82,STORE
2025-04-11 05:00:00,FPO_Ahmedabad,Tomato,32.16,73.48,1965,27.96,6,500,500.0,100.0,MEDIUM,31.09,2.75,61083.33,STORE
2025-04-11 06:00:00,FPO_Indore,Cabbage,35.1,53.52,556,25.17,5,2500,359.86,14.39,LOW,29.02,3.78,16137.47,STORE
2025-04-11 07:00:00,FPO_Karnal,Potato,32.85,45.95,1011,24.47,2,2000,663.53,33.18,LOW,39.85,3.99,40287.08,STORE
2025-04-11 08:00:00,FPO_Karnal,Cabbage,34.48,66.53,743,21.29,9,500,500.0,100.0,MEDIUM,32.97,2.06,24497.45,STORE
2025-04-11 09:00:00,FPO_Surat,Apple,36.26,68.46,1473,104.19,13,500,500.0,100.0,HIGH,107.29,4.99,158038.92,SELL NOW
2025-04-11 10:00:00,FPO_Jaipur,Cabbage,29.21,44.79,453,27.15,10,500,500.0,100.0,LOW,32.89,1.88,14896.94,STORE
2025-04-11 11:00:00,FPO_Jaipur,Tomato,26.72,65.61,1994,35.9,8,1500,1500.0,100.0,MEDIUM,34.29,3.62,68381.94,SELL NOW
2025-04-11 12:00:00,FPO_Nashik,Tomato,19.79,69.35,1405,30.15,9,500,500.0,100.0,LOW,22.71,3.36,31907.16,SELL NOW
2025-04-11 13:00:00,FPO_Karnal,Cabbage,26.21,84.82,1187,24.65,11,2000,1187.73,59.39,MEDIUM,31.06,3.57,36869.19,STORE
2025-04-11 14:00:00,FPO_Nashik,Onion,27.13,57.85,1389,40.74,6,500,500.0,100.0,LOW,38.45,3.37,53408.78,SELL NOW
2025-04-11 15:00:00,FPO_Nashik,Potato,22.3,95.0,203,21.58,5,500,500.0,100.0,MEDIUM,27.4,1.7,5562.62,STORE
2025-04-11 16:00:00,FPO_Indore,Onion,27.77,65.81,1686,31.45,5,2000,1149.21,57.46,LOW,45.19,4.99,76183.74,STORE
2025-04-11 17:00:00,FPO_Nashik,Cabbage,21.63,46.97,344,27.17,2,1000,131.37,13.14,LOW,20.79,4.93,7152.59,SELL NOW
2025-04-11 18:00:00,FPO_Lucknow,Potato,34.68,60.05,364,26.66,11,500,420.3,84.06,MEDIUM,18.26,3.34,6646.46,SELL NOW
2025-04-11 19:00:00,FPO_Nagpur,Mango,30.55,48.31,543,60.43,4,2000,332.36,16.62,LOW,58.84,2.23,31947.6,SELL NOW
2025-04-11 20:00:00,FPO_Ahmedabad,Onion,25.24,62.49,1328,43.84,2,2500,729.7,29.19,LOW,50.89,2.14,67576.42,STORE
2025-04-11 21:00:00,FPO_Jaipur,Onion,29.13,72.03,1771,27.13,2,2000,1031.5,51.58,LOW,36.39,1.7,64437.89,STORE
2025-04-11 22:00:00,FPO_Lucknow,Cabbage,21.37,69.02,1537,32.45,12,1500,1500.0,100.0,MEDIUM,39.49,3.64,60698.17,STORE
2025-04-11 23:00:00,FPO_Ahmedabad,Apple,21.98,48.05,1392,92.69,8,2500,1136.01,45.44,LOW,97.13,3.17,135201.37,SELL NOW
2025-04-12 00:00:00,FPO_Karnal,Cabbage,24.2,46.18,719,20.08,4,1000,535.81,53.58,LOW,23.16,2.96,16653.12,STORE
2025-04-12 01:00:00,FPO_Karnal,Onion,26.85,71.29,1125,22.22,12,1000,1000.0,100.0,MEDIUM,25.84,3.34,29067.0,STORE
2025-04-12 02:00:00,FPO_Karnal,Potato,28.85,74.66,1821,17.37,14,2000,1723.27,86.16,HIGH,26.29,4.55,47880.92,SELL NOW
2025-04-12 03:00:00,FPO_Lucknow,Apple,28.87,57.67,1659,91.82,4,2000,1078.48,53.92,LOW,91.6,1.75,151962.73,SELL NOW
2025-04-12 04:00:00,FPO_Lucknow,Cabbage,20.09,30.0,808,25.54,7,500,500.0,100.0,LOW,28.75,3.4,23229.32,STORE
2025-04-12 05:00:00,FPO_Jaipur,Cabbage,27.52,47.62,711,20.54,4,500,500.0,100.0,LOW,17.76,3.95,12629.22,SELL NOW
2025-04-12 06:00:00,FPO_Nagpur,Onion,23.09,79.79,608,37.57,9,1500,669.08,44.61,LOW,42.37,4.9,25760.94,STORE
2025-04-12 07:00:00,FPO_Surat,Onion,15.0,53.92,635,32.51,9,500,500.0,100.0,LOW,35.6,4.09,22608.8,SELL NOW
2025-04-12 08:00:00,FPO_Nashik,Mango,45.0,59.79,1538,60.33,12,2000,1244.8,62.24,HIGH,76.27,3.42,117296.02,SELL NOW
2025-04-12 09:00:00,FPO_Karnal,Cabbage,23.21,73.3,741,26.33,14,2000,901.23,45.06,MEDIUM,21.94,4.18,16257.18,SELL NOW
2025-04-12 10:00:00,FPO_Indore,Onion,23.54,60.41,812,33.23,14,500,500.0,100.0,MEDIUM,40.92,4.99,33224.97,STORE
2025-04-12 11:00:00,FPO_Nagpur,Tomato,19.92,85.96,1802,33.96,3,1500,1422.79,94.85,LOW,34.4,4.61,61992.47,SELL NOW
2025-04-12 12:00:00,FPO_Indore,Apple,21.66,59.4,1099,97.51,6,2000,1030.75,51.54,LOW,104.64,1.81,114994.83,SELL NOW
2025-04-12 13:00:00,FPO_Jaipur,Tomato,26.87,52.09,1286,24.59,7,1500,1050.49,70.03,LOW,31.34,3.51,40298.41,STORE
2025-04-12 14:00:00,FPO_Jaipur,Apple,36.11,82.73,1255,102.07,3,2000,969.0,48.45,MEDIUM,103.63,4.25,130051.83,SELL NOW
2025-04-12 15:00:00,FPO_Jaipur,Cabbage,26.83,65.72,1822,32.84,4,1500,1430.05,95.34,LOW,30.69,3.85,55911.78,SELL NOW
2025-04-12 16:00:00,FPO_Ahmedabad,Mango,26.06,48.82,1434,53.19,14,1500,1337.58,89.17,LOW,50.91,2.96,73001.5,SELL NOW
2025-04-12 17:00:00,FPO_Indore,Onion,35.2,72.08,1686,32.0,1,1500,1081.98,72.13,LOW,35.52,2.63,59889.57,STORE
2025-04-12 18:00:00,FPO_Nagpur,Onion,24.85,60.59,762,36.45,11,500,500.0,100.0,MEDIUM,35.84,3.69,27310.14,SELL NOW
2025-04-12 19:00:00,FPO_Surat,Onion,28.13,47.81,774,33.08,9,1000,621.79,62.18,LOW,34.93,2.94,27033.59,SELL NOW
2025-04-12 20:00:00,FPO_Nagpur,Cabbage,22.47,66.43,1303,26.66,7,1500,1214.89,80.99,LOW,23.45,2.87,30559.3,SELL NOW
2025-04-12 21:00:00,FPO_Lucknow,Apple,38.11,62.63,1221,102.7,10,1500,1162.98,77.53,MEDIUM,108.24,4.43,132162.55,SELL NOW
2025-04-12 22:00:00,FPO_Lucknow,Onion,34.29,39.69,542,39.02,7,2000,368.22,18.41,LOW,37.55,2.6,20354.1,SELL NOW
2025-04-12 23:00:00,FPO_Karnal,Tomato,27.08,49.11,1455,31.97,9,1000,1000.0,100.0,LOW,32.89,3.76,47858.45,SELL NOW
2025-04-13 00:00:00,FPO_Surat,Onion,25.6,92.98,812,22.24,12,2000,1101.37,55.07,MEDIUM,31.82,4.56,25840.83,STORE
2025-04-13 01:00:00,FPO_Lucknow,Cabbage,27.81,66.22,328,24.58,14,2000,664.13,33.21,LOW,28.32,3.68,9288.51,STORE
2025-04-13 02:00:00,FPO_Jaipur,Mango,27.17,85.2,1242,60.44,6,1500,847.82,56.52,LOW,67.22,3.22,83481.74,STORE
2025-04-13 03:00:00,FPO_Nagpur,Tomato,18.72,69.63,556,33.13,8,2500,691.37,27.65,LOW,31.35,1.62,17432.26,SELL NOW
2025-04-13 04:00:00,FPO_Indore,Onion,34.5,83.56,1642,30.42,5,1000,1000.0,100.0,HIGH,34.8,3.89,57143.22,SELL NOW
2025-04-13 05:00:00,FPO_Jaipur,Onion,26.64,73.34,1158,30.08,8,2000,1070.37,53.52,LOW,35.24,4.99,40803.51,STORE
2025-04-13 06:00:00,FPO_Ahmedabad,Potato,39.39,50.81,1829,22.21,12,2500,1315.08,52.6,MEDIUM,20.39,4.33,37285.14,SELL NOW
2025-04-13 07:00:00,FPO_Lucknow,Apple,30.53,74.1,280,101.2,10,2500,443.92,17.76,LOW,104.5,3.72,29261.2,SELL NOW
2025-04-13 08:00:00,FPO_Jaipur,Tomato,15.0,50.71,1838,27.53,14,2000,1784.84,89.24,LOW,28.43,3.14,52252.09,SELL NOW
2025-04-13 09:00:00,FPO_Jaipur,Potato,20.31,78.94,865,19.9,1,1500,730.85,48.72,LOW,24.26,2.29,20988.8,STORE
2025-04-13 10:00:00,FPO_Ahmedabad,Mango,15.12,68.27,980,59.26,3,500,500.0,100.0,LOW,55.65,3.92,54533.12,SELL NOW
2025-04-13 11:00:00,FPO_Nashik,Apple,20.24,65.28,1341,101.53,4,2000,1057.48,52.87,LOW,99.28,2.12,133131.81,SELL NOW
2025-04-13 12:00:00,FPO_Nagpur,Tomato,18.2,58.42,1717,31.1,14,1500,1500.0,100.0,LOW,27.14,4.6,46595.63,SELL NOW
2025-04-13 13:00:00,FPO_Indore,Onion,29.52,76.98,990,43.68,11,1000,1000.0,100.0,HIGH,40.93,2.74,40520.73,SELL NOW
2025-04-13 14:00:00,FPO_Karnal,Tomato,26.1,62.64,691,21.35,9,1500,752.67,50.18,LOW,21.23,2.9,14667.09,SELL NOW
2025-04-13 15:00:00,FPO_Nashik,Onion,32.44,36.35,424,32.94,8,2500,252.1,10.08,LOW,38.5,2.26,16324.34,STORE
2025-04-13 16:00:00,FPO_Lucknow,Apple,27.77,39.29,1186,107.38,14,1000,1000.0,100.0,LOW,110.84,3.19,131455.51,SELL NOW
2025-04-13 17:00:00,FPO_Jaipur,Onion,26.56,45.96,618,26.13,8,1000,699.29,69.93,LOW,29.58,3.88,18278.65,STORE
2025-04-13 18:00:00,FPO_Surat,Mango,40.02,76.76,979,63.42,2,500,500.0,100.0,MEDIUM,61.54,2.56,60249.95,SELL NOW
2025-04-13 19:00:00,FPO_Ahmedabad,Cabbage,29.34,77.9,336,23.18,7,500,325.6,65.12,MEDIUM,26.06,3.96,8757.21,STORE
2025-04-13 20:00:00,FPO_Ahmedabad,Onion,27.52,69.87,425,27.42,12,2000,769.51,38.48,LOW,36.7,3.67,15597.77,STORE
2025-04-13 21:00:00,FPO_Surat,Mango,22.88,69.72,1557,56.33,3,1500,1099.3,73.29,LOW,60.81,2.8,94682.01,SELL NOW
2025-04-13 22:00:00,FPO_Nagpur,Cabbage,20.94,86.69,1452,24.55,6,2000,1329.33,66.47,LOW,31.6,2.59,45883.71,STORE
2025-04-13 23:00:00,FPO_Nashik,Apple,32.62,70.14,522,99.36,4,500,483.39,96.68,MEDIUM,99.83,4.51,52112.38,SELL NOW
2025-04-14 00:00:00,FPO_Karnal,Apple,32.26,74.57,1331,103.77,6,2500,1006.77,40.27,LOW,104.37,1.54,138916.21,SELL NOW
2025-04-14 01:00:00,FPO_Nagpur,Tomato,37.43,64.84,1011,20.78,4,500,500.0,100.0,MEDIUM,26.39,4.01,26676.67,STORE
2025-04-14 02:00:00,FPO_Surat,Mango,30.87,58.08,644,64.25,3,1500,331.68,22.11,LOW,62.56,2.96,40287.69,SELL NOW
2025-04-14 03:00:00,FPO_Jaipur,Mango,25.64,60.8,206,64.14,2,2500,186.78,7.47,LOW,66.54,4.01,13706.32,SELL NOW
2025-04-14 04:00:00,FPO_Surat,Potato,31.07,95.0,327,23.54,4,2000,554.89,27.74,LOW,27.48,3.28,8985.78,STORE
2025-04-14 05:00:00,FPO_Nagpur,Potato,27.52,48.7,1576,33.44,10,2000,1349.02,67.45,LOW,34.49,1.79,54351.47,SELL NOW
2025-04-14 06:00:00,FPO_Indore,Cabbage,33.19,69.71,466,31.17,2,500,407.85,81.57,LOW,29.94,4.94,13953.42,SELL NOW
2025-04-14 07:00:00,FPO_Ahmedabad,Cabbage,36.01,42.27,884,22.5,7,500,500.0,100.0,LOW,22.24,1.8,19664.04,SELL NOW
2025-04-14 08:00:00,FPO_Ahmedabad,Potato,26.99,55.84,1127,16.05,1,2000,717.02,35.85,LOW,12.16,2.05,13708.13,SELL NOW
2025-04-14 09:00:00,FPO_Lucknow,Cabbage,38.54,76.61,413,21.56,14,2000,557.86,27.89,HIGH,25.95,2.97,10716.41,SELL NOW
2025-04-14 10:00:00,FPO_Lucknow,Onion,35.13,37.85,446,27.09,11,1000,491.82,49.18,LOW,34.27,4.81,15283.06,STORE
2025-04-14 11:00:00,FPO_Surat,Potato,28.11,78.57,1841,12.86,1,1500,1309.89,87.33,LOW,13.33,2.53,24547.96,SELL NOW
2025-04-14 12:00:00,FPO_Karnal,Mango,32.02,95.0,1818,62.47,5,1000,1000.0,100.0,HIGH,79.16,3.49,143911.43,SELL NOW
2025-04-14 13:00:00,FPO_Jaipur,Onion,29.83,70.48,1597,23.43,7,1000,1000.0,100.0,MEDIUM,22.64,3.33,36153.13,SELL NOW
2025-04-14 14:00:00,FPO_Indore,Cabbage,28.13,83.93,620,26.17,14,2000,961.66,48.08,MEDIUM,25.46,2.66,15783.15,SELL NOW
2025-04-14 15:00:00,FPO_Nashik,Apple,39.48,68.72,1938,104.69,1,1500,1267.7,84.51,MEDIUM,111.54,3.94,216160.4,SELL NOW
2025-04-14 16:00:00,FPO_Nagpur,Tomato,31.11,75.67,1264,35.0,12,2000,1421.26,71.06,MEDIUM,41.1,3.26,51953.09,STORE
2025-04-14 17:00:00,FPO_Karnal,Potato,22.95,71.81,916,20.74,12,1000,1000.0,100.0,MEDIUM,27.09,3.52,24816.69,STORE
2025-04-14 18:00:00,FPO_Jaipur,Apple,21.83,57.35,1571,96.42,4,1000,1000.0,100.0,LOW,104.78,2.24,164602.17,SELL NOW
2025-04-14 19:00:00,FPO_Lucknow,Cabbage,22.08,56.0,1784,31.68,5,2000,1409.15,70.46,LOW,30.02,4.74,53561.27,SELL NOW
2025-04-14 20:00:00,FPO_Surat,Mango,30.94,82.72,342,67.53,2,500,350.03,70.01,LOW,72.4,1.89,24759.77,SELL NOW
2025-04-14 21:00:00,FPO_Nagpur,Tomato,25.95,64.37,340,31.41,7,500,425.67,85.13,LOW,27.42,3.92,9321.7,SELL NOW
2025-04-14 22:00:00,FPO_Lucknow,Apple,30.0,62.87,764,96.54,4,2000,582.39,29.12,LOW,104.87,4.6,80119.44,SELL NOW
2025-04-14 23:00:00,FPO_Surat,Tomato,33.62,62.56,306,21.42,8,2500,334.82,13.39,LOW,29.39,1.79,8994.19,STORE
2025-04-15 00:00:00,FPO_Nagpur,Potato,40.17,69.6,232,27.58,14,2500,412.6,16.5,MEDIUM,35.8,1.6,8305.22,STORE
2025-04-15 01:00:00,FPO_Nashik,Cabbage,26.09,47.22,1423,24.69,14,500,500.0,100.0,MEDIUM,27.43,2.67,39030.46,STORE
2025-04-15 02:00:00,FPO_Jaipur,Mango,19.55,62.27,318,66.2,1,1500,424.38,28.29,LOW,74.33,4.26,23638.43,STORE
2025-04-15 03:00:00,FPO_Nagpur,Cabbage,38.75,69.66,428,21.67,10,1000,455.28,45.53,MEDIUM,25.51,4.01,10919.67,STORE
2025-04-15 04:00:00,FPO_Indore,Tomato,19.26,45.81,1853,33.54,1,1500,1079.33,71.96,LOW,43.46,4.38,80530.05,STORE
2025-04-15 05:00:00,FPO_Karnal,Apple,19.02,68.14,887,107.04,1,500,500.0,100.0,LOW,108.49,2.89,96233.68,SELL NOW
2025-04-15 06:00:00,FPO_Ahmedabad,Potato,38.6,51.54,1408,20.79,4,2000,954.18,47.71,LOW,22.18,4.98,31222.58,SELL NOW
2025-04-15 07:00:00,FPO_Indore,Potato,34.4,69.69,1029,23.54,1,2500,680.61,27.22,LOW,28.68,2.78,29512.98,STORE
2025-04-15 08:00:00,FPO_Indore,Cabbage,30.91,95.0,1210,19.19,5,500,500.0,100.0,HIGH,15.88,4.32,19219.38,SELL NOW
2025-04-15 09:00:00,FPO_Karnal,Apple,27.7,63.19,1049,94.32,14,1500,1245.96,83.06,MEDIUM,96.14,2.73,100847.54,SELL NOW
2025-04-15 10:00:00,FPO_Ahmedabad,Apple,26.56,48.82,1438,101.59,14,1500,1388.4,92.56,MEDIUM,104.33,2.26,150029.16,SELL NOW
2025-04-15 11:00:00,FPO_Indore,Tomato,24.1,68.56,932,25.3,6,500,500.0,100.0,LOW,21.62,2.68,20146.44,SELL NOW
2025-04-15 12:00:00,FPO_Nagpur,Cabbage,26.3,72.11,1353,26.2,7,1000,1000.0,100.0,MEDIUM,29.7,2.17,40180.95,STORE
2025-04-15 13:00:00,FPO_Nagpur,Cabbage,27.72,50.95,1044,25.82,8,1500,958.64,63.91,LOW,31.29,1.95,32669.63,STORE
2025-04-15 14:00:00,FPO_Nagpur,Onion,19.75,39.22,471,33.26,8,1000,534.91,53.49,LOW,40.44,2.77,19049.22,STORE
2025-04-15 15:00:00,FPO_Ahmedabad,Cabbage,23.08,50.99,1981,27.65,2,1000,1000.0,100.0,LOW,23.16,2.01,45877.28,SELL NOW
2025-04-15 16:00:00,FPO_Indore,Potato,15.33,64.27,834,26.6,12,2000,1074.16,53.71,LOW,34.67,3.26,28913.88,STORE
2025-04-15 17:00:00,FPO_Surat,Tomato,28.47,58.17,1231,29.14,4,500,500.0,100.0,LOW,21.75,1.62,26777.17,SELL NOW
2025-04-15 18:00:00,FPO_Ahmedabad,Apple,28.47,81.16,602,101.54,7,500,500.0,100.0,MEDIUM,100.0,3.01,60201.52,SELL NOW
2025-04-15 19:00:00,FPO_Nagpur,Cabbage,38.67,72.76,1127,24.99,9,1000,906.42,90.64,HIGH,38.2,4.85,43048.94,SELL NOW
2025-04-15 20:00:00,FPO_Karnal,Tomato,30.25,66.53,1802,33.25,9,2000,1462.33,73.12,MEDIUM,37.02,2.76,66707.14,STORE
2025-04-15 21:00:00,FPO_Indore,Cabbage,24.66,38.83,826,34.2,11,1500,759.46,50.63,LOW,31.98,1.98,26411.94,SELL NOW
2025-04-15 22:00:00,FPO_Indore,Apple,26.8,74.46,1592,103.75,3,1500,1133.5,75.57,LOW,99.94,2.57,159098.84,SELL NOW
2025-04-15 23:00:00,FPO_Lucknow,Mango,30.92,94.69,816,62.49,12,500,500.0,100.0,HIGH,59.16,4.27,48270.98,SELL NOW
2025-04-16 00:00:00,FPO_Lucknow,Apple,29.37,77.93,1180,98.91,7,1000,1000.0,100.0,MEDIUM,97.18,2.6,114669.33,SELL NOW
2025-04-16 01:00:00,FPO_Nashik,Apple,31.47,55.13,736,101.21,4,2000,579.86,28.99,LOW,109.09,2.84,80287.59,SELL NOW
2025-04-16 02:00:00,FPO_Surat,Apple,30.26,62.95,1276,98.03,9,2000,1227.49,61.37,LOW,103.76,4.26,132403.57,SELL NOW
2025-04-16 03:00:00,FPO_Surat,Cabbage,26.48,71.89,446,21.92,7,1500,412.15,27.48,LOW,30.26,2.41,13494.93,STORE
2025-04-16 04:00:00,FPO_Jaipur,Onion,24.79,85.8,536,29.02,13,1500,992.27,66.15,MEDIUM,26.73,3.17,14325.52,SELL NOW
2025-04-16 05:00:00,FPO_Surat,Apple,24.46,54.41,1504,108.95,13,2500,1264.16,50.57,LOW,101.98,1.72,153382.25,SELL NOW
2025-04-16 06:00:00,FPO_Lucknow,Potato,22.45,58.02,232,21.58,6,2500,356.27,14.25,LOW,27.77,2.11,6442.96,STORE
2025-04-16 07:00:00,FPO_Ahmedabad,Potato,21.51,64.35,998,30.12,9,1000,903.41,90.34,LOW,32.8,2.23,32731.15,SELL NOW
2025-04-16 08:00:00,FPO_Surat,Tomato,39.03,63.04,747,23.14,7,2500,681.31,27.25,LOW,22.16,3.12,16552.72,SELL NOW
2025-04-16 09:00:00,FPO_Lucknow,Onion,28.75,76.89,1566,30.69,11,2000,1246.98,62.35,MEDIUM,38.67,4.37,60562.36,STORE
2025-04-16 10:00:00,FPO_Nashik,Tomato,27.07,68.93,1090,31.6,8,2500,802.27,32.09,LOW,41.1,2.74,44795.24,STORE
2025-04-16 11:00:00,FPO_Indore,Potato,25.02,44.04,1462,25.86,11,500,500.0,100.0,LOW,37.48,2.83,54795.0,STORE
2025-04-16 12:00:00,FPO_Surat,Potato,30.57,55.15,1715,16.59,5,500,500.0,100.0,LOW,14.43,2.55,24746.39,SELL NOW
2025-04-16 13:00:00,FPO_Nashik,Mango,35.22,55.58,928,53.92,4,1500,571.07,38.07,LOW,63.07,2.62,58526.59,STORE
2025-04-16 14:00:00,FPO_Indore,Apple,32.34,31.78,1400,103.1,1,1500,714.12,47.61,LOW,108.05,2.91,151263.5,SELL NOW
2025-04-16 15:00:00,FPO_Karnal,Potato,33.53,78.94,243,19.23,14,1000,685.28,68.53,HIGH,19.12,4.65,4646.27,SELL NOW
2025-04-16 16:00:00,FPO_Karnal,Cabbage,24.48,66.99,503,28.17,8,500,500.0,100.0,LOW,37.22,1.59,18722.07,STORE
2025-04-16 17:00:00,FPO_Indore,Cabbage,27.98,56.89,1893,32.18,6,1000,1000.0,100.0,LOW,30.75,3.69,58217.28,SELL NOW
2025-04-16 18:00:00,FPO_Surat,Tomato,24.56,78.54,468,24.72,4,1000,506.43,50.64,LOW,24.58,4.61,11503.79,SELL NOW
2025-04-16 19:00:00,FPO_Jaipur,Tomato,28.64,69.52,882,25.39,3,2500,745.95,29.84,LOW,32.91,2.96,29022.78,STORE
2025-04-16 20:00:00,FPO_Lucknow,Apple,35.64,45.71,1956,89.87,5,1500,1356.42,90.43,LOW,89.79,3.78,175634.5,SELL NOW
2025-04-16 21:00:00,FPO_Ahmedabad,Apple,30.64,74.14,599,104.01,4,1000,416.87,41.69,LOW,109.04,3.55,65313.3,SELL NOW
2025-04-16 22:00:00,FPO_Ahmedabad,Mango,37.76,85.59,1965,70.65,11,1000,1000.0,100.0,HIGH,71.16,2.69,139826.78,SELL NOW
2025-04-16 23:00:00,FPO_Nagpur,Onion,26.27,62.9,802,23.77,11,1500,984.27,65.62,LOW,27.63,1.98,22162.88,STORE
2025-04-17 00:00:00,FPO_Indore,Tomato,23.16,63.99,1121,34.22,7,1500,802.75,53.52,LOW,38.45,2.27,43104.2,STORE
2025-04-17 01:00:00,FPO_Ahmedabad,Apple,31.07,66.62,1170,106.68,6,500,500.0,100.0,MEDIUM,104.88,1.7,122714.81,SELL NOW
2025-04-17 02:00:00,FPO_Surat,Tomato,28.71,46.73,630,31.92,3,1500,407.16,27.14,LOW,35.96,4.18,22653.09,STORE
2025-04-17 03:00:00,FPO_Jaipur,Apple,29.94,67.12,620,96.97,12,2500,710.39,28.42,LOW,97.34,3.36,60352.6,SELL NOW
2025-04-17 04:00:00,FPO_Indore,Potato,29.04,51.63,330,20.78,10,500,460.44,92.09,LOW,19.0,4.25,6270.47,SELL NOW
2025-04-17 05:00:00,FPO_Jaipur,Tomato,25.09,64.9,1633,30.76,13,1000,1000.0,100.0,MEDIUM,28.19,2.52,46038.37,SELL NOW
2025-04-17 06:00:00,FPO_Surat,Potato,29.17,67.49,1961,24.62,11,2500,1456.34,58.25,MEDIUM,22.1,4.32,43342.31,SELL NOW
2025-04-17 07:00:00,FPO_Ahmedabad,Tomato,33.84,72.96,1448,26.75,12,2500,1187.5,47.5,MEDIUM,26.71,2.58,38682.46,SELL NOW
2025-04-17 08:00:00,FPO_Ahmedabad,Onion,34.46,73.51,1366,32.3,14,500,500.0,100.0,HIGH,38.17,1.92,52144.37,SELL NOW
2025-04-17 09:00:00,FPO_Nagpur,Mango,25.06,51.08,777,58.19,1,1000,449.0,44.9,LOW,54.38,3.37,42249.67,SELL NOW
2025-04-17 10:00:00,FPO_Ahmedabad,Cabbage,29.39,67.81,739,24.44,14,500,500.0,100.0,HIGH,27.85,4.81,20584.65,SELL NOW
2025-04-17 11:00:00,FPO_Indore,Cabbage,36.86,79.34,324,23.99,7,2000,414.78,20.74,MEDIUM,28.86,2.95,9350.49,STORE
2025-04-17 12:00:00,FPO_Surat,Cabbage,25.19,47.7,1435,30.47,5,2000,1001.36,50.07,LOW,38.48,3.3,55214.0,STORE
2025-04-17 13:00:00,FPO_Karnal,Potato,24.1,91.18,1133,14.86,1,500,500.0,100.0,MEDIUM,15.13,3.08,17145.05,SELL NOW
2025-04-17 14:00:00,FPO_Surat,Apple,32.77,50.41,1651,103.25,1,1000,918.49,91.85,LOW,107.06,3.1,176760.8,SELL NOW
2025-04-17 15:00:00,FPO_Indore,Cabbage,31.71,89.41,1660,26.8,6,1000,1000.0,100.0,HIGH,24.02,2.25,39872.81,SELL NOW
2025-04-17 16:00:00,FPO_Indore,Onion,22.98,50.68,791,18.65,4,1500,683.85,45.59,LOW,15.14,2.98,11978.51,SELL NOW
2025-04-17 17:00:00,FPO_Nagpur,Cabbage,19.6,64.16,1461,29.36,14,2500,1526.86,61.07,LOW,34.17,3.24,49918.48,STORE
2025-04-17 18:00:00,FPO_Nagpur,Tomato,29.27,62.11,843,32.98,8,500,500.0,100.0,MEDIUM,46.32,4.11,39049.47,STORE
2025-04-17 19:00:00,FPO_Ahmedabad,Potato,25.49,44.5,527,19.97,2,2500,237.54,9.5,LOW,26.28,1.99,13847.24,STORE
2025-04-17 20:00:00,FPO_Nashik,Tomato,17.9,75.47,1011,30.42,4,2500,855.73,34.23,LOW,27.35,3.5,27647.38,SELL NOW
2025-04-17 21:00:00,FPO_Surat,Tomato,23.88,76.24,1342,29.34,12,2000,1309.67,65.48,MEDIUM,26.7,3.82,35829.64,SELL NOW
2025-04-17 22:00:00,FPO_Surat,Tomato,31.62,74.3,245,39.16,13,2000,537.01,26.85,MEDIUM,45.24,2.84,11083.58,STORE
2025-04-17 23:00:00,FPO_Nashik,Mango,27.09,61.27,283,62.51,8,500,396.32,79.26,LOW,69.12,3.42,19559.82,STORE
2025-04-18 00:00:00,FPO_Nagpur,Mango,37.4,54.47,993,60.53,12,500,500.0,100.0,HIGH,63.8,3.99,63355.99,SELL NOW
2025-04-18 01:00:00,FPO_Ahmedabad,Apple,15.48,81.49,551,105.47,8,1000,752.93,75.29,LOW,107.42,3.13,59189.24,SELL NOW
2025-04-18 02:00:00,FPO_Nashik,Potato,36.03,68.2,1236,30.04,5,500,500.0,100.0,MEDIUM,35.65,2.67,44063.07,STORE
2025-04-18 03:00:00,FPO_Ahmedabad,Onion,25.94,53.66,836,40.36,3,1000,432.99,43.3,LOW,38.2,4.39,31937.81,SELL NOW
2025-04-18 04:00:00,FPO_Ahmedabad,Onion,25.07,68.22,1395,27.01,13,1000,1000.0,100.0,MEDIUM,35.15,4.96,49033.38,STORE
2025-04-18 05:00:00,FPO_Ahmedabad,Onion,18.69,39.88,433,32.15,4,500,297.15,59.43,LOW,36.92,2.26,15985.26,STORE
2025-04-18 06:00:00,FPO_Lucknow,Tomato,30.79,66.62,1404,24.89,3,1000,1000.0,100.0,LOW,23.86,4.61,33502.18,SELL NOW
2025-04-18 07:00:00,FPO_Indore,Mango,17.04,74.84,1274,71.61,11,2500,1502.15,60.09,LOW,74.18,3.41,94510.32,SELL NOW
2025-04-18 08:00:00,FPO_Ahmedabad,Potato,32.91,62.31,980,22.24,2,1000,728.97,72.9,LOW,42.59,3.07,41736.6,STORE
2025-04-18 09:00:00,FPO_Lucknow,Tomato,18.92,75.66,880,32.79,14,2500,1098.2,43.93,LOW,34.32,4.63,30199.69,SELL NOW
2025-04-18 10:00:00,FPO_Nagpur,Mango,19.87,77.2,1618,59.17,4,2500,1307.02,52.28,LOW,64.99,4.69,105151.12,SELL NOW
2025-04-18 11:00:00,FPO_Nashik,Mango,20.85,69.13,1132,62.5,9,2500,1217.59,48.7,LOW,69.67,2.45,78863.34,STORE
2025-04-18 12:00:00,FPO_Indore,Cabbage,23.7,91.52,1652,15.97,6,1500,1500.0,100.0,MEDIUM,19.93,2.75,32928.19,STORE
2025-04-18 13:00:00,FPO_Karnal,Cabbage,33.65,85.31,1497,30.2,4,1500,984.76,65.65,MEDIUM,31.19,4.48,46692.96,SELL NOW
2025-04-18 14:00:00,FPO_Nashik,Potato,37.02,74.41,1060,28.51,1,1000,671.45,67.15,LOW,27.87,3.22,29545.64,SELL NOW
2025-04-18 15:00:00,FPO_Indore,Potato,24.32,70.33,1430,19.04,14,500,500.0,100.0,MEDIUM,21.16,2.51,30264.35,STORE
2025-04-18 16:00:00,FPO_Karnal,Potato,27.72,61.15,347,12.95,7,1000,490.85,49.09,LOW,15.24,4.87,5287.15,STORE
2025-04-18 17:00:00,FPO_Nashik,Tomato,30.94,55.29,499,35.41,2,1500,317.94,21.2,LOW,44.79,2.26,22349.89,STORE
2025-04-18 18:00:00,FPO_Indore,Apple,26.02,76.96,1676,106.78,12,2000,1432.06,71.6,MEDIUM,117.78,3.64,197400.48,STORE
2025-04-18 19:00:00,FPO_Nashik,Potato,30.7,62.01,748,25.96,6,2000,676.08,33.8,LOW,38.01,3.0,28432.3,STORE
2025-04-18 20:00:00,FPO_Nashik,Cabbage,27.98,49.79,1896,24.07,10,1000,1000.0,100.0,LOW,25.32,3.08,48006.22,SELL NOW
2025-04-18 21:00:00,FPO_Karnal,Apple,26.48,52.97,1177,98.6,1,1500,743.58,49.57,LOW,106.85,1.87,125759.57,SELL NOW
2025-04-18 22:00:00,FPO_Nashik,Tomato,19.48,54.95,582,34.67,13,2500,843.55,33.74,LOW,39.07,2.4,22736.52,STORE
2025-04-18 23:00:00,FPO_Nashik,Apple,28.89,91.3,999,98.4,7,1500,1105.81,73.72,MEDIUM,96.0,2.08,95907.13,SELL NOW
2025-04-19 00:00:00,FPO_Karnal,Onion,33.75,77.72,1841,30.79,4,1000,1000.0,100.0,MEDIUM,26.37,4.12,48541.45,SELL NOW
2025-04-19 01:00:00,FPO_Nagpur,Apple,23.33,65.51,733,99.97,11,1500,862.43,57.5,LOW,101.36,3.94,74296.93,SELL NOW
2025-04-19 02:00:00,FPO_Ahmedabad,Potato,16.19,71.21,1456,23.64,3,2000,1207.93,60.4,LOW,25.93,4.28,37753.41,SELL NOW
2025-04-19 03:00:00,FPO_Surat,Tomato,26.08,72.95,1857,27.46,10,2500,1478.82,59.15,LOW,25.99,3.95,48267.91,SELL NOW
2025-04-19 04:00:00,FPO_Jaipur,Potato,37.06,51.97,1352,22.05,7,1000,993.34,99.33,MEDIUM,31.23,1.95,42224.41,STORE
2025-04-19 05:00:00,FPO_Lucknow,Cabbage,35.27,47.49,1952,33.96,13,1000,1000.0,100.0,MEDIUM,44.4,4.93,86661.81,STORE
2025-04-19 06:00:00,FPO_Jaipur,Onion,24.52,80.77,1883,32.62,3,500,500.0,100.0,LOW,34.69,2.16,65320.06,SELL NOW
2025-04-19 07:00:00,FPO_Jaipur,Cabbage,30.73,44.75,769,26.91,8,2500,615.29,24.61,LOW,37.57,2.73,28888.28,STORE
2025-04-19 08:00:00,FPO_Indore,Potato,31.68,64.74,1130,26.11,11,1000,1000.0,100.0,MEDIUM,31.24,3.97,35298.47,STORE
2025-04-19 09:00:00,FPO_Ahmedabad,Potato,36.94,54.17,436,16.41,4,1500,358.42,23.89,LOW,9.6,1.99,4183.54,SELL NOW
2025-04-19 10:00:00,FPO_Indore,Potato,18.7,68.31,1805,27.09,3,1500,1243.11,82.87,LOW,19.93,2.1,35976.68,SELL NOW
2025-04-19 11:00:00,FPO_Ahmedabad,Mango,21.59,61.2,1165,61.51,7,1500,952.75,63.52,LOW,66.22,4.57,77145.75,SELL NOW
2025-04-19 12:00:00,FPO_Karnal,Onion,15.94,73.01,900,26.91,7,1500,889.26,59.28,LOW,29.14,2.66,26228.97,SELL NOW
2025-04-19 13:00:00,FPO_Karnal,Potato,23.93,30.33,953,21.52,9,1000,1000.0,100.0,LOW,19.86,3.83,18925.55,SELL NOW
2025-04-19 14:00:00,FPO_Surat,Potato,34.4,81.81,774,24.67,10,2000,748.55,37.43,MEDIUM,29.85,4.51,23103.27,STORE
2025-04-19 15:00:00,FPO_Ahmedabad,Cabbage,24.64,76.03,1708,25.43,7,2500,1418.67,56.75,LOW,39.37,4.91,67250.76,STORE
2025-04-19 16:00:00,FPO_Nashik,Cabbage,20.15,80.17,1464,30.43,6,1500,1205.61,80.37,LOW,33.79,2.24,49464.2,STORE
2025-04-19 17:00:00,FPO_Nagpur,Potato,29.36,78.45,1156,18.24,3,1000,763.11,76.31,LOW,19.12,1.93,22105.86,SELL NOW
2025-04-19 18:00:00,FPO_Surat,Tomato,29.51,69.71,1216,22.37,4,1000,973.2,97.32,LOW,21.87,4.09,26595.06,SELL NOW
2025-04-19 19:00:00,FPO_Surat,Mango,21.9,55.38,1920,56.19,8,1500,1377.88,91.86,LOW,53.27,2.16,102271.71,SELL NOW
2025-04-19 20:00:00,FPO_Nashik,Cabbage,24.96,71.58,970,22.95,6,500,500.0,100.0,LOW,30.02,3.53,29123.91,STORE
2025-04-19 21:00:00,FPO_Nagpur,Tomato,28.9,69.34,1964,28.67,9,1000,1000.0,100.0,MEDIUM,29.54,3.36,58011.37,SELL NOW
2025-04-19 22:00:00,FPO_Indore,Mango,32.48,78.15,422,58.34,8,2500,462.38,18.5,LOW,60.66,3.46,25596.8,SELL NOW
2025-04-19 23:00:00,FPO_Nagpur,Potato,24.11,74.32,1322,16.06,14,2500,1436.61,57.46,MEDIUM,17.02,3.77,22500.46,SELL NOW
2025-04-20 00:00:00,FPO_Indore,Onion,23.24,66.41,1982,23.23,8,500,500.0,100.0,LOW,34.26,4.48,67896.17,STORE
2025-04-20 01:00:00,FPO_Karnal,Apple,39.48,71.5,756,93.61,11,1000,798.42,79.84,HIGH,89.51,2.45,67667.93,SELL NOW
2025-04-20 02:00:00,FPO_Jaipur,Apple,26.36,72.83,1110,98.56,10,500,500.0,100.0,MEDIUM,104.99,3.44,116534.99,SELL NOW
2025-04-20 03:00:00,FPO_Karnal,Potato,29.5,81.32,472,17.94,10,1000,505.46,50.55,MEDIUM,25.3,2.68,11939.61,STORE
2025-04-20 04:00:00,FPO_Karnal,Cabbage,31.89,91.04,1622,23.08,7,1000,1000.0,100.0,HIGH,22.39,2.62,36317.6,SELL NOW
2025-04-20 05:00:00,FPO_Jaipur,Tomato,17.28,73.96,1740,34.64,10,500,500.0,100.0,LOW,40.67,1.57,70762.61,STORE
2025-04-20 06:00:00,FPO_Nagpur,Onion,27.89,72.9,629,24.15,11,2000,1030.63,51.53,MEDIUM,26.3,3.6,16544.45,SELL NOW
2025-04-20 07:00:00,FPO_Surat,Mango,18.13,61.66,722,61.5,1,1500,557.56,37.17,LOW,68.57,4.9,49506.89,STORE
2025-04-20 08:00:00,FPO_Nagpur,Potato,27.22,59.85,1159,16.08,5,1500,761.26,50.75,LOW,14.23,4.16,16492.46,SELL NOW
2025-04-20 09:00:00,FPO_Indore,Onion,36.24,54.11,1571,23.33,14,1500,1350.36,90.02,HIGH,27.67,2.35,43473.99,SELL NOW
2025-04-20 10:00:00,FPO_Nashik,Onion,22.01,30.0,1109,31.86,7,500,500.0,100.0,LOW,35.22,4.01,39058.24,STORE
2025-04-20 11:00:00,FPO_Indore,Cabbage,18.0,52.41,1774,28.37,10,1000,1000.0,100.0,LOW,34.09,2.54,60467.2,STORE
2025-04-20 12:00:00,FPO_Nashik,Mango,39.33,62.41,650,63.95,9,1000,579.18,57.92,MEDIUM,55.04,4.14,35773.63,SELL NOW
2025-04-20 13:00:00,FPO_Karnal,Onion,21.12,60.41,1211,35.55,12,2500,1207.56,48.3,LOW,34.96,4.49,42338.98,SELL NOW
2025-04-20 14:00:00,FPO_Jaipur,Cabbage,19.01,71.85,241,24.11,4,1000,416.61,41.66,LOW,30.04,2.67,7240.11,STORE
2025-04-20 15:00:00,FPO_Karnal,Tomato,37.71,52.94,1938,29.37,8,2000,1303.24,65.16,LOW,41.13,1.51,79712.96,STORE
2025-04-20 16:00:00,FPO_Ahmedabad,Cabbage,20.88,53.6,293,23.07,1,1500,253.93,16.93,LOW,31.31,2.57,9174.34,STORE
2025-04-20 17:00:00,FPO_Nagpur,Tomato,37.87,33.29,685,34.46,4,2000,410.74,20.54,LOW,39.48,2.22,27046.3,STORE
2025-04-20 18:00:00,FPO_Nashik,Tomato,29.64,72.07,716,23.44,4,1500,637.82,42.52,LOW,22.21,3.67,15899.28,SELL NOW
2025-04-20 19:00:00,FPO_Indore,Onion,35.7,51.68,1787,32.5,2,500,500.0,100.0,LOW,37.0,2.52,66112.49,STORE
2025-04-20 20:00:00,FPO_Jaipur,Cabbage,29.12,54.26,1373,19.67,11,2000,1050.84,52.54,LOW,25.6,1.63,35150.96,STORE
2025-04-20 21:00:00,FPO_Nashik,Tomato,34.48,73.47,916,28.55,11,1000,947.76,94.78,HIGH,40.45,3.36,37056.11,SELL NOW
2025-04-20 22:00:00,FPO_Indore,Mango,22.49,51.76,698,51.97,3,1500,446.46,29.76,LOW,50.54,4.56,35278.23,SELL NOW
2025-04-20 23:00:00,FPO_Nagpur,Onion,24.32,70.71,570,31.13,3,2500,665.66,26.63,LOW,32.24,3.08,18376.41,SELL NOW
2025-04-21 00:00:00,FPO_Karnal,Cabbage,15.31,46.9,1180,34.87,9,2000,1275.7,63.78,LOW,47.92,2.82,56549.22,STORE
2025-04-21 01:00:00,FPO_Nagpur,Cabbage,33.83,64.68,898,22.21,7,500,500.0,100.0,MEDIUM,24.21,2.12,21743.81,SELL NOW
2025-04-21 02:00:00,FPO_Lucknow,Apple,30.52,55.86,684,98.79,2,2500,352.52,14.1,LOW,104.24,2.86,71300.78,SELL NOW
2025-04-21 03:00:00,FPO_Ahmedabad,Cabbage,21.96,61.01,864,29.33,9,500,500.0,100.0,LOW,27.04,2.66,23360.08,SELL NOW
2025-04-21 04:00:00,FPO_Lucknow,Onion,17.51,87.68,1606,30.22,8,1500,1500.0,100.0,MEDIUM,31.51,4.98,50607.03,SELL NOW
2025-04-21 05:00:00,FPO_Jaipur,Mango,29.69,40.41,827,66.11,6,2000,573.95,28.7,LOW,70.74,1.61,58498.56,SELL NOW
2025-04-21 06:00:00,FPO_Nashik,Cabbage,38.06,86.34,1884,26.97,6,500,500.0,100.0,HIGH,28.07,2.34,52875.21,SELL NOW
2025-04-21 07:00:00,FPO_Jaipur,Apple,27.17,51.22,931,104.38,12,2500,907.51,36.3,LOW,108.28,1.74,100812.8,SELL NOW
2025-04-21 08:00:00,FPO_Karnal,Onion,24.05,78.04,391,20.11,2,2500,205.65,8.23,LOW,24.39,4.5,9536.0,STORE
2025-04-21 09:00:00,FPO_Indore,Tomato,22.38,81.01,1968,28.46,13,1000,1000.0,100.0,HIGH,31.81,2.96,62611.2,SELL NOW
2025-04-21 10:00:00,FPO_Nagpur,Potato,35.5,71.46,1035,16.46,3,500,500.0,100.0,MEDIUM,15.71,4.29,16262.95,SELL NOW
2025-04-21 11:00:00,FPO_Lucknow,Potato,23.32,46.72,1444,20.03,6,2000,1099.37,54.97,LOW,27.17,3.92,39228.57,STORE
2025-04-21 12:00:00,FPO_Surat,Tomato,25.77,69.09,1270,30.16,14,2000,1213.88,60.69,MEDIUM,34.07,4.75,43264.84,STORE
2025-04-21 13:00:00,FPO_Lucknow,Cabbage,34.25,95.0,326,23.85,12,1000,628.08,62.81,HIGH,23.52,1.58,7668.72,SELL NOW
2025-04-21 14:00:00,FPO_Karnal,Potato,31.82,65.17,926,18.08,3,2500,699.14,27.97,LOW,17.05,2.23,15790.25,SELL NOW
2025-04-21 15:00:00,FPO_Lucknow,Potato,26.0,63.49,1230,28.27,11,500,500.0,100.0,MEDIUM,26.12,3.96,32126.11,SELL NOW
2025-04-21 16:00:00,FPO_Karnal,Tomato,23.81,62.04,895,33.04,11,2500,852.58,34.1,LOW,42.06,3.55,37644.19,STORE
2025-04-21 17:00:00,FPO_Surat,Cabbage,36.79,72.73,1339,18.14,7,500,500.0,100.0,HIGH,17.57,3.93,23531.7,SELL NOW
2025-04-21 18:00:00,FPO_Jaipur,Cabbage,21.3,63.69,763,28.81,14,500,500.0,100.0,MEDIUM,27.26,3.51,20801.36,SELL NOW
2025-04-21 19:00:00,FPO_Nagpur,Tomato,26.74,69.27,565,28.85,5,500,500.0,100.0,LOW,26.91,3.53,15201.79,SELL NOW
2025-04-21 20:00:00,FPO_Nashik,Cabbage,18.96,60.62,1269,26.18,4,2500,985.7,39.43,LOW,19.23,4.76,24407.44,SELL NOW
2025-04-21 21:00:00,FPO_Indore,Cabbage,35.13,49.46,592,32.78,8,2500,621.82,24.87,LOW,46.8,4.72,27703.52,STORE
2025-04-21 22:00:00,FPO_Nashik,Onion,25.15,95.0,1153,30.77,11,2500,1239.77,49.59,MEDIUM,34.22,1.63,39454.67,STORE
2025-04-21 23:00:00,FPO_Jaipur,Onion,23.8,63.55,222,33.57,11,1500,441.76,29.45,LOW,32.14,2.95,7135.72,SELL NOW
2025-04-22 00:00:00,FPO_Indore,Tomato,31.97,95.0,1354,29.07,2,2500,1112.23,44.49,MEDIUM,30.35,3.29,41093.86,SELL NOW
2025-04-22 01:00:00,FPO_Lucknow,Mango,19.45,71.37,1350,61.1,3,1000,1000.0,100.0,LOW,57.81,2.75,78049.55,SELL NOW
2025-04-22 02:00:00,FPO_Surat,Potato,31.81,74.0,644,17.37,10,1500,726.54,48.44,MEDIUM,21.3,1.67,13714.24,STORE
2025-04-22 03:00:00,FPO_Surat,Onion,25.84,60.36,976,42.27,12,500,500.0,100.0,MEDIUM,44.51,3.15,43444.09,SELL NOW
2025-04-22 04:00:00,FPO_Ahmedabad,Potato,20.77,56.11,1532,6.62,4,2000,1124.24,56.21,LOW,15.19,4.91,23271.21,STORE
2025-04-22 05:00:00,FPO_Jaipur,Apple,22.06,60.7,907,96.37,12,1500,795.07,53.0,LOW,95.88,1.75,86960.25,SELL NOW
2025-04-22 06:00:00,FPO_Jaipur,Tomato,23.89,52.52,632,25.56,10,1500,556.12,37.07,LOW,30.36,4.36,19189.73,STORE
2025-04-22 07:00:00,FPO_Nagpur,Mango,25.34,51.13,672,64.54,14,500,500.0,100.0,MEDIUM,67.63,2.18,45450.6,SELL NOW
2025-04-22 08:00:00,FPO_Nashik,Apple,20.81,91.77,247,92.95,6,2500,447.62,17.9,LOW,91.66,3.52,22640.22,SELL NOW
2025-04-22 09:00:00,FPO_Jaipur,Apple,29.77,77.0,1305,99.12,5,2500,1007.15,40.29,LOW,103.92,2.85,135616.05,SELL NOW
2025-04-22 10:00:00,FPO_Jaipur,Cabbage,20.65,87.47,1332,28.93,5,1500,1103.99,73.6,LOW,31.53,2.72,42002.14,SELL NOW
2025-04-22 11:00:00,FPO_Lucknow,Apple,15.0,81.87,462,93.91,7,2500,558.76,22.35,LOW,101.89,4.55,47072.44,SELL NOW
2025-04-22 12:00:00,FPO_Lucknow,Tomato,39.52,55.98,1254,27.32,8,1500,808.64,53.91,MEDIUM,32.33,4.91,40537.2,STORE
2025-04-22 13:00:00,FPO_Indore,Onion,29.19,41.9,557,29.16,6,2000,379.68,18.98,LOW,29.76,2.85,16577.95,SELL NOW
2025-04-22 14:00:00,FPO_Karnal,Tomato,40.06,58.1,767,25.01,14,2000,917.82,45.89,MEDIUM,32.45,3.74,24892.89,STORE
2025-04-22 15:00:00,FPO_Karnal,Onion,21.74,66.38,679,30.18,3,500,489.87,97.97,LOW,34.63,3.45,23514.29,STORE
2025-04-22 16:00:00,FPO_Ahmedabad,Apple,30.88,82.17,1066,97.87,4,1000,936.58,93.66,MEDIUM,98.27,1.77,104756.98,SELL NOW
2025-04-22 17:00:00,FPO_Karnal,Apple,33.37,64.18,1412,104.84,14,1000,1000.0,100.0,HIGH,112.57,1.64,158950.71,SELL NOW
2025-04-22 18:00:00,FPO_Nagpur,Mango,26.86,95.0,1228,62.65,1,2500,1021.8,40.87,LOW,69.98,4.21,85940.14,STORE
2025-04-22 19:00:00,FPO_Ahmedabad,Onion,19.33,58.51,1509,29.08,14,1000,1000.0,100.0,LOW,27.56,2.88,41585.77,SELL NOW
2025-04-22 20:00:00,FPO_Indore,Apple,26.41,73.87,1880,100.33,11,2000,1586.49,79.32,MEDIUM,99.69,2.58,187419.45,SELL NOW
2025-04-22 21:00:00,FPO_Lucknow,Cabbage,31.76,56.02,1617,23.05,14,500,500.0,100.0,MEDIUM,26.67,4.95,43133.11,STORE
2025-04-22 22:00:00,FPO_Karnal,Potato,31.53,71.09,1678,28.68,5,2000,1284.96,64.25,LOW,29.92,1.8,50198.08,SELL NOW
2025-04-22 23:00:00,FPO_Nashik,Mango,27.99,63.12,907,62.26,13,1500,1035.19,69.01,MEDIUM,63.65,2.44,57727.19,SELL NOW
2025-04-23 00:00:00,FPO_Lucknow,Tomato,33.38,61.27,625,27.3,12,2500,756.91,30.28,LOW,26.33,4.5,16454.92,SELL NOW
2025-04-23 01:00:00,FPO_Surat,Mango,33.1,55.72,1250,62.19,10,2500,1056.76,42.27,LOW,66.05,2.95,82567.4,SELL NOW
2025-04-23 02:00:00,FPO_Nagpur,Potato,24.86,67.21,326,31.44,8,1000,437.74,43.77,LOW,35.56,3.54,11591.04,STORE
2025-04-23 03:00:00,FPO_Lucknow,Onion,18.88,77.54,334,26.57,3,1500,513.4,34.23,LOW,22.41,1.67,7486.03,SELL NOW
2025-04-23 04:00:00,FPO_Nagpur,Tomato,29.14,50.37,1758,32.42,10,1000,1000.0,100.0,LOW,33.49,4.72,58877.94,SELL NOW
2025-04-23 05:00:00,FPO_Nagpur,Tomato,23.52,64.27,530,30.07,13,1000,861.57,86.16,MEDIUM,30.26,1.98,16035.61,SELL NOW
2025-04-23 06:00:00,FPO_Nagpur,Onion,28.86,72.4,1852,28.92,4,1000,1000.0,100.0,MEDIUM,33.3,2.25,61679.31,STORE
2025-04-23 07:00:00,FPO_Indore,Mango,36.07,75.24,591,56.35,13,1500,734.14,48.94,HIGH,62.21,2.05,36765.96,SELL NOW
2025-04-23 08:00:00,FPO_Nagpur,Apple,30.62,92.95,207,104.3,4,1000,547.92,54.79,MEDIUM,110.91,3.24,22959.0,SELL NOW
2025-04-23 09:00:00,FPO_Nagpur,Mango,35.78,73.68,812,61.45,6,2500,795.63,31.83,LOW,62.6,4.36,50833.44,SELL NOW
2025-04-23 10:00:00,FPO_Surat,Potato,21.93,59.0,1484,29.22,9,1000,1000.0,100.0,LOW,34.9,2.43,51784.45,STORE
2025-04-23 11:00:00,FPO_Nashik,Cabbage,34.52,56.48,1422,30.84,10,1500,1372.8,91.52,MEDIUM,26.34,2.0,37452.68,SELL NOW
2025-04-23 12:00:00,FPO_Ahmedabad,Apple,38.06,56.3,797,101.5,3,1500,580.2,38.68,LOW,111.16,2.93,88596.71,SELL NOW
2025-04-23 13:00:00,FPO_Jaipur,Mango,28.39,55.46,1963,56.39,4,2000,1245.95,62.3,LOW,55.92,4.94,109763.57,SELL NOW
2025-04-23 14:00:00,FPO_Surat,Cabbage,41.93,68.24,585,35.27,6,1000,547.7,54.77,MEDIUM,31.53,1.54,18447.92,SELL NOW
2025-04-23 15:00:00,FPO_Ahmedabad,Cabbage,22.86,71.31,671,21.9,6,1500,718.85,47.92,LOW,21.46,3.26,14398.95,SELL NOW
2025-04-23 16:00:00,FPO_Nagpur,Onion,24.17,77.37,378,34.15,7,1000,546.03,54.6,LOW,44.38,3.84,16777.5,STORE
2025-04-23 17:00:00,FPO_Nashik,Potato,31.9,74.97,649,13.14,1,500,500.0,100.0,LOW,19.32,4.32,12536.21,STORE
2025-04-23 18:00:00,FPO_Lucknow,Potato,28.33,83.69,1463,29.85,14,2500,1499.49,59.98,HIGH,41.81,4.11,61161.35,SELL NOW
2025-04-23 19:00:00,FPO_Nashik,Potato,23.54,54.97,1747,11.83,14,2500,1401.12,56.04,LOW,16.34,1.76,28538.34,STORE
2025-04-23 20:00:00,FPO_Surat,Apple,31.71,89.55,1014,98.43,9,1000,853.68,85.37,HIGH,108.22,3.12,109732.43,SELL NOW
2025-04-23 21:00:00,FPO_Nagpur,Tomato,30.13,55.56,1969,22.69,2,2500,1189.89,47.6,LOW,23.9,1.78,47055.72,SELL NOW
2025-04-23 22:00:00,FPO_Nashik,Apple,24.48,70.22,1406,106.98,14,2500,1618.26,64.73,MEDIUM,103.44,3.67,145438.62,SELL NOW
2025-04-23 23:00:00,FPO_Karnal,Mango,29.13,62.08,557,56.29,4,500,500.0,100.0,LOW,61.12,1.77,34043.12,SELL NOW
2025-04-24 00:00:00,FPO_Nashik,Cabbage,32.55,64.64,575,27.64,3,2500,466.35,18.65,LOW,31.02,1.67,17834.27,STORE
2025-04-24 01:00:00,FPO_Nagpur,Cabbage,24.35,75.08,901,26.33,3,2500,731.89,29.28,LOW,31.84,2.57,28684.68,STORE
2025-04-24 02:00:00,FPO_Indore,Tomato,31.1,43.42,1037,20.77,11,1500,848.35,56.56,LOW,27.94,4.79,28969.77,STORE
2025-04-24 03:00:00,FPO_Karnal,Mango,22.8,52.54,1950,65.14,5,2500,1272.37,50.89,LOW,70.16,3.98,136804.78,SELL NOW
2025-04-24 04:00:00,FPO_Nashik,Tomato,23.96,76.24,1993,27.92,7,1000,1000.0,100.0,MEDIUM,30.45,1.51,60677.6,SELL NOW
2025-04-24 05:00:00,FPO_Jaipur,Cabbage,34.67,64.97,737,32.54,13,2500,1017.94,40.72,MEDIUM,35.29,2.5,26010.92,SELL NOW
2025-04-24 06:00:00,FPO_Jaipur,Apple,31.68,61.15,981,103.07,12,1000,1000.0,100.0,MEDIUM,108.48,1.56,106414.56,SELL NOW
2025-04-24 07:00:00,FPO_Nashik,Potato,16.68,48.19,281,18.2,7,2500,389.69,15.59,LOW,13.88,2.53,3901.15,SELL NOW
2025-04-24 08:00:00,FPO_Indore,Cabbage,25.75,61.26,1581,23.99,14,1000,1000.0,100.0,MEDIUM,23.48,3.9,37128.69,SELL NOW
2025-04-24 09:00:00,FPO_Lucknow,Onion,30.94,75.21,384,28.85,14,2500,787.05,31.48,MEDIUM,42.35,4.16,16260.9,STORE
2025-04-24 10:00:00,FPO_Nagpur,Potato,28.83,56.55,487,25.89,7,1000,488.87,48.89,LOW,26.5,4.31,12907.7,SELL NOW
2025-04-24 11:00:00,FPO_Jaipur,Cabbage,31.71,85.46,1285,28.73,3,2500,927.23,37.09,LOW,35.11,4.68,45121.24,STORE
2025-04-24 12:00:00,FPO_Lucknow,Apple,28.7,81.15,1082,96.63,9,500,500.0,100.0,HIGH,97.66,2.78,105673.12,SELL NOW
2025-04-24 13:00:00,FPO_Nashik,Tomato,27.2,59.75,706,32.74,6,1500,564.18,37.61,LOW,34.71,4.52,24507.77,SELL NOW
2025-04-24 14:00:00,FPO_Surat,Potato,27.02,56.08,1685,24.03,11,1500,1420.3,94.69,MEDIUM,16.17,4.05,27253.22,SELL NOW
2025-04-24 15:00:00,FPO_Lucknow,Apple,34.55,30.0,229,103.35,12,1500,224.1,14.94,LOW,109.47,3.38,25067.62,SELL NOW
2025-04-24 16:00:00,FPO_Karnal,Mango,32.17,48.85,1135,62.59,11,1500,1073.87,71.59,LOW,62.9,4.84,71396.45,SELL NOW
2025-04-24 17:00:00,FPO_Ahmedabad,Onion,30.43,47.92,230,34.15,10,500,213.13,42.63,LOW,26.99,4.82,6207.13,SELL NOW
2025-04-24 18:00:00,FPO_Jaipur,Potato,28.53,43.54,1516,17.34,11,500,500.0,100.0,LOW,13.31,4.64,20184.6,SELL NOW
2025-04-24 19:00:00,FPO_Nashik,Tomato,24.71,64.46,1396,28.95,8,2500,1130.36,45.21,LOW,32.5,2.21,45364.64,STORE
2025-04-24 20:00:00,FPO_Surat,Mango,26.16,69.68,1837,65.04,14,500,500.0,100.0,HIGH,64.6,2.23,118671.16,SELL NOW
2025-04-24 21:00:00,FPO_Nagpur,Apple,34.39,92.22,1351,105.58,14,1500,1425.51,95.03,HIGH,104.52,4.65,141200.56,SELL NOW
2025-04-24 22:00:00,FPO_Surat,Onion,33.82,66.0,285,35.57,1,2000,118.87,5.94,LOW,36.41,2.89,10376.78,SELL NOW
2025-04-24 23:00:00,FPO_Indore,Tomato,24.11,34.5,1538,23.57,4,2500,976.48,39.06,LOW,10.9,4.29,16768.4,SELL NOW
2025-04-25 00:00:00,FPO_Karnal,Apple,28.6,53.78,227,110.39,7,1000,353.75,35.37,LOW,105.32,3.9,23906.97,SELL NOW
2025-04-25 01:00:00,FPO_Nashik,Apple,30.99,74.16,321,108.83,12,1500,823.03,54.87,MEDIUM,115.03,4.17,36923.51,SELL NOW
2025-04-25 02:00:00,FPO_Nagpur,Potato,30.6,63.78,1474,17.67,9,1500,1298.42,86.56,MEDIUM,23.25,1.59,34266.72,STORE
2025-04-25 03:00:00,FPO_Indore,Potato,30.55,77.85,772,20.5,12,1500,835.14,55.68,MEDIUM,26.3,3.0,20307.13,STORE
2025-04-25 04:00:00,FPO_Indore,Tomato,21.33,57.29,602,31.43,3,500,462.36,92.47,LOW,37.47,4.5,22554.01,STORE
2025-04-25 05:00:00,FPO_Nashik,Cabbage,20.97,82.28,882,21.39,12,1000,1000.0,100.0,MEDIUM,26.58,3.21,23443.87,STORE
2025-04-25 06:00:00,FPO_Karnal,Cabbage,35.02,68.69,1666,27.91,11,2500,1290.64,51.63,MEDIUM,38.1,3.92,63475.63,STORE
2025-04-25 07:00:00,FPO_Lucknow,Apple,37.05,69.07,471,101.06,12,1500,696.92,46.46,MEDIUM,107.07,4.15,50427.73,SELL NOW
2025-04-25 08:00:00,FPO_Lucknow,Potato,19.11,67.25,1036,28.44,6,1000,899.66,89.97,LOW,31.63,1.92,32765.6,STORE
2025-04-25 09:00:00,FPO_Indore,Onion,27.83,53.52,312,32.15,8,2000,452.48,22.62,LOW,42.85,2.05,13368.9,STORE
2025-04-25 10:00:00,FPO_Lucknow,Onion,32.88,64.14,1929,19.85,11,500,500.0,100.0,MEDIUM,25.52,4.04,49230.74,STORE
2025-04-25 11:00:00,FPO_Ahmedabad,Apple,15.0,69.41,1617,104.31,3,1500,1313.27,87.55,LOW,110.18,1.69,178164.98,SELL NOW
2025-04-25 12:00:00,FPO_Indore,Potato,21.56,43.99,218,28.15,6,1000,251.99,25.2,LOW,28.64,2.7,6243.99,SELL NOW
2025-04-25 13:00:00,FPO_Indore,Tomato,27.45,66.19,804,27.68,9,1000,716.08,71.61,LOW,30.84,4.71,24798.21,STORE
2025-04-25 14:00:00,FPO_Nagpur,Tomato,24.42,83.22,1952,28.74,9,1500,1500.0,100.0,MEDIUM,26.04,3.51,50825.29,SELL NOW
2025-04-25 15:00:00,FPO_Lucknow,Tomato,29.25,71.51,664,28.76,6,1000,530.1,53.01,LOW,24.18,4.69,16057.67,SELL NOW
2025-04-25 16:00:00,FPO_Karnal,Onion,36.82,85.51,890,27.07,5,1000,672.66,67.27,MEDIUM,21.48,2.58,19119.32,SELL NOW
2025-04-25 17:00:00,FPO_Indore,Potato,22.88,71.12,1210,34.35,1,2500,940.65,37.63,LOW,36.24,3.73,43854.83,SELL NOW
2025-04-25 18:00:00,FPO_Surat,Potato,28.3,51.54,1414,18.09,3,500,500.0,100.0,LOW,27.93,2.5,39493.12,STORE
2025-04-25 19:00:00,FPO_Karnal,Onion,25.93,76.86,1716,34.64,3,2500,1341.81,53.67,LOW,39.81,1.89,68319.52,STORE
2025-04-25 20:00:00,FPO_Ahmedabad,Tomato,28.82,47.88,1213,32.62,12,500,500.0,100.0,MEDIUM,39.95,4.97,48463.75,STORE
2025-04-25 21:00:00,FPO_Nagpur,Tomato,28.03,61.87,362,25.71,4,500,500.0,100.0,LOW,24.38,2.12,8825.92,SELL NOW
2025-04-25 22:00:00,FPO_Nashik,Apple,43.82,60.86,1835,95.32,5,2500,1149.65,45.99,MEDIUM,99.83,2.16,183187.66,SELL NOW
2025-04-25 23:00:00,FPO_Karnal,Cabbage,36.94,54.83,898,24.47,11,1500,879.05,58.6,MEDIUM,37.63,4.45,33793.82,STORE
2025-04-26 00:00:00,FPO_Indore,Mango,18.51,95.0,494,63.49,8,1000,862.87,86.29,MEDIUM,70.48,4.31,34817.39,STORE
2025-04-26 01:00:00,FPO_Ahmedabad,Cabbage,22.6,63.91,778,26.53,13,2000,1034.67,51.73,LOW,27.66,4.92,21522.29,SELL NOW
2025-04-26 02:00:00,FPO_Jaipur,Potato,23.33,92.15,1296,31.08,11,2500,1300.16,52.01,MEDIUM,25.61,1.75,33193.24,SELL NOW
2025-04-26 03:00:00,FPO_Ahmedabad,Potato,20.59,70.15,1967,19.06,9,2500,1590.5,63.62,LOW,15.5,1.83,30478.89,SELL NOW
2025-04-26 04:00:00,FPO_Ahmedabad,Potato,19.79,52.69,900,19.18,12,1500,810.37,54.02,LOW,25.47,3.07,22919.58,STORE
2025-04-26 05:00:00,FPO_Nagpur,Cabbage,26.93,58.86,1785,29.41,14,1000,1000.0,100.0,MEDIUM,33.51,3.57,59820.03,STORE
2025-04-26 06:00:00,FPO_Nashik,Mango,23.56,64.42,1532,51.66,14,2500,1398.33,55.93,LOW,63.64,1.63,97500.29,STORE
2025-04-26 07:00:00,FPO_Jaipur,Apple,22.66,59.87,501,97.18,7,2000,514.85,25.74,LOW,100.51,2.05,50354.44,SELL NOW
2025-04-26 08:00:00,FPO_Lucknow,Cabbage,40.12,60.89,1531,24.35,13,1000,1000.0,100.0,HIGH,19.92,3.96,30503.74,SELL NOW
2025-04-26 09:00:00,FPO_Lucknow,Mango,23.97,73.61,323,59.93,10,2500,432.86,17.31,LOW,61.79,3.84,19958.35,SELL NOW
2025-04-26 10:00:00,FPO_Karnal,Tomato,25.34,70.48,868,25.46,6,2500,683.63,27.35,LOW,28.67,1.81,24889.3,STORE
2025-04-26 11:00:00,FPO_Ahmedabad,Tomato,32.45,75.35,1484,18.88,3,500,500.0,100.0,MEDIUM,19.95,4.76,29611.67,SELL NOW
2025-04-26 12:00:00,FPO_Surat,Potato,25.32,87.9,394,29.07,9,500,500.0,100.0,HIGH,32.06,2.39,12630.65,SELL NOW
2025-04-26 13:00:00,FPO_Nagpur,Onion,21.01,57.93,1041,36.81,10,2500,1027.86,41.11,LOW,41.67,4.61,43382.88,STORE
2025-04-26 14:00:00,FPO_Surat,Potato,26.45,81.71,550,13.68,1,1500,285.84,19.06,LOW,6.55,4.73,3600.16,SELL NOW
2025-04-26 15:00:00,FPO_Nagpur,Onion,40.05,85.9,1991,33.37,9,500,500.0,100.0,HIGH,33.01,3.22,65728.97,SELL NOW
2025-04-26 16:00:00,FPO_Lucknow,Mango,25.11,84.41,688,59.32,3,2500,670.24,26.81,LOW,68.63,2.94,47220.74,STORE
2025-04-26 17:00:00,FPO_Karnal,Tomato,22.53,38.6,399,30.8,9,1000,633.41,63.34,LOW,41.86,2.47,16702.12,STORE
2025-04-26 18:00:00,FPO_Karnal,Cabbage,30.52,91.97,1083,26.4,13,2000,1315.19,65.76,HIGH,23.02,4.33,24931.49,SELL NOW
2025-04-26 19:00:00,FPO_Karnal,Onion,26.16,55.45,707,22.71,10,500,500.0,100.0,LOW,19.34,2.19,13673.56,SELL NOW
2025-04-26 20:00:00,FPO_Jaipur,Mango,44.43,37.39,1097,64.01,1,2500,328.58,13.14,LOW,70.83,3.68,77698.12,STORE
2025-04-26 21:00:00,FPO_Nashik,Tomato,23.28,91.6,1803,25.24,8,500,500.0,100.0,MEDIUM,38.37,3.48,69189.97,STORE
2025-04-26 22:00:00,FPO_Jaipur,Cabbage,38.4,72.7,645,12.02,6,1000,585.93,58.59,MEDIUM,16.12,2.37,10395.49,STORE
2025-04-26 23:00:00,FPO_Indore,Onion,34.98,73.32,279,31.0,14,1500,623.56,41.57,MEDIUM,34.54,4.94,9636.7,STORE
2025-04-27 00:00:00,FPO_Indore,Potato,25.71,60.02,944,14.18,9,2500,1069.24,42.77,LOW,13.64,4.46,12876.61,SELL NOW
2025-04-27 01:00:00,FPO_Surat,Potato,27.98,67.73,897,27.72,4,1000,832.18,83.22,LOW,35.79,1.57,32101.54,STORE
2025-04-27 02:00:00,FPO_Nashik,Potato,21.82,62.91,1840,20.54,12,2000,1632.79,81.64,LOW,22.03,2.98,40537.14,SELL NOW
2025-04-27 03:00:00,FPO_Lucknow,Mango,24.77,55.64,1692,60.39,5,2500,1318.13,52.73,LOW,71.24,2.76,120544.86,STORE
2025-04-27 04:00:00,FPO_Nashik,Potato,25.67,65.34,1665,24.6,6,2000,1136.29,56.81,LOW,29.4,4.59,48953.72,STORE
2025-04-27 05:00:00,FPO_Nagpur,Apple,28.95,66.7,1130,100.52,12,1500,1141.93,76.13,MEDIUM,104.82,2.43,118446.43,SELL NOW
2025-04-27 06:00:00,FPO_Indore,Tomato,19.52,45.18,853,25.04,9,2500,722.4,28.9,LOW,23.93,4.99,20415.36,SELL NOW
2025-04-27 07:00:00,FPO_Ahmedabad,Mango,29.87,65.83,1101,65.65,6,2500,866.3,34.65,LOW,64.71,2.2,71250.46,SELL NOW
2025-04-27 08:00:00,FPO_Ahmedabad,Cabbage,27.12,38.19,471,24.46,9,1000,450.84,45.08,LOW,24.37,2.35,11477.12,SELL NOW
2025-04-27 09:00:00,FPO_Lucknow,Potato,30.39,93.81,1566,16.38,2,500,500.0,100.0,MEDIUM,18.91,3.83,29620.69,STORE
2025-04-27 10:00:00,FPO_Nagpur,Tomato,31.28,63.46,323,29.77,14,2500,558.82,22.35,LOW,38.3,2.06,12370.91,STORE
2025-04-27 11:00:00,FPO_Surat,Onion,26.64,48.93,1446,29.6,4,1500,973.51,64.9,LOW,36.71,4.61,53078.12,STORE
2025-04-27 12:00:00,FPO_Jaipur,Potato,30.93,72.7,1713,21.89,3,2500,1131.93,45.28,LOW,22.54,1.88,38604.13,SELL NOW
2025-04-27 13:00:00,FPO_Nagpur,Tomato,27.48,53.8,885,28.63,4,2500,720.16,28.81,LOW,21.17,4.94,18734.13,SELL NOW
2025-04-27 14:00:00,FPO_Ahmedabad,Apple,32.46,64.56,1926,100.28,1,2500,1194.46,47.78,LOW,99.66,4.56,191936.44,SELL NOW
2025-04-27 15:00:00,FPO_Ahmedabad,Onion,29.9,71.83,851,37.29,2,2500,594.92,23.8,LOW,41.06,4.44,34938.2,STORE
2025-04-27 16:00:00,FPO_Surat,Apple,29.09,49.75,496,95.99,4,1500,408.07,27.2,LOW,100.15,2.93,49675.87,SELL NOW
2025-04-27 17:00:00,FPO_Indore,Cabbage,27.39,94.25,1342,14.6,10,1000,1000.0,100.0,HIGH,26.76,3.3,35913.41,SELL NOW
2025-04-27 18:00:00,FPO_Nagpur,Tomato,35.77,95.0,986,28.0,4,500,500.0,100.0,HIGH,38.16,3.1,37621.98,SELL NOW
2025-04-27 19:00:00,FPO_Nagpur,Apple,30.43,57.12,1299,104.16,5,1500,920.82,61.39,LOW,111.13,4.96,144358.43,SELL NOW
2025-04-27 20:00:00,FPO_Ahmedabad,Cabbage,20.07,48.15,820,17.18,9,1500,855.6,57.04,LOW,16.93,1.62,13884.04,SELL NOW
2025-04-27 21:00:00,FPO_Jaipur,Tomato,25.17,57.05,1854,29.82,1,2000,1121.81,56.09,LOW,34.23,2.84,63465.02,STORE
2025-04-27 22:00:00,FPO_Lucknow,Tomato,26.63,57.85,1172,20.97,8,500,500.0,100.0,LOW,26.53,4.89,31096.41,STORE
2025-04-27 23:00:00,FPO_Karnal,Apple,27.99,81.66,1080,104.22,3,1000,710.7,71.07,LOW,113.81,2.79,122912.57,SELL NOW
2025-04-28 00:00:00,FPO_Lucknow,Tomato,29.06,57.31,1481,28.05,9,1000,1000.0,100.0,MEDIUM,26.11,2.89,38666.77,SELL NOW
2025-04-28 01:00:00,FPO_Nagpur,Potato,22.33,47.58,1755,17.6,11,2000,1460.41,73.02,LOW,25.06,3.71,43973.91,STORE
2025-04-28 02:00:00,FPO_Lucknow,Tomato,27.59,66.52,1854,19.98,8,2000,1448.8,72.44,LOW,25.96,4.68,48130.88,STORE
2025-04-28 03:00:00,FPO_Ahmedabad,Mango,26.12,42.64,550,70.91,8,1500,378.47,25.23,LOW,71.36,2.53,39248.64,SELL NOW
2025-04-28 04:00:00,FPO_Ahmedabad,Cabbage,34.51,81.02,1872,36.53,9,1000,1000.0,100.0,HIGH,46.04,4.82,86195.9,SELL NOW
2025-04-28 05:00:00,FPO_Surat,Tomato,22.03,74.0,1500,22.6,4,1000,1000.0,100.0,LOW,16.12,2.49,24182.6,SELL NOW
2025-04-28 06:00:00,FPO_Nagpur,Mango,27.9,56.0,454,54.49,12,1000,686.28,68.63,LOW,68.35,4.35,31031.69,STORE
2025-04-28 07:00:00,FPO_Surat,Tomato,23.89,57.64,1487,28.4,5,1500,1267.58,84.51,LOW,37.98,2.47,56472.55,STORE
2025-04-28 08:00:00,FPO_Nagpur,Tomato,39.18,68.73,878,26.07,12,1000,807.5,80.75,HIGH,28.1,1.76,24673.17,SELL NOW
2025-04-28 09:00:00,FPO_Karnal,Apple,35.54,48.45,1900,98.37,7,2500,1389.82,55.59,LOW,99.25,4.34,188583.85,SELL NOW
2025-04-28 10:00:00,FPO_Karnal,Potato,18.15,53.18,228,23.42,2,2000,266.03,13.3,LOW,26.25,3.08,5984.23,STORE
2025-04-28 11:00:00,FPO_Indore,Cabbage,23.22,61.62,666,34.59,7,2000,722.5,36.13,LOW,33.83,2.87,22530.34,SELL NOW
2025-04-28 12:00:00,FPO_Nagpur,Potato,33.23,45.22,1258,28.81,12,2000,1076.51,53.83,LOW,30.68,3.0,38594.39,SELL NOW
2025-04-28 13:00:00,FPO_Jaipur,Onion,30.74,58.18,948,28.4,3,2000,726.16,36.31,LOW,35.5,3.64,33657.44,STORE
2025-04-28 14:00:00,FPO_Lucknow,Apple,30.56,48.9,1517,103.61,6,2500,1025.38,41.02,LOW,103.07,2.42,156356.34,SELL NOW
2025-04-28 15:00:00,FPO_Nagpur,Apple,29.15,86.39,801,90.76,13,500,500.0,100.0,HIGH,98.47,2.33,78871.22,SELL NOW
2025-04-28 16:00:00,FPO_Nashik,Potato,33.71,58.95,1426,22.68,6,1000,1000.0,100.0,MEDIUM,24.44,3.19,34857.79,SELL NOW
2025-04-28 17:00:00,FPO_Indore,Apple,32.69,50.8,939,98.82,6,2000,688.31,34.42,LOW,107.28,1.62,100738.6,SELL NOW
2025-04-28 18:00:00,FPO_Nashik,Potato,26.26,75.12,1130,26.82,10,1000,1000.0,100.0,MEDIUM,36.63,3.75,41393.41,STORE
2025-04-28 19:00:00,FPO_Ahmedabad,Apple,20.8,55.57,1291,103.11,2,1000,935.46,93.55,LOW,101.11,4.38,130538.05,SELL NOW
2025-04-28 20:00:00,FPO_Karnal,Tomato,17.86,48.46,330,29.54,9,2500,558.9,22.36,LOW,21.99,4.05,7258.32,SELL NOW
2025-04-28 21:00:00,FPO_Lucknow,Potato,27.38,78.31,310,24.3,8,1000,629.59,62.96,MEDIUM,28.13,3.14,8719.84,STORE
2025-04-28 22:00:00,FPO_Nagpur,Potato,16.96,60.15,723,19.83,7,2000,738.93,36.95,LOW,24.11,3.48,17434.94,STORE
2025-04-28 23:00:00,FPO_Nashik,Mango,29.51,77.62,1511,64.84,11,1000,1000.0,100.0,HIGH,61.72,1.59,93262.47,SELL NOW
2025-04-29 00:00:00,FPO_Lucknow,Apple,26.15,64.77,886,102.3,14,2500,944.56,37.78,LOW,113.64,4.69,100685.24,STORE
2025-04-29 01:00:00,FPO_Ahmedabad,Apple,39.66,66.94,1030,99.19,12,2000,960.18,48.01,MEDIUM,100.38,3.45,103389.49,SELL NOW
2025-04-29 02:00:00,FPO_Karnal,Potato,30.06,73.45,865,22.49,12,2500,955.42,38.22,MEDIUM,28.69,2.61,24818.33,STORE
2025-04-29 03:00:00,FPO_Jaipur,Tomato,27.82,55.48,1266,32.22,9,1500,950.91,63.39,LOW,31.56,2.53,39950.42,SELL NOW
2025-04-29 04:00:00,FPO_Indore,Tomato,18.3,52.85,1074,32.69,4,500,500.0,100.0,LOW,28.23,3.81,30317.4,SELL NOW
2025-04-29 05:00:00,FPO_Lucknow,Cabbage,20.43,83.03,1940,23.29,2,1000,1000.0,100.0,LOW,32.13,3.55,62326.96,STORE
2025-04-29 06:00:00,FPO_Lucknow,Tomato,32.09,73.68,1907,23.53,4,1000,1000.0,100.0,MEDIUM,21.9,2.16,41766.47,SELL NOW
2025-04-29 07:00:00,FPO_Jaipur,Apple,26.12,63.99,1517,97.72,14,1000,1000.0,100.0,MEDIUM,104.65,2.93,158754.77,SELL NOW
2025-04-29 08:00:00,FPO_Lucknow,Mango,43.21,76.94,484,57.98,12,1500,491.96,32.8,HIGH,56.84,3.87,27511.37,SELL NOW
2025-04-29 09:00:00,FPO_Ahmedabad,Potato,27.5,73.1,1022,22.62,10,500,500.0,100.0,MEDIUM,24.52,2.54,25055.9,SELL NOW
2025-04-29 10:00:00,FPO_Ahmedabad,Onion,29.01,79.15,763,35.99,11,2500,840.04,33.6,MEDIUM,38.19,3.28,29140.29,SELL NOW
2025-04-29 11:00:00,FPO_Jaipur,Mango,20.1,47.86,1850,57.65,14,1500,1500.0,100.0,LOW,60.52,2.39,111955.94,SELL NOW
2025-04-29 12:00:00,FPO_Indore,Onion,33.68,64.04,218,31.94,3,1500,218.36,14.56,LOW,31.73,1.75,6916.62,SELL NOW
2025-04-29 13:00:00,FPO_Nagpur,Mango,22.45,81.95,1730,59.08,2,2000,1345.88,67.29,LOW,65.68,2.86,113622.34,STORE
2025-04-29 14:00:00,FPO_Nashik,Tomato,31.15,90.16,746,28.1,2,1500,528.99,35.27,LOW,35.81,4.06,26713.54,STORE
2025-04-29 15:00:00,FPO_Nagpur,Apple,32.87,56.96,247,101.51,14,1500,554.03,36.94,MEDIUM,110.62,2.25,27323.58,SELL NOW
2025-04-29 16:00:00,FPO_Lucknow,Onion,28.57,67.39,1968,36.01,8,1000,1000.0,100.0,MEDIUM,36.78,4.14,72373.58,SELL NOW
2025-04-29 17:00:00,FPO_Nashik,Mango,38.54,65.29,418,61.24,13,2000,521.17,26.06,MEDIUM,58.64,3.84,24512.5,SELL NOW
2025-04-29 18:00:00,FPO_Surat,Apple,24.34,46.34,1845,87.09,5,2500,1038.72,41.55,LOW,91.16,3.28,168192.42,SELL NOW
2025-04-29 19:00:00,FPO_Jaipur,Onion,38.05,60.69,965,29.0,12,500,500.0,100.0,HIGH,33.86,4.9,32672.11,SELL NOW
2025-04-29 20:00:00,FPO_Jaipur,Potato,20.37,41.32,1411,29.85,14,2500,1459.62,58.38,LOW,34.73,4.59,48999.91,STORE
2025-04-29 21:00:00,FPO_Indore,Mango,32.79,62.49,230,65.71,6,2000,125.18,6.26,LOW,76.38,3.47,17566.98,STORE
2025-04-29 22:00:00,FPO_Nashik,Potato,27.15,49.43,458,25.95,8,1000,506.8,50.68,LOW,29.51,3.45,13514.22,STORE
2025-04-29 23:00:00,FPO_Ahmedabad,Tomato,23.75,67.55,1898,33.9,7,500,500.0,100.0,LOW,47.39,2.47,89944.79,STORE
2025-04-30 00:00:00,FPO_Nashik,Potato,18.03,60.35,1567,26.12,7,2500,1313.21,52.53,LOW,33.52,4.72,52522.58,STORE
2025-04-30 01:00:00,FPO_Lucknow,Potato,26.44,60.11,507,27.8,12,500,500.0,100.0,MEDIUM,35.35,4.64,17923.4,STORE
2025-04-30 02:00:00,FPO_Ahmedabad,Cabbage,26.06,88.3,1294,19.41,13,500,500.0,100.0,HIGH,22.85,4.1,29568.17,SELL NOW
2025-04-30 03:00:00,FPO_Karnal,Mango,29.04,66.06,506,59.7,7,500,500.0,100.0,MEDIUM,61.14,1.95,30938.39,SELL NOW
2025-04-30 04:00:00,FPO_Karnal,Tomato,32.35,93.17,767,28.74,12,1500,925.96,61.73,HIGH,28.69,3.96,22002.18,SELL NOW
2025-04-30 05:00:00,FPO_Surat,Potato,23.15,71.7,1322,22.27,11,2000,1424.64,71.23,LOW,26.19,2.39,34617.66,STORE
2025-04-30 06:00:00,FPO_Karnal,Apple,38.55,77.23,220,97.11,11,2000,510.16,25.51,MEDIUM,104.49,2.16,22988.85,SELL NOW
2025-04-30 07:00:00,FPO_Jaipur,Onion,24.77,51.96,1843,30.73,7,1000,1000.0,100.0,LOW,32.75,4.16,60353.23,SELL NOW
2025-04-30 08:00:00,FPO_Nashik,Potato,31.61,54.59,1788,13.5,8,2500,1425.02,57.0,LOW,14.65,4.86,26186.49,SELL NOW
2025-04-30 09:00:00,FPO_Karnal,Tomato,28.54,65.26,1229,30.27,1,1000,972.14,97.21,LOW,28.11,1.88,34547.65,SELL NOW
2025-04-30 10:00:00,FPO_Nagpur,Potato,26.81,83.2,430,18.63,13,2500,762.4,30.5,MEDIUM,24.19,2.07,10402.24,STORE
2025-04-30 11:00:00,FPO_Indore,Onion,28.24,59.56,281,19.12,3,500,280.68,56.14,LOW,16.78,2.27,4714.54,SELL NOW
2025-04-30 12:00:00,FPO_Nagpur,Tomato,22.36,43.53,1157,28.08,1,2500,821.31,32.85,LOW,33.07,4.87,38264.79,STORE
2025-04-30 13:00:00,FPO_Karnal,Mango,25.67,70.97,416,67.74,8,2500,541.23,21.65,LOW,72.16,3.94,30017.25,SELL NOW
2025-04-30 14:00:00,FPO_Surat,Tomato,19.96,65.96,534,18.5,2,500,243.77,48.75,LOW,20.8,3.87,11107.79,STORE
2025-04-30 15:00:00,FPO_Indore,Mango,24.7,56.73,758,58.78,7,1000,765.86,76.59,LOW,67.81,3.27,51400.85,STORE
2025-04-30 16:00:00,FPO_Lucknow,Tomato,25.2,59.4,1063,19.89,6,2500,957.54,38.3,LOW,30.84,3.38,32782.65,STORE
2025-04-30 17:00:00,FPO_Nagpur,Onion,33.07,51.93,1073,31.29,11,1000,1000.0,100.0,MEDIUM,23.75,2.52,25486.83,SELL NOW
2025-04-30 18:00:00,FPO_Surat,Onion,26.01,78.86,952,34.36,1,1000,572.28,57.23,LOW,29.92,2.04,28483.82,SELL NOW
2025-04-30 19:00:00,FPO_Nashik,Tomato,25.31,65.35,1913,23.95,12,2000,1551.6,77.58,MEDIUM,29.88,4.23,57154.97,STORE
2025-04-30 20:00:00,FPO_Nashik,Potato,29.32,68.61,793,19.88,6,500,500.0,100.0,MEDIUM,31.35,3.15,24858.9,STORE
2025-04-30 21:00:00,FPO_Nagpur,Onion,29.09,56.05,903,29.26,9,500,500.0,100.0,MEDIUM,25.45,2.4,22979.69,SELL NOW
2025-04-30 22:00:00,FPO_Karnal,Mango,24.45,85.04,1124,66.2,3,1500,948.94,63.26,LOW,71.3,3.71,80146.28,SELL NOW
2025-04-30 23:00:00,FPO_Surat,Mango,30.37,68.31,1878,53.01,12,1000,1000.0,100.0,HIGH,47.28,2.23,88795.06,SELL NOW
2025-05-01 00:00:00,FPO_Nashik,Apple,26.93,32.88,752,97.73,7,1500,711.95,47.46,LOW,91.47,3.21,68782.27,SELL NOW
2025-05-01 01:00:00,FPO_Lucknow,Cabbage,24.44,71.9,1682,32.85,4,500,500.0,100.0,LOW,46.2,2.17,77702.29,STORE
2025-05-01 02:00:00,FPO_Ahmedabad,Cabbage,25.03,61.04,982,21.36,1,500,500.0,100.0,LOW,26.31,4.16,25833.75,STORE
2025-05-01 03:00:00,FPO_Karnal,Cabbage,33.7,62.54,286,23.03,7,1500,317.92,21.19,LOW,18.34,2.62,5245.01,SELL NOW
2025-05-01 04:00:00,FPO_Surat,Mango,25.21,79.91,1738,60.9,1,500,500.0,100.0,LOW,62.82,3.05,109183.2,SELL NOW
2025-05-01 05:00:00,FPO_Lucknow,Apple,29.57,66.33,1946,111.64,11,500,500.0,100.0,MEDIUM,110.73,4.14,215483.33,SELL NOW
2025-05-01 06:00:00,FPO_Surat,Cabbage,20.31,90.69,712,19.41,4,2000,653.12,32.66,LOW,20.28,3.81,14437.84,SELL NOW
2025-05-01 07:00:00,FPO_Indore,Cabbage,34.69,66.58,1183,28.78,13,2500,1217.93,48.72,MEDIUM,30.21,2.9,35738.56,SELL NOW
2025-05-01 08:00:00,FPO_Lucknow,Tomato,24.5,58.0,1208,22.06,9,2000,1090.35,54.52,LOW,26.12,1.75,31549.07,STORE
2025-05-01 09:00:00,FPO_Karnal,Tomato,30.4,37.8,786,22.96,5,2500,668.96,26.76,LOW,28.21,4.73,22172.19,STORE
2025-05-01 10:00:00,FPO_Indore,Tomato,26.49,54.23,1701,25.43,7,2000,1296.29,64.81,LOW,25.0,1.53,42528.16,SELL NOW
2025-05-01 11:00:00,FPO_Karnal,Potato,30.33,60.17,697,24.32,13,2000,852.76,42.64,LOW,23.64,4.07,16476.14,SELL NOW
2025-05-01 12:00:00,FPO_Nashik,Cabbage,30.66,86.99,1106,22.25,7,1000,997.59,99.76,HIGH,27.27,4.81,30164.0,SELL NOW
2025-05-01 13:00:00,FPO_Ahmedabad,Potato,27.13,58.09,1155,22.66,12,1500,1169.73,77.98,LOW,22.41,2.57,25884.18,SELL NOW
2025-05-01 14:00:00,FPO_Karnal,Apple,16.8,89.63,942,96.41,3,2000,728.23,36.41,LOW,96.12,1.76,90545.58,SELL NOW
2025-05-01 15:00:00,FPO_Karnal,Mango,34.55,47.78,648,60.41,13,1000,930.72,93.07,MEDIUM,63.94,2.37,41430.27,SELL NOW
2025-05-01 16:00:00,FPO_Nashik,Cabbage,27.16,53.41,787,18.51,11,2000,832.44,41.62,LOW,21.66,2.6,17049.8,STORE
2025-05-01 17:00:00,FPO_Jaipur,Mango,30.21,81.9,459,53.64,8,1500,639.91,42.66,MEDIUM,54.41,3.08,24976.38,SELL NOW
2025-05-01 18:00:00,FPO_Nashik,Tomato,32.15,56.07,1760,25.43,1,1000,1000.0,100.0,LOW,33.69,3.34,59301.19,STORE
2025-05-01 19:00:00,FPO_Indore,Cabbage,25.26,81.49,1423,28.06,4,2500,1106.58,44.26,LOW,33.52,4.04,47705.74,STORE
2025-05-01 20:00:00,FPO_Nashik,Onion,31.1,52.61,662,30.97,10,1500,589.69,39.31,LOW,44.06,4.65,29167.35,STORE
2025-05-01 21:00:00,FPO_Nashik,Potato,23.51,54.11,293,18.13,4,500,201.88,40.38,LOW,19.89,3.13,5826.66,SELL NOW
2025-05-01 22:00:00,FPO_Ahmedabad,Potato,30.33,74.63,1220,16.34,2,1000,799.31,79.93,LOW,22.87,4.11,27899.76,STORE
2025-05-01 23:00:00,FPO_Nashik,Cabbage,28.12,52.82,1575,30.17,6,500,500.0,100.0,LOW,40.46,1.95,63720.67,STORE
2025-05-02 00:00:00,FPO_Surat,Tomato,25.47,60.88,1331,34.82,1,1000,922.87,92.29,LOW,33.35,2.65,44390.12,SELL NOW
2025-05-02 01:00:00,FPO_Karnal,Potato,28.28,70.92,554,24.54,3,2500,564.6,22.58,LOW,25.75,1.91,14263.25,SELL NOW
2025-05-02 02:00:00,FPO_Surat,Tomato,21.67,61.21,668,29.78,9,1000,605.82,60.58,LOW,38.91,3.92,25991.21,STORE
2025-05-02 03:00:00,FPO_Ahmedabad,Apple,29.85,56.56,294,89.31,12,2000,564.12,28.21,LOW,95.68,4.68,28129.22,SELL NOW
2025-05-02 04:00:00,FPO_Nagpur,Mango,30.48,46.89,1067,62.97,10,500,500.0,100.0,LOW,65.85,4.61,70266.08,SELL NOW
2025-05-02 05:00:00,FPO_Jaipur,Onion,30.07,86.74,290,37.94,6,500,475.94,95.19,MEDIUM,34.03,2.64,9869.87,SELL NOW
2025-05-02 06:00:00,FPO_Surat,Mango,37.01,89.54,1267,65.36,2,1000,624.38,62.44,MEDIUM,61.87,2.32,78391.03,SELL NOW
2025-05-02 07:00:00,FPO_Ahmedabad,Mango,27.43,69.94,1679,65.09,12,2000,1464.53,73.23,MEDIUM,65.82,2.46,110519.15,SELL NOW
2025-05-02 08:00:00,FPO_Indore,Apple,27.84,61.52,1154,91.72,12,2000,1213.28,60.66,LOW,90.71,2.51,104678.56,SELL NOW
2025-05-02 09:00:00,FPO_Nagpur,Potato,20.98,62.34,583,18.48,9,1000,631.9,63.19,LOW,17.58,1.79,10249.88,SELL NOW
2025-05-02 10:00:00,FPO_Ahmedabad,Onion,37.43,77.48,222,29.28,13,1500,413.64,27.58,MEDIUM,23.11,1.97,5130.7,SELL NOW
2025-05-02 11:00:00,FPO_Ahmedabad,Potato,19.01,80.48,1925,18.44,2,2500,1466.98,58.68,LOW,14.66,2.25,28218.77,SELL NOW
2025-05-02 12:00:00,FPO_Jaipur,Cabbage,29.37,56.9,222,19.2,12,1000,529.94,52.99,LOW,17.8,1.53,3950.53,SELL NOW
2025-05-02 13:00:00,FPO_Karnal,Mango,24.31,81.12,1457,62.1,7,2000,1263.97,63.2,LOW,65.68,1.67,95699.14,SELL NOW
2025-05-02 14:00:00,FPO_Surat,Cabbage,28.37,74.23,1921,29.98,1,2500,1214.71,48.59,LOW,31.26,3.94,60057.34,SELL NOW
2025-05-02 15:00:00,FPO_Indore,Tomato,20.15,80.86,510,21.02,5,1000,456.4,45.64,LOW,24.31,3.67,12398.25,STORE
2025-05-02 16:00:00,FPO_Lucknow,Mango,33.35,40.97,1640,65.19,7,2500,1262.06,50.48,LOW,68.26,4.81,111953.81,SELL NOW
2025-05-02 17:00:00,FPO_Surat,Potato,22.27,58.71,1556,23.12,3,1500,1448.12,96.54,LOW,17.61,2.91,27406.36,SELL NOW
2025-05-02 18:00:00,FPO_Lucknow,Mango,35.0,62.41,774,68.12,4,2000,388.32,19.42,LOW,76.43,3.06,59159.76,STORE
2025-05-02 19:00:00,FPO_Ahmedabad,Tomato,22.43,57.97,302,31.97,5,1500,467.75,31.18,LOW,38.64,1.74,11669.09,STORE
2025-05-02 20:00:00,FPO_Nashik,Apple,33.85,93.76,699,100.65,3,1500,552.7,36.85,MEDIUM,103.86,2.03,72600.33,SELL NOW
2025-05-02 21:00:00,FPO_Indore,Cabbage,23.01,58.85,1027,25.69,6,2000,901.71,45.09,LOW,26.04,3.92,26744.6,SELL NOW
2025-05-02 22:00:00,FPO_Nagpur,Cabbage,24.31,72.03,1706,25.01,3,1500,1229.51,81.97,LOW,34.81,2.32,59388.17,STORE
2025-05-02 23:00:00,FPO_Nashik,Potato,27.99,67.29,388,31.09,8,1000,729.69,72.97,LOW,29.01,4.21,11257.41,SELL NOW
2025-05-03 00:00:00,FPO_Nashik,Mango,22.91,60.65,659,63.06,7,1000,591.79,59.18,LOW,70.96,3.97,46759.9,STORE
2025-05-03 01:00:00,FPO_Surat,Potato,22.74,54.37,388,20.16,1,2500,208.28,8.33,LOW,18.82,4.12,7300.98,SELL NOW
2025-05-03 02:00:00,FPO_Indore,Apple,22.98,95.0,550,102.85,2,1000,536.26,53.63,LOW,112.43,3.92,61835.49,SELL NOW
2025-05-03 03:00:00,FPO_Karnal,Mango,29.91,61.67,780,62.33,4,1000,649.46,64.95,LOW,67.65,3.98,52769.66,SELL NOW
2025-05-03 04:00:00,FPO_Ahmedabad,Mango,28.0,78.13,313,57.89,5,2500,522.36,20.89,LOW,65.36,3.41,20458.16,STORE
2025-05-03 05:00:00,FPO_Ahmedabad,Potato,28.32,64.86,303,17.9,14,500,500.0,100.0,HIGH,21.96,3.87,6653.77,SELL NOW
2025-05-03 06:00:00,FPO_Ahmedabad,Potato,26.05,58.12,819,27.91,14,2000,1010.84,50.54,LOW,33.14,3.34,27145.41,STORE
2025-05-03 07:00:00,FPO_Ahmedabad,Tomato,31.29,66.62,1731,26.69,11,1000,1000.0,100.0,MEDIUM,29.84,2.22,51660.16,STORE
2025-05-03 08:00:00,FPO_Surat,Apple,34.3,69.62,1568,98.41,14,2500,1494.91,59.8,HIGH,96.32,2.26,151037.0,SELL NOW
2025-05-03 09:00:00,FPO_Lucknow,Tomato,31.45,57.96,1244,30.91,10,1500,1009.48,67.3,LOW,39.38,2.92,48988.51,STORE
2025-05-03 10:00:00,FPO_Ahmedabad,Cabbage,26.75,53.53,586,22.41,11,1500,732.73,48.85,LOW,24.08,1.55,14111.72,SELL NOW
2025-05-03 11:00:00,FPO_Lucknow,Mango,20.68,72.14,1143,61.14,4,1000,912.18,91.22,LOW,64.63,4.61,73873.18,SELL NOW
2025-05-03 12:00:00,FPO_Lucknow,Potato,16.14,66.75,1054,20.1,4,2000,797.98,39.9,LOW,15.17,2.44,15984.61,SELL NOW
2025-05-03 13:00:00,FPO_Karnal,Mango,27.61,55.22,1432,47.1,14,2500,1521.44,60.86,LOW,49.22,1.68,70478.04,SELL NOW
2025-05-03 14:00:00,FPO_Ahmedabad,Mango,16.04,50.92,1905,61.93,9,2500,1479.73,59.19,LOW,66.92,2.99,127477.57,SELL NOW
2025-05-03 15:00:00,FPO_Jaipur,Onion,26.8,70.24,682,31.31,4,2500,540.19,21.61,LOW,42.94,4.35,29283.95,STORE
2025-05-03 16:00:00,FPO_Nagpur,Cabbage,36.42,36.23,672,26.77,4,2500,235.67,9.43,LOW,29.44,2.89,19786.88,SELL NOW
2025-05-03 17:00:00,FPO_Nashik,Onion,21.08,61.09,1929,19.62,4,2500,1391.69,55.67,LOW,20.91,2.42,40334.77,SELL NOW
2025-05-03 18:00:00,FPO_Lucknow,Mango,20.28,67.03,1058,53.25,2,2000,839.87,41.99,LOW,52.95,3.41,56022.92,SELL NOW
2025-05-03 19:00:00,FPO_Indore,Potato,31.82,91.07,1141,27.81,13,2500,1124.6,44.98,HIGH,27.64,3.51,31538.75,SELL NOW
2025-05-03 20:00:00,FPO_Indore,Mango,15.0,65.16,592,60.37,8,2000,558.37,27.92,LOW,72.3,4.16,42800.45,STORE
2025-05-03 21:00:00,FPO_Nagpur,Cabbage,30.29,60.48,1858,15.53,13,2000,1564.32,78.22,MEDIUM,13.21,4.3,24542.12,SELL NOW
2025-05-03 22:00:00,FPO_Indore,Onion,36.81,69.27,1912,30.42,14,2000,1630.45,81.52,HIGH,31.35,3.97,59943.29,SELL NOW
2025-05-03 23:00:00,FPO_Jaipur,Potato,22.77,54.25,715,14.15,4,1500,561.87,37.46,LOW,24.27,1.52,17351.91,STORE
2025-05-04 00:00:00,FPO_Indore,Mango,21.73,61.72,1411,57.13,5,500,500.0,100.0,LOW,65.9,1.51,92980.51,STORE
2025-05-04 01:00:00,FPO_Nashik,Apple,31.54,65.44,545,101.27,8,1000,611.74,61.17,LOW,115.85,4.92,63137.33,STORE
2025-05-04 02:00:00,FPO_Nashik,Cabbage,20.98,74.44,1575,26.28,14,1500,1500.0,100.0,MEDIUM,34.64,2.42,54557.21,STORE
2025-05-04 03:00:00,FPO_Lucknow,Cabbage,32.86,54.9,740,30.03,4,500,500.0,100.0,LOW,34.26,2.49,25351.8,STORE
2025-05-04 04:00:00,FPO_Ahmedabad,Apple,21.46,64.91,1821,102.33,5,1500,1414.04,94.27,LOW,108.43,4.06,197442.23,SELL NOW
2025-05-04 05:00:00,FPO_Karnal,Mango,38.61,38.13,246,62.64,5,2000,96.1,5.0,LOW,60.58,3.54,14903.45,SELL NOW
2025-05-04 06:00:00,FPO_Jaipur,Cabbage,31.97,72.75,1300,23.09,6,2000,923.9,46.2,LOW,25.59,3.12,33268.36,STORE
2025-05-04 07:00:00,FPO_Lucknow,Potato,28.23,61.54,542,17.75,7,2500,803.24,32.13,LOW,15.92,1.91,8629.21,SELL NOW
2025-05-04 08:00:00,FPO_Jaipur,Mango,38.26,93.26,1414,60.24,3,2000,983.16,49.16,MEDIUM,70.39,1.79,99537.79,STORE
2025-05-04 09:00:00,FPO_Ahmedabad,Mango,34.19,70.27,742,65.1,14,1500,911.76,60.78,HIGH,60.76,3.96,45081.92,SELL NOW
2025-05-04 10:00:00,FPO_Surat,Onion,30.21,52.0,1018,34.13,10,1000,930.52,93.05,LOW,35.9,1.94,36547.47,SELL NOW
2025-05-04 11:00:00,FPO_Indore,Cabbage,16.82,48.59,1904,23.99,11,2000,1558.12,77.91,LOW,21.75,3.03,41402.82,SELL NOW
2025-05-04 12:00:00,FPO_Indore,Cabbage,23.79,74.93,1259,24.7,3,500,500.0,100.0,LOW,32.75,4.08,41225.99,STORE
2025-05-04 13:00:00,FPO_Karnal,Apple,34.51,91.95,956,95.49,13,1500,948.24,63.22,HIGH,99.34,4.73,94967.02,SELL NOW
2025-05-04 14:00:00,FPO_Ahmedabad,Onion,20.2,87.35,1647,35.75,9,500,500.0,100.0,MEDIUM,38.6,4.56,63580.37,SELL NOW
2025-05-04 15:00:00,FPO_Lucknow,Onion,23.41,46.81,550,38.08,1,2500,320.07,12.8,LOW,35.17,4.52,19342.6,SELL NOW
2025-05-04 16:00:00,FPO_Karnal,Cabbage,21.87,68.05,387,27.2,10,2500,743.58,29.74,LOW,37.33,2.75,14445.6,STORE
2025-05-04 17:00:00,FPO_Ahmedabad,Mango,30.41,81.91,1750,51.82,12,1000,1000.0,100.0,HIGH,50.18,4.75,87809.28,SELL NOW
2025-05-04 18:00:00,FPO_Nagpur,Onion,33.78,44.88,533,33.37,13,1500,705.22,47.01,LOW,34.34,3.89,18304.26,SELL NOW
2025-05-04 19:00:00,FPO_Nashik,Apple,33.79,80.56,682,108.27,8,1000,615.3,61.53,MEDIUM,111.25,4.6,75873.38,SELL NOW
2025-05-04 20:00:00,FPO_Karnal,Onion,22.88,54.46,1439,24.41,10,500,500.0,100.0,LOW,30.09,1.81,43304.27,STORE
2025-05-04 21:00:00,FPO_Karnal,Apple,30.33,61.77,1381,104.23,3,1000,1000.0,100.0,LOW,105.79,1.64,146093.33,SELL NOW
2025-05-04 22:00:00,FPO_Lucknow,Onion,22.6,69.15,866,29.06,5,500,500.0,100.0,LOW,39.24,3.0,33985.7,STORE
2025-05-04 23:00:00,FPO_Jaipur,Apple,26.74,81.02,1464,106.22,3,1000,950.02,95.0,LOW,109.5,4.4,160303.23,SELL NOW
2025-05-05 00:00:00,FPO_Nagpur,Onion,31.12,87.98,495,24.21,10,2500,785.26,31.41,MEDIUM,35.54,2.93,17593.37,STORE
2025-05-05 01:00:00,FPO_Lucknow,Onion,34.37,60.16,1685,27.83,1,1500,1111.36,74.09,LOW,26.23,4.6,44200.92,SELL NOW
2025-05-05 02:00:00,FPO_Ahmedabad,Potato,15.1,57.81,244,14.16,10,1000,411.12,41.11,LOW,19.8,2.32,4831.37,STORE
2025-05-05 03:00:00,FPO_Ahmedabad,Apple,28.59,56.81,694,101.7,14,500,500.0,100.0,MEDIUM,101.0,1.64,70096.03,SELL NOW
2025-05-05 04:00:00,FPO_Ahmedabad,Apple,36.44,76.69,374,102.77,5,1500,438.16,29.21,LOW,104.98,4.16,39264.34,SELL NOW
2025-05-05 05:00:00,FPO_Surat,Apple,29.39,79.93,1203,101.72,8,2500,1006.65,40.27,LOW,98.06,3.69,117964.02,SELL NOW
2025-05-05 06:00:00,FPO_Ahmedabad,Tomato,28.5,78.42,1569,25.42,5,2500,1069.63,42.79,LOW,35.3,3.04,55378.53,STORE
2025-05-05 07:00:00,FPO_Jaipur,Onion,24.62,69.05,255,27.8,4,2000,208.44,10.42,LOW,37.67,4.46,9606.93,STORE
2025-05-05 08:00:00,FPO_Nagpur,Apple,36.28,70.53,1789,98.36,9,1500,1388.27,92.55,HIGH,107.49,4.38,192305.71,SELL NOW
2025-05-05 09:00:00,FPO_Indore,Cabbage,24.9,61.54,540,29.43,13,1000,884.5,88.45,MEDIUM,37.23,2.64,20106.87,STORE
2025-05-05 10:00:00,FPO_Nashik,Tomato,27.4,62.94,1974,20.74,1,2500,1179.01,47.16,LOW,37.47,4.43,73957.87,STORE
2025-05-05 11:00:00,FPO_Jaipur,Potato,25.18,77.81,1331,20.3,5,1000,964.17,96.42,MEDIUM,24.35,2.71,32416.32,STORE
2025-05-05 12:00:00,FPO_Jaipur,Apple,28.65,68.96,1933,92.64,1,1000,1000.0,100.0,LOW,104.07,3.68,201166.93,STORE
2025-05-05 13:00:00,FPO_Surat,Apple,36.55,57.9,413,97.95,6,500,428.49,85.7,MEDIUM,100.9,2.17,41673.57,SELL NOW
2025-05-05 14:00:00,FPO_Indore,Tomato,22.56,81.49,1722,27.93,10,1000,1000.0,100.0,MEDIUM,33.98,2.42,58513.96,STORE
2025-05-05 15:00:00,FPO_Indore,Onion,28.68,55.88,957,40.5,9,2000,884.09,44.2,LOW,47.62,3.07,45572.0,STORE
2025-05-05 16:00:00,FPO_Nashik,Cabbage,30.35,67.19,1620,21.66,11,1500,1329.31,88.62,MEDIUM,15.6,2.6,25266.61,SELL NOW
2025-05-05 17:00:00,FPO_Nashik,Potato,23.13,46.4,749,27.14,14,1500,851.4,56.76,LOW,29.57,1.95,22149.3,SELL NOW
2025-05-05 18:00:00,FPO_Indore,Apple,27.65,50.81,696,91.45,2,500,500.0,100.0,LOW,93.34,3.19,64964.04,SELL NOW
2025-05-05 19:00:00,FPO_Ahmedabad,Onion,39.11,65.29,372,30.2,13,2000,453.51,22.68,MEDIUM,33.07,3.29,12303.53,SELL NOW
2025-05-05 20:00:00,FPO_Jaipur,Cabbage,17.39,54.56,304,25.19,13,2000,696.54,34.83,LOW,24.6,2.06,7478.01,SELL NOW
2025-05-05 21:00:00,FPO_Lucknow,Cabbage,25.47,61.56,1775,28.73,4,1500,1406.42,93.76,LOW,32.55,2.11,57781.02,STORE
2025-05-05 22:00:00,FPO_Nashik,Potato,29.5,83.2,678,19.27,8,2000,718.44,35.92,MEDIUM,24.05,1.6,16308.24,STORE
2025-05-05 23:00:00,FPO_Surat,Mango,25.74,63.13,1622,56.08,14,2500,1419.62,56.78,LOW,54.05,1.61,87672.91,SELL NOW
2025-05-06 00:00:00,FPO_Surat,Cabbage,45.0,78.5,633,14.6,3,1000,444.86,44.49,MEDIUM,17.79,2.76,11259.26,STORE
2025-05-06 01:00:00,FPO_Nashik,Mango,31.29,53.29,841,61.66,14,1000,956.58,95.66,MEDIUM,63.41,2.01,53330.93,SELL NOW
2025-05-06 02:00:00,FPO_Indore,Cabbage,21.73,73.23,892,21.79,7,1500,917.67,61.18,LOW,30.82,4.72,27488.88,STORE
2025-05-06 03:00:00,FPO_Nagpur,Potato,15.0,50.0,1190,27.13,12,1500,1281.35,85.42,LOW,33.02,2.2,39294.41,STORE
2025-05-06 04:00:00,FPO_Lucknow,Tomato,30.04,61.25,1121,30.56,7,2000,968.85,48.44,LOW,29.71,1.73,33307.54,SELL NOW
2025-05-06 05:00:00,FPO_Lucknow,Potato,23.47,73.84,393,27.93,14,500,500.0,100.0,HIGH,35.82,2.91,14075.97,SELL NOW
2025-05-06 06:00:00,FPO_Nashik,Potato,35.73,65.19,1042,17.63,2,1500,724.71,48.31,LOW,20.38,2.17,21231.17,STORE
2025-05-06 07:00:00,FPO_Ahmedabad,Tomato,26.35,79.13,1000,29.02,12,1500,1231.5,82.1,MEDIUM,32.34,1.72,32338.4,STORE
2025-05-06 08:00:00,FPO_Nagpur,Tomato,24.59,75.01,1689,28.95,10,1500,1397.83,93.19,MEDIUM,27.33,4.13,46162.25,SELL NOW
2025-05-06 09:00:00,FPO_Lucknow,Onion,24.49,60.37,1564,27.52,4,2000,1115.25,55.76,LOW,31.53,3.45,49313.73,STORE
2025-05-06 10:00:00,FPO_Nashik,Cabbage,33.92,84.45,258,31.15,1,2500,264.09,10.56,LOW,38.88,1.7,10029.85,STORE
2025-05-06 11:00:00,FPO_Surat,Onion,30.49,71.54,1761,33.91,8,1500,1388.05,92.54,MEDIUM,35.7,3.14,62874.07,SELL NOW
2025-05-06 12:00:00,FPO_Lucknow,Tomato,38.54,61.34,677,38.15,10,2500,539.43,21.58,LOW,49.06,1.64,33210.84,STORE
2025-05-06 13:00:00,FPO_Karnal,Mango,26.71,67.19,1326,63.47,10,2000,1233.07,61.65,LOW,70.99,2.74,94130.89,STORE
2025-05-06 14:00:00,FPO_Nagpur,Mango,33.17,66.36,732,69.34,9,500,500.0,100.0,MEDIUM,68.17,2.77,49902.19,SELL NOW
2025-05-06 15:00:00,FPO_Nagpur,Potato,33.28,68.02,791,31.23,1,1000,699.05,69.9,LOW,35.54,4.38,28110.44,STORE
2025-05-06 16:00:00,FPO_Karnal,Apple,32.04,62.87,1038,97.54,11,1000,1000.0,100.0,MEDIUM,93.66,4.07,97218.07,SELL NOW
2025-05-06 17:00:00,FPO_Jaipur,Potato,24.94,70.59,1934,14.65,7,1000,1000.0,100.0,MEDIUM,12.82,4.64,24795.64,SELL NOW
2025-05-06 18:00:00,FPO_Surat,Potato,30.84,76.85,1545,30.43,1,1000,1000.0,100.0,LOW,24.73,1.99,38210.25,SELL NOW
2025-05-06 19:00:00,FPO_Karnal,Apple,27.42,71.38,748,103.47,12,2000,932.07,46.6,MEDIUM,98.44,3.37,73632.23,SELL NOW
2025-05-06 20:00:00,FPO_Indore,Cabbage,27.26,70.87,1237,27.61,1,1000,799.36,79.94,LOW,29.12,1.57,36027.44,SELL NOW
2025-05-06 21:00:00,FPO_Indore,Tomato,23.17,63.49,1679,25.76,9,2000,1327.69,66.38,LOW,27.81,4.39,46688.92,SELL NOW
2025-05-06 22:00:00,FPO_Nashik,Mango,15.28,51.71,420,61.99,10,500,500.0,100.0,LOW,66.12,2.78,27771.14,SELL NOW
2025-05-06 23:00:00,FPO_Nagpur,Potato,35.49,48.06,1075,27.09,10,1500,1122.67,74.84,LOW,25.6,1.74,27523.14,SELL NOW
2025-05-07 00:00:00,FPO_Jaipur,Apple,30.59,54.39,1614,103.29,6,1500,1217.23,81.15,LOW,110.46,2.64,178285.14,SELL NOW
2025-05-07 01:00:00,FPO_Jaipur,Onion,19.94,58.73,877,26.93,1,1500,489.44,32.63,LOW,28.86,2.5,25312.21,SELL NOW
2025-05-07 02:00:00,FPO_Lucknow,Potato,32.31,90.08,1396,29.71,7,2000,1260.33,63.02,MEDIUM,34.26,4.18,47830.9,STORE
2025-05-07 03:00:00,FPO_Lucknow,Mango,35.61,83.77,861,60.62,3,2000,893.42,44.67,MEDIUM,47.51,1.94,40910.19,SELL NOW
2025-05-07 04:00:00,FPO_Karnal,Tomato,32.67,56.1,883,31.4,10,2000,677.36,33.87,LOW,34.41,3.45,30384.91,SELL NOW
2025-05-07 05:00:00,FPO_Jaipur,Potato,22.65,71.75,1304,26.2,4,500,500.0,100.0,LOW,33.14,4.28,43212.82,STORE
2025-05-07 06:00:00,FPO_Karnal,Potato,23.61,63.99,535,32.66,14,2500,728.58,29.14,LOW,24.28,4.09,12988.14,SELL NOW
2025-05-07 07:00:00,FPO_Surat,Cabbage,24.71,68.54,424,27.07,4,2000,539.07,26.95,LOW,30.24,4.78,12820.56,STORE
2025-05-07 08:00:00,FPO_Karnal,Apple,33.17,56.77,1070,99.74,8,2000,666.54,33.33,LOW,98.79,1.5,105708.65,SELL NOW
2025-05-07 09:00:00,FPO_Lucknow,Onion,30.87,95.0,234,39.57,1,1500,233.0,15.53,LOW,50.27,2.74,11763.58,STORE
2025-05-07 10:00:00,FPO_Nagpur,Onion,44.74,92.97,387,35.54,8,1000,496.89,49.69,HIGH,32.1,2.79,12424.3,SELL NOW
2025-05-07 11:00:00,FPO_Karnal,Tomato,18.15,60.61,1447,29.53,9,1000,1000.0,100.0,LOW,43.34,1.62,62707.26,STORE
2025-05-07 12:00:00,FPO_Ahmedabad,Mango,27.68,56.06,842,61.22,11,500,500.0,100.0,MEDIUM,70.68,4.36,59509.83,STORE
2025-05-07 13:00:00,FPO_Nagpur,Tomato,16.43,78.88,1162,18.2,7,1000,1000.0,100.0,LOW,21.77,3.91,25294.05,STORE
2025-05-07 14:00:00,FPO_Jaipur,Potato,31.58,46.85,1167,21.56,1,2500,853.79,34.15,LOW,17.38,3.35,20288.03,SELL NOW
2025-05-07 15:00:00,FPO_Jaipur,Potato,34.4,77.69,693,14.99,7,1500,510.93,34.06,MEDIUM,15.69,2.92,10875.78,SELL NOW
2025-05-07 16:00:00,FPO_Karnal,Onion,36.65,66.88,510,16.65,6,500,500.0,100.0,MEDIUM,23.08,4.63,11772.12,STORE
2025-05-07 17:00:00,FPO_Nagpur,Mango,29.13,43.49,720,57.02,5,1000,530.42,53.04,LOW,60.57,2.43,43611.62,SELL NOW
2025-05-07 18:00:00,FPO_Lucknow,Apple,16.52,62.72,1804,93.09,5,1000,1000.0,100.0,LOW,90.6,2.67,163442.88,SELL NOW
2025-05-07 19:00:00,FPO_Lucknow,Mango,27.7,55.16,1763,58.22,1,1500,1256.51,83.77,LOW,66.76,4.83,117701.61,STORE
2025-05-07 20:00:00,FPO_Indore,Potato,30.62,67.43,568,23.54,6,500,500.0,100.0,MEDIUM,26.06,1.73,14802.14,STORE
2025-05-07 21:00:00,FPO_Jaipur,Apple,21.97,65.86,1698,102.55,13,1500,1500.0,100.0,MEDIUM,106.96,4.23,181616.92,SELL NOW
2025-05-07 22:00:00,FPO_Nashik,Mango,26.41,44.79,945,59.45,4,500,500.0,100.0,LOW,67.43,4.01,63719.0,STORE
2025-05-07 23:00:00,FPO_Indore,Mango,20.34,59.99,230,53.56,14,1000,708.96,70.9,LOW,60.97,4.66,14022.47,STORE
2025-05-08 00:00:00,FPO_Lucknow,Apple,24.32,73.62,1455,99.39,14,1500,1450.29,96.69,HIGH,107.79,1.82,156840.73,SELL NOW
2025-05-08 01:00:00,FPO_Nagpur,Potato,33.47,76.2,1197,16.67,1,1500,690.52,46.03,LOW,23.16,4.9,27727.8,STORE
2025-05-08 02:00:00,FPO_Surat,Mango,32.08,59.55,696,67.02,12,2500,830.95,33.24,LOW,66.67,1.6,46401.35,SELL NOW
2025-05-08 03:00:00,FPO_Lucknow,Apple,19.63,71.87,1789,99.26,8,1500,1390.31,92.69,LOW,102.05,2.68,182568.07,SELL NOW
2025-05-08 04:00:00,FPO_Nagpur,Cabbage,23.77,69.0,1163,19.3,8,500,500.0,100.0,LOW,29.05,1.8,33787.4,STORE
2025-05-08 05:00:00,FPO_Indore,Cabbage,28.34,64.21,1398,19.74,12,2500,1405.65,56.23,LOW,16.0,1.68,22368.4,SELL NOW
2025-05-08 06:00:00,FPO_Jaipur,Potato,29.36,71.96,497,22.03,13,1500,676.43,45.1,MEDIUM,19.39,4.88,9639.13,SELL NOW
2025-05-08 07:00:00,FPO_Lucknow,Apple,24.02,51.12,1588,100.29,11,1500,1336.66,89.11,LOW,106.0,4.02,168323.1,SELL NOW
2025-05-08 08:00:00,FPO_Karnal,Cabbage,30.86,65.01,1309,24.03,4,2500,875.96,35.04,LOW,26.58,3.27,34794.81,STORE
2025-05-08 09:00:00,FPO_Nagpur,Apple,27.79,40.94,776,104.97,13,1000,965.3,96.53,LOW,99.59,1.88,77283.29,SELL NOW
2025-05-08 10:00:00,FPO_Jaipur,Mango,15.0,64.19,1312,55.19,7,1500,1175.84,78.39,LOW,61.69,3.34,80932.74,STORE
2025-05-08 11:00:00,FPO_Surat,Potato,24.57,86.38,253,27.02,3,2000,295.41,14.77,LOW,32.28,2.62,8167.5,STORE
2025-05-08 12:00:00,FPO_Surat,Cabbage,24.4,60.21,1853,24.53,8,1000,1000.0,100.0,LOW,40.7,2.45,75420.84,STORE
2025-05-08 13:00:00,FPO_Nashik,Mango,32.07,84.88,1584,64.31,7,1500,1224.59,81.64,MEDIUM,68.28,3.66,108158.01,SELL NOW
2025-05-08 14:00:00,FPO_Nagpur,Tomato,32.18,60.45,1699,24.87,14,1000,1000.0,100.0,HIGH,38.47,4.27,65364.43,SELL NOW
2025-05-08 15:00:00,FPO_Indore,Tomato,17.97,48.73,428,31.89,5,500,344.15,68.83,LOW,39.81,3.05,17038.1,STORE
2025-05-08 16:00:00,FPO_Nashik,Potato,30.63,74.98,978,17.97,5,1000,874.46,87.45,MEDIUM,11.56,3.23,11301.11,SELL NOW
2025-05-08 17:00:00,FPO_Nashik,Cabbage,27.56,71.96,1757,33.24,9,2500,1343.28,53.73,LOW,36.39,3.78,63936.64,SELL NOW
2025-05-08 18:00:00,FPO_Ahmedabad,Cabbage,28.76,95.0,1982,24.6,6,1500,1500.0,100.0,HIGH,27.28,1.94,54066.81,SELL NOW
2025-05-08 19:00:00,FPO_Lucknow,Cabbage,24.32,50.31,1184,22.85,6,1000,959.89,95.99,LOW,25.4,4.4,30074.42,STORE
2025-05-08 20:00:00,FPO_Nagpur,Apple,27.63,70.35,572,94.13,2,2000,416.13,20.81,LOW,92.81,4.43,53087.41,SELL NOW
2025-05-08 21:00:00,FPO_Nashik,Mango,34.9,70.88,668,60.84,11,500,500.0,100.0,HIGH,67.85,3.39,45325.45,SELL NOW
2025-05-08 22:00:00,FPO_Ahmedabad,Cabbage,28.67,80.87,619,24.26,5,500,500.0,100.0,MEDIUM,25.54,2.16,15806.69,SELL NOW
2025-05-08 23:00:00,FPO_Indore,Mango,27.75,72.95,731,53.31,12,1000,757.41,75.74,MEDIUM,62.19,3.25,45463.9,STORE
2025-05-09 00:00:00,FPO_Jaipur,Potato,25.12,60.68,1623,18.32,4,2500,1048.78,41.95,LOW,26.46,1.87,42949.5,STORE
2025-05-09 01:00:00,FPO_Karnal,Cabbage,34.31,48.93,1187,15.23,10,500,500.0,100.0,MEDIUM,17.04,4.17,20220.58,STORE
2025-05-09 02:00:00,FPO_Karnal,Potato,20.32,70.2,1407,16.35,3,1000,975.49,97.55,LOW,16.32,2.59,22960.33,SELL NOW
2025-05-09 03:00:00,FPO_Nagpur,Cabbage,23.19,70.62,761,24.39,9,1000,762.07,76.21,LOW,24.59,2.59,18715.56,SELL NOW
2025-05-09 04:00:00,FPO_Nashik,Tomato,19.97,74.47,289,29.77,11,500,500.0,100.0,MEDIUM,32.9,4.81,9508.9,STORE
2025-05-09 05:00:00,FPO_Karnal,Onion,29.2,60.66,1839,28.38,12,1000,1000.0,100.0,MEDIUM,32.99,2.98,60672.46,STORE
2025-05-09 06:00:00,FPO_Lucknow,Potato,35.08,69.17,1929,24.36,7,1000,1000.0,100.0,MEDIUM,25.12,4.26,48451.2,SELL NOW
2025-05-09 07:00:00,FPO_Karnal,Cabbage,26.03,41.84,1606,20.21,4,2000,1087.08,54.35,LOW,21.13,3.73,33937.97,SELL NOW
2025-05-09 08:00:00,FPO_Karnal,Onion,21.58,49.56,568,32.22,9,1000,700.27,70.03,LOW,36.64,2.61,20814.28,STORE
2025-05-09 09:00:00,FPO_Karnal,Potato,37.82,79.03,1297,21.61,9,1000,1000.0,100.0,HIGH,29.78,1.93,38623.97,SELL NOW
2025-05-09 10:00:00,FPO_Surat,Apple,30.71,67.7,1492,98.97,12,2500,1246.98,49.88,MEDIUM,103.19,4.29,153953.88,SELL NOW
2025-05-09 11:00:00,FPO_Ahmedabad,Cabbage,29.67,72.14,214,24.98,7,500,269.74,53.95,LOW,27.84,4.17,5958.35,STORE
2025-05-09 12:00:00,FPO_Nashik,Apple,26.86,56.02,1552,97.0,5,2500,933.33,37.33,LOW,101.19,2.09,157045.96,SELL NOW
2025-05-09 13:00:00,FPO_Lucknow,Tomato,32.01,54.12,1615,20.33,13,1500,1500.0,100.0,MEDIUM,14.35,2.37,23173.0,SELL NOW
2025-05-09 14:00:00,FPO_Nashik,Cabbage,29.57,58.65,1933,19.77,9,2500,1443.81,57.75,LOW,21.62,4.18,41782.25,SELL NOW
2025-05-09 15:00:00,FPO_Surat,Tomato,25.11,68.57,1657,20.94,14,1500,1500.0,100.0,MEDIUM,17.66,4.94,29258.54,SELL NOW
2025-05-09 16:00:00,FPO_Nagpur,Onion,26.12,75.29,543,28.86,13,1500,878.77,58.58,MEDIUM,29.13,4.45,15820.09,SELL NOW
2025-05-09 17:00:00,FPO_Nagpur,Potato,21.88,61.26,1418,25.41,7,2500,1078.32,43.13,LOW,23.84,3.89,33803.96,SELL NOW
2025-05-09 18:00:00,FPO_Nagpur,Mango,21.13,40.11,1259,67.42,9,2000,999.85,49.99,LOW,65.78,4.7,82811.92,SELL NOW
2025-05-09 19:00:00,FPO_Indore,Tomato,26.22,71.02,1116,25.69,11,2500,1021.59,40.86,LOW,23.77,2.5,26525.94,SELL NOW
2025-05-09 20:00:00,FPO_Karnal,Mango,34.93,69.01,404,59.2,3,500,50.0,10.0,LOW,73.82,1.53,29824.41,STORE
2025-05-09 21:00:00,FPO_Indore,Mango,21.8,72.19,1874,69.41,11,2500,1638.79,65.55,LOW,72.13,2.62,135172.91,SELL NOW
2025-05-09 22:00:00,FPO_Ahmedabad,Potato,33.02,77.85,975,19.99,9,2000,1151.86,57.59,MEDIUM,29.01,4.9,28283.17,STORE
2025-05-09 23:00:00,FPO_Nagpur,Onion,23.21,76.66,1280,26.87,1,2500,858.4,34.34,LOW,33.67,4.59,43097.29,STORE
2025-05-10 00:00:00,FPO_Surat,Potato,17.28,85.41,1333,21.35,5,2000,1109.23,55.46,LOW,27.79,1.68,37044.43,STORE
2025-05-10 01:00:00,FPO_Lucknow,Cabbage,31.28,65.43,885,22.88,13,500,500.0,100.0,HIGH,28.6,3.26,25307.85,SELL NOW
2025-05-10 02:00:00,FPO_Nashik,Tomato,37.77,58.52,1719,24.61,13,1000,1000.0,100.0,HIGH,38.04,1.78,65385.72,SELL NOW
2025-05-10 03:00:00,FPO_Karnal,Mango,22.87,80.61,917,52.96,2,2000,813.11,40.66,LOW,58.1,4.26,53276.62,SELL NOW
2025-05-10 04:00:00,FPO_Jaipur,Potato,18.58,78.63,424,29.96,1,2000,314.38,15.72,LOW,24.06,2.8,10201.87,SELL NOW
2025-05-10 05:00:00,FPO_Lucknow,Potato,30.73,61.51,1609,24.75,14,2000,1520.79,76.04,MEDIUM,26.88,4.69,43254.06,SELL NOW
2025-05-10 06:00:00,FPO_Karnal,Potato,22.46,81.59,263,30.08,3,500,332.45,66.49,LOW,27.85,1.69,7324.77,SELL NOW
2025-05-10 07:00:00,FPO_Indore,Tomato,31.22,66.12,1987,32.77,7,1500,1500.0,100.0,MEDIUM,28.77,4.07,57172.89,SELL NOW
2025-05-10 08:00:00,FPO_Indore,Onion,34.91,84.14,1147,30.08,3,2000,868.84,43.44,LOW,35.24,2.9,40415.98,STORE
2025-05-10 09:00:00,FPO_Lucknow,Potato,29.98,90.94,1160,13.65,10,500,500.0,100.0,HIGH,6.28,2.44,7282.3,SELL NOW
2025-05-10 10:00:00,FPO_Indore,Tomato,32.86,95.0,1575,23.45,10,1000,1000.0,100.0,HIGH,27.0,3.31,42521.29,SELL NOW
2025-05-10 11:00:00,FPO_Nagpur,Mango,32.9,65.93,1686,58.26,11,2000,1461.74,73.09,MEDIUM,53.02,3.2,89390.02,SELL NOW
2025-05-10 12:00:00,FPO_Ahmedabad,Cabbage,33.94,86.23,519,20.18,9,1500,625.51,41.7,MEDIUM,22.3,2.72,11575.45,STORE
2025-05-10 13:00:00,FPO_Nashik,Apple,28.27,77.81,556,90.9,3,500,500.0,100.0,MEDIUM,97.78,3.77,54368.27,SELL NOW
2025-05-10 14:00:00,FPO_Ahmedabad,Tomato,32.67,79.2,292,23.55,11,1000,528.78,52.88,MEDIUM,23.28,3.81,6797.89,SELL NOW
2025-05-10 15:00:00,FPO_Karnal,Apple,28.99,71.37,894,99.03,6,1500,874.36,58.29,LOW,96.12,1.77,85928.14,SELL NOW
2025-05-10 16:00:00,FPO_Nashik,Potato,30.35,79.27,1523,29.95,2,1000,858.71,85.87,LOW,31.25,3.58,47588.8,SELL NOW
2025-05-10 17:00:00,FPO_Surat,Potato,45.0,44.39,1949,18.63,8,1500,1352.35,90.16,MEDIUM,24.73,3.99,48200.45,STORE
2025-05-10 18:00:00,FPO_Nashik,Tomato,29.45,64.57,1717,31.28,10,2500,1295.19,51.81,LOW,35.79,1.77,61458.16,STORE
2025-05-10 19:00:00,FPO_Ahmedabad,Apple,19.01,55.2,1877,95.12,5,2500,1520.67,60.83,LOW,97.76,3.81,183491.6,SELL NOW
2025-05-10 20:00:00,FPO_Lucknow,Potato,26.82,53.94,1818,20.88,2,2500,1184.07,47.36,LOW,19.69,4.31,35805.01,SELL NOW
2025-05-10 21:00:00,FPO_Nashik,Mango,26.14,43.47,1612,59.83,14,1000,1000.0,100.0,LOW,60.79,4.41,97998.9,SELL NOW
2025-05-10 22:00:00,FPO_Surat,Onion,26.41,57.1,1834,38.0,14,2500,1559.49,62.38,LOW,44.45,1.65,81519.71,STORE
2025-05-10 23:00:00,FPO_Surat,Onion,33.72,62.39,633,16.65,7,500,500.0,100.0,MEDIUM,18.98,3.94,12014.35,STORE
2025-05-11 00:00:00,FPO_Surat,Potato,34.78,67.76,1325,17.94,3,500,500.0,100.0,MEDIUM,22.15,4.29,29353.03,STORE
2025-05-11 01:00:00,FPO_Ahmedabad,Apple,27.37,64.81,1040,101.23,14,2500,1113.36,44.53,LOW,102.43,2.89,106531.07,SELL NOW
2025-05-11 02:00:00,FPO_Nashik,Cabbage,19.65,80.79,1601,27.09,5,1500,1367.36,91.16,LOW,24.44,3.4,39127.41,SELL NOW
2025-05-11 03:00:00,FPO_Jaipur,Potato,28.59,51.56,1806,16.11,11,1500,1500.0,100.0,MEDIUM,29.13,2.43,52604.28,STORE
2025-05-11 04:00:00,FPO_Lucknow,Cabbage,24.74,35.85,1561,24.81,9,1000,1000.0,100.0,LOW,31.73,2.59,49527.68,STORE
2025-05-11 05:00:00,FPO_Nagpur,Cabbage,29.26,72.97,1223,25.06,1,1500,893.05,59.54,LOW,29.45,3.26,36018.3,STORE
2025-05-11 06:00:00,FPO_Nashik,Apple,27.27,64.3,1097,107.36,2,2000,938.89,46.94,LOW,109.54,2.03,120160.93,SELL NOW
2025-05-11 07:00:00,FPO_Surat,Cabbage,35.3,63.99,1083,26.04,5,1500,816.72,54.45,LOW,36.15,2.8,39151.19,STORE
2025-05-11 08:00:00,FPO_Jaipur,Mango,29.65,54.31,977,59.29,14,500,500.0,100.0,MEDIUM,58.31,2.56,56967.42,SELL NOW
2025-05-11 09:00:00,FPO_Nagpur,Apple,24.76,78.64,691,96.48,4,1500,718.85,47.92,LOW,102.83,2.33,71055.83,SELL NOW
2025-05-11 10:00:00,FPO_Nagpur,Potato,19.69,58.71,1865,25.04,1,1000,1000.0,100.0,LOW,28.23,3.19,52643.57,STORE
2025-05-11 11:00:00,FPO_Karnal,Mango,27.71,51.75,1283,58.73,14,1500,1239.19,82.61,MEDIUM,60.41,4.44,77510.24,SELL NOW
2025-05-11 12:00:00,FPO_Nashik,Tomato,27.73,90.11,1012,25.17,7,1000,912.67,91.27,MEDIUM,26.78,2.35,27101.03,SELL NOW
2025-05-11 13:00:00,FPO_Ahmedabad,Onion,26.43,75.37,1732,25.1,9,2000,1485.56,74.28,MEDIUM,34.63,3.81,59976.73,STORE
2025-05-11 14:00:00,FPO_Nashik,Potato,32.65,64.4,591,20.52,1,2500,372.82,14.91,LOW,14.16,2.39,8368.18,SELL NOW
2025-05-11 15:00:00,FPO_Jaipur,Potato,19.7,30.0,1342,25.49,8,2000,1260.53,63.03,LOW,36.82,2.0,49410.26,STORE
2025-05-11 16:00:00,FPO_Nagpur,Potato,23.42,61.47,1998,19.43,9,500,500.0,100.0,LOW,27.55,4.8,55052.34,STORE
2025-05-11 17:00:00,FPO_Nashik,Mango,28.32,64.68,1694,60.17,2,2000,987.11,49.36,LOW,63.36,3.72,107330.45,SELL NOW
2025-05-11 18:00:00,FPO_Ahmedabad,Tomato,24.64,86.96,1551,25.22,13,2000,1562.6,78.13,HIGH,27.03,1.87,41923.41,SELL NOW
2025-05-11 19:00:00,FPO_Karnal,Apple,25.86,38.75,220,100.85,1,500,158.19,31.64,LOW,103.8,3.71,22835.88,SELL NOW
2025-05-11 20:00:00,FPO_Nashik,Tomato,27.64,88.4,1320,28.42,6,500,500.0,100.0,MEDIUM,33.84,2.12,44668.09,STORE
2025-05-11 21:00:00,FPO_Lucknow,Mango,32.12,71.55,712,56.06,14,2500,858.94,34.36,MEDIUM,65.24,4.61,46448.14,STORE
2025-05-11 22:00:00,FPO_Karnal,Potato,27.4,46.89,1107,26.16,7,2500,1023.91,40.96,LOW,31.58,2.37,34957.64,STORE
2025-05-11 23:00:00,FPO_Ahmedabad,Onion,16.18,78.83,914,22.72,2,1500,804.14,53.61,LOW,27.11,4.32,24777.91,STORE
2025-05-12 00:00:00,FPO_Jaipur,Potato,24.38,61.34,1143,27.68,5,1000,802.57,80.26,LOW,30.81,2.2,35214.12,STORE
2025-05-12 01:00:00,FPO_Nagpur,Apple,30.97,40.07,1863,101.65,5,500,500.0,100.0,LOW,95.43,3.45,177785.65,SELL NOW
2025-05-12 02:00:00,FPO_Nashik,Cabbage,32.58,58.33,549,27.94,7,2000,563.02,28.15,LOW,22.64,4.69,12429.0,SELL NOW
2025-05-12 03:00:00,FPO_Ahmedabad,Onion,32.91,68.82,1355,21.75,12,2000,1179.6,58.98,MEDIUM,30.25,2.54,40986.84,STORE
2025-05-12 04:00:00,FPO_Karnal,Potato,34.61,65.93,745,21.74,11,2500,713.83,28.55,LOW,27.11,1.78,20194.45,STORE
2025-05-12 05:00:00,FPO_Lucknow,Onion,28.71,74.65,798,37.67,1,1000,468.36,46.84,LOW,44.81,3.43,35754.85,STORE
2025-05-12 06:00:00,FPO_Ahmedabad,Cabbage,29.58,81.46,231,24.27,10,500,500.0,100.0,HIGH,31.32,2.1,7234.57,SELL NOW
2025-05-12 07:00:00,FPO_Indore,Tomato,21.92,48.52,458,28.65,8,2500,606.88,24.28,LOW,34.72,4.05,15900.36,STORE
2025-05-12 08:00:00,FPO_Surat,Mango,15.0,64.69,675,54.28,5,1000,783.43,78.34,LOW,61.62,3.57,41595.74,STORE
2025-05-12 09:00:00,FPO_Lucknow,Potato,19.49,55.85,1024,14.8,12,500,500.0,100.0,LOW,13.53,2.71,13851.04,SELL NOW
2025-05-12 10:00:00,FPO_Karnal,Apple,23.79,46.27,1171,101.15,3,2000,746.48,37.32,LOW,106.98,3.97,125277.71,SELL NOW
2025-05-12 11:00:00,FPO_Jaipur,Tomato,19.84,64.22,1119,24.61,13,2000,1136.85,56.84,LOW,29.87,2.33,33428.99,STORE
2025-05-12 12:00:00,FPO_Nagpur,Potato,26.24,71.47,232,19.23,13,2500,717.6,28.7,LOW,28.85,4.71,6692.3,STORE
2025-05-12 13:00:00,FPO_Karnal,Tomato,25.23,72.36,1098,28.32,9,1000,1000.0,100.0,MEDIUM,13.22,2.71,14513.63,SELL NOW
2025-05-12 14:00:00,FPO_Surat,Apple,33.63,59.07,587,103.43,11,2000,648.18,32.41,LOW,118.38,4.17,69489.85,STORE
2025-05-12 15:00:00,FPO_Jaipur,Potato,22.19,49.88,1784,24.63,3,1000,1000.0,100.0,LOW,31.87,2.4,56849.09,STORE
2025-05-12 16:00:00,FPO_Nashik,Cabbage,28.84,55.33,997,25.5,7,2500,928.1,37.12,LOW,29.78,4.0,29690.16,STORE
2025-05-12 17:00:00,FPO_Ahmedabad,Cabbage,25.48,36.85,655,29.44,10,1500,738.76,49.25,LOW,27.67,1.61,18125.34,SELL NOW
2025-05-12 18:00:00,FPO_Indore,Apple,21.96,47.16,1817,105.22,12,1000,1000.0,100.0,LOW,106.76,2.53,193985.21,SELL NOW
2025-05-12 19:00:00,FPO_Lucknow,Onion,23.63,48.46,1367,29.34,7,1000,1000.0,100.0,LOW,34.08,1.83,46582.29,STORE
2025-05-12 20:00:00,FPO_Lucknow,Apple,15.69,77.68,1827,108.34,14,2500,1726.0,69.04,LOW,119.69,3.08,218680.24,STORE
2025-05-12 21:00:00,FPO_Ahmedabad,Onion,32.49,77.67,423,24.56,10,1500,600.34,40.02,MEDIUM,35.19,3.02,14886.29,STORE
2025-05-12 22:00:00,FPO_Indore,Potato,36.41,95.0,416,14.33,12,2000,655.31,32.77,HIGH,20.43,2.76,8498.23,SELL NOW
2025-05-12 23:00:00,FPO_Ahmedabad,Onion,26.4,68.6,355,36.92,8,500,500.0,100.0,MEDIUM,43.57,4.93,15467.54,STORE
2025-05-13 00:00:00,FPO_Nashik,Potato,28.17,57.74,988,18.5,10,2500,885.87,35.43,LOW,22.49,2.35,22223.97,STORE
2025-05-13 01:00:00,FPO_Surat,Potato,26.22,65.18,1743,8.64,8,500,500.0,100.0,MEDIUM,6.56,4.27,11430.63,SELL NOW
2025-05-13 02:00:00,FPO_Jaipur,Mango,23.08,62.46,235,58.37,4,1500,390.88,26.06,LOW,57.46,3.07,13502.41,SELL NOW
2025-05-13 03:00:00,FPO_Karnal,Potato,32.23,55.52,835,28.14,14,1500,998.8,66.59,MEDIUM,35.97,2.67,30031.9,STORE
2025-05-13 04:00:00,FPO_Lucknow,Onion,29.91,69.8,208,28.46,1,1000,113.73,11.37,LOW,35.0,2.21,7279.18,STORE
2025-05-13 05:00:00,FPO_Nashik,Mango,15.0,67.9,1263,51.12,4,500,500.0,100.0,LOW,51.04,3.72,64466.2,SELL NOW
2025-05-13 06:00:00,FPO_Jaipur,Mango,21.79,63.76,1692,58.55,6,500,500.0,100.0,LOW,57.77,2.67,97747.59,SELL NOW
2025-05-13 07:00:00,FPO_Nashik,Potato,15.68,60.59,378,21.07,10,1500,758.59,50.57,LOW,27.31,4.35,10321.79,STORE
2025-05-13 08:00:00,FPO_Indore,Apple,37.33,74.48,1864,98.32,11,500,500.0,100.0,HIGH,99.81,4.89,186053.86,SELL NOW
2025-05-13 09:00:00,FPO_Lucknow,Apple,26.97,56.69,1158,96.4,13,2000,1153.23,57.66,LOW,95.45,2.29,110535.57,SELL NOW
2025-05-13 10:00:00,FPO_Karnal,Cabbage,29.44,58.95,700,21.64,6,1500,638.98,42.6,LOW,26.35,1.95,18445.84,STORE
2025-05-13 11:00:00,FPO_Ahmedabad,Mango,25.88,72.13,572,63.64,6,1000,492.27,49.23,LOW,70.02,2.6,40051.43,STORE
2025-05-13 12:00:00,FPO_Ahmedabad,Potato,34.62,80.17,1291,19.1,14,1000,1000.0,100.0,HIGH,16.59,3.13,21415.45,SELL NOW
2025-05-13 13:00:00,FPO_Jaipur,Apple,33.16,78.8,1169,100.81,12,1000,1000.0,100.0,HIGH,102.11,2.55,119371.1,SELL NOW
2025-05-13 14:00:00,FPO_Karnal,Potato,26.71,61.11,1889,22.79,7,500,500.0,100.0,LOW,29.45,4.9,55622.48,STORE
2025-05-13 15:00:00,FPO_Surat,Potato,38.31,46.03,1647,18.92,12,1500,1293.33,86.22,MEDIUM,29.79,4.23,49065.76,STORE
2025-05-13 16:00:00,FPO_Nagpur,Mango,29.11,60.66,714,56.24,11,1000,755.75,75.57,MEDIUM,60.7,4.88,43339.29,SELL NOW
2025-05-13 17:00:00,FPO_Indore,Cabbage,19.24,66.1,563,25.35,1,1500,432.52,28.83,LOW,25.8,2.81,14526.62,SELL NOW
2025-05-13 18:00:00,FPO_Jaipur,Mango,28.6,48.29,976,51.74,10,500,500.0,100.0,LOW,50.59,2.57,49375.46,SELL NOW
2025-05-13 19:00:00,FPO_Nagpur,Tomato,31.1,60.38,1674,37.97,1,2000,844.2,42.21,LOW,40.96,2.93,68566.14,SELL NOW
2025-05-13 20:00:00,FPO_Nashik,Apple,27.2,83.11,1739,97.14,7,2000,1353.74,67.69,MEDIUM,99.95,3.33,173804.53,SELL NOW
2025-05-13 21:00:00,FPO_Indore,Apple,25.53,67.21,973,98.05,12,2000,1113.01,55.65,LOW,90.26,4.1,87818.16,SELL NOW
2025-05-13 22:00:00,FPO_Nashik,Apple,38.59,56.89,528,103.68,4,500,364.66,72.93,LOW,98.2,4.58,51850.27,SELL NOW
2025-05-13 23:00:00,FPO_Surat,Onion,20.88,65.43,993,29.15,6,1000,806.69,80.67,LOW,20.73,3.12,20586.5,SELL NOW
2025-05-14 00:00:00,FPO_Karnal,Potato,15.0,66.26,1161,19.91,6,500,500.0,100.0,LOW,22.99,2.51,26686.3,STORE
2025-05-14 01:00:00,FPO_Lucknow,Mango,37.71,59.4,569,53.31,9,1500,830.97,55.4,MEDIUM,61.58,2.62,35036.25,STORE
2025-05-14 02:00:00,FPO_Indore,Apple,20.64,76.59,796,100.51,2,2000,650.46,32.52,LOW,108.07,3.94,86020.91,SELL NOW
2025-05-14 03:00:00,FPO_Nagpur,Tomato,26.28,37.57,1610,25.27,4,1500,989.84,65.99,LOW,21.87,3.49,35207.47,SELL NOW
2025-05-14 04:00:00,FPO_Surat,Apple,25.74,72.08,1770,110.41,4,500,500.0,100.0,LOW,108.82,3.2,192615.89,SELL NOW
2025-05-14 05:00:00,FPO_Lucknow,Cabbage,35.39,56.4,1337,23.97,7,2500,887.4,35.5,LOW,20.46,2.21,27359.92,SELL NOW
2025-05-14 06:00:00,FPO_Ahmedabad,Potato,36.61,80.69,770,10.67,1,2500,524.75,20.99,LOW,14.11,4.56,10864.79,STORE
2025-05-14 07:00:00,FPO_Nagpur,Potato,20.25,45.88,1261,26.75,5,500,500.0,100.0,LOW,34.38,4.23,43349.19,STORE
2025-05-14 08:00:00,FPO_Jaipur,Mango,36.14,79.08,1768,55.0,14,1000,1000.0,100.0,HIGH,63.69,1.99,112599.49,SELL NOW
2025-05-14 09:00:00,FPO_Ahmedabad,Onion,36.03,53.16,576,30.53,11,1500,670.58,44.71,LOW,30.13,2.79,17356.53,SELL NOW
2025-05-14 10:00:00,FPO_Surat,Mango,28.12,69.83,1622,67.02,4,500,500.0,100.0,LOW,70.58,3.4,114474.5,SELL NOW
2025-05-14 11:00:00,FPO_Ahmedabad,Apple,33.6,58.03,1426,98.46,2,500,500.0,100.0,LOW,97.74,3.09,139370.22,SELL NOW
2025-05-14 12:00:00,FPO_Jaipur,Cabbage,34.2,81.91,1425,23.98,5,2500,951.15,38.05,LOW,27.09,2.89,38605.59,STORE
2025-05-14 13:00:00,FPO_Indore,Tomato,26.49,62.13,299,32.67,9,2000,281.79,14.09,LOW,32.5,4.02,9718.02,SELL NOW
2025-05-14 14:00:00,FPO_Ahmedabad,Mango,27.05,54.15,1621,67.13,8,2000,1287.76,64.39,LOW,67.33,1.69,109141.26,SELL NOW
2025-05-14 15:00:00,FPO_Karnal,Onion,31.54,85.99,1673,29.31,9,1000,1000.0,100.0,HIGH,25.7,3.15,43000.16,SELL NOW
2025-05-14 16:00:00,FPO_Nagpur,Mango,18.23,60.8,1015,70.11,7,1000,1000.0,100.0,LOW,58.08,2.42,58953.21,SELL NOW
2025-05-14 17:00:00,FPO_Lucknow,Potato,25.88,72.83,317,13.31,10,1000,651.27,65.13,MEDIUM,14.4,1.8,4564.1,SELL NOW
2025-05-14 18:00:00,FPO_Ahmedabad,Apple,20.8,79.09,620,95.49,7,2500,682.15,27.29,LOW,100.18,3.13,62111.95,SELL NOW
2025-05-14 19:00:00,FPO_Nagpur,Apple,36.54,51.81,1466,97.61,14,500,500.0,100.0,HIGH,101.63,2.1,148993.17,SELL NOW
2025-05-14 20:00:00,FPO_Nashik,Apple,25.81,71.33,740,105.28,14,1000,883.66,88.37,MEDIUM,100.8,2.4,74591.12,SELL NOW
2025-05-14 21:00:00,FPO_Nagpur,Apple,29.66,73.36,1450,101.15,13,2500,1280.76,51.23,MEDIUM,92.87,3.27,134662.31,SELL NOW
2025-05-14 22:00:00,FPO_Lucknow,Apple,26.69,41.79,1724,96.62,2,1500,1179.12,78.61,LOW,99.23,4.91,171065.66,SELL NOW
2025-05-14 23:00:00,FPO_Nagpur,Apple,26.3,69.85,1436,94.37,12,500,500.0,100.0,MEDIUM,91.57,3.89,131497.78,SELL NOW
2025-05-15 00:00:00,FPO_Jaipur,Tomato,29.27,59.69,1129,20.53,13,1500,1313.06,87.54,MEDIUM,21.28,2.48,24025.59,SELL NOW
2025-05-15 01:00:00,FPO_Surat,Onion,23.62,89.3,898,32.58,3,2000,867.39,43.37,LOW,29.74,2.84,26702.82,SELL NOW
2025-05-15 02:00:00,FPO_Lucknow,Apple,26.81,77.99,312,98.05,11,2000,680.76,34.04,LOW,93.27,2.92,29101.18,SELL NOW
2025-05-15 03:00:00,FPO_Surat,Onion,26.76,71.59,572,35.07,10,500,500.0,100.0,MEDIUM,43.92,2.04,25124.59,STORE
2025-05-15 04:00:00,FPO_Indore,Cabbage,25.46,34.38,498,17.83,8,1000,475.34,47.53,LOW,23.13,2.06,11519.65,STORE
2025-05-15 05:00:00,FPO_Surat,Apple,30.35,71.67,1896,102.14,11,500,500.0,100.0,HIGH,105.01,2.02,199102.2,SELL NOW
2025-05-15 06:00:00,FPO_Nashik,Mango,25.32,53.59,1242,59.79,2,1000,862.98,86.3,LOW,67.23,3.33,83500.57,STORE
2025-05-15 07:00:00,FPO_Jaipur,Apple,37.67,78.1,975,96.93,7,2000,642.16,32.11,MEDIUM,100.02,3.86,97519.15,SELL NOW
2025-05-15 08:00:00,FPO_Indore,Potato,31.77,62.6,870,19.3,12,500,500.0,100.0,MEDIUM,20.4,3.57,17750.41,SELL NOW
2025-05-15 09:00:00,FPO_Nagpur,Tomato,19.9,57.21,210,28.51,6,500,305.84,61.17,LOW,39.8,4.92,8358.98,STORE
2025-05-15 10:00:00,FPO_Lucknow,Mango,31.31,58.45,207,59.84,12,1000,537.79,53.78,LOW,71.46,1.94,14791.77,STORE
2025-05-15 11:00:00,FPO_Nashik,Mango,23.86,59.45,1376,55.54,10,2000,1253.85,62.69,LOW,53.5,4.95,73610.43,SELL NOW
2025-05-15 12:00:00,FPO_Jaipur,Potato,28.81,44.79,1848,24.58,4,2000,1393.71,69.69,LOW,28.94,3.13,53484.15,STORE
2025-05-15 13:00:00,FPO_Indore,Apple,23.61,46.76,1883,106.03,11,1000,1000.0,100.0,LOW,109.74,2.27,206647.55,SELL NOW
2025-05-15 14:00:00,FPO_Indore,Tomato,15.0,59.97,1773,26.78,4,1000,1000.0,100.0,LOW,34.09,4.8,60449.99,STORE
2025-05-15 15:00:00,FPO_Nashik,Mango,27.87,88.33,1358,62.91,3,1000,1000.0,100.0,MEDIUM,60.61,3.14,82312.77,SELL NOW
2025-05-15 16:00:00,FPO_Karnal,Tomato,19.39,75.72,1596,27.2,14,2000,1426.68,71.33,MEDIUM,36.58,2.72,58386.16,STORE
2025-05-15 17:00:00,FPO_Nagpur,Mango,30.52,77.06,660,72.05,6,2000,699.27,34.96,LOW,70.43,2.25,46482.11,SELL NOW
2025-05-15 18:00:00,FPO_Nashik,Apple,29.05,82.96,1458,100.07,3,500,500.0,100.0,MEDIUM,102.4,2.44,149292.37,SELL NOW
2025-05-15 19:00:00,FPO_Indore,Cabbage,24.38,69.22,454,28.51,9,2000,561.96,28.1,LOW,25.82,4.93,11724.55,SELL NOW
2025-05-15 20:00:00,FPO_Ahmedabad,Mango,38.95,58.15,785,65.84,4,1500,647.37,43.16,LOW,66.16,2.56,51936.74,SELL NOW
2025-05-15 21:00:00,FPO_Jaipur,Cabbage,20.56,58.84,1551,21.8,4,1500,1199.1,79.94,LOW,19.62,4.92,30433.13,SELL NOW
2025-05-15 22:00:00,FPO_Nashik,Mango,24.25,52.61,561,63.53,2,1000,379.15,37.91,LOW,61.76,2.66,34644.59,SELL NOW
2025-05-15 23:00:00,FPO_Karnal,Onion,21.28,77.17,1597,34.31,2,1000,1000.0,100.0,LOW,41.17,2.31,65753.5,STORE
2025-05-16 00:00:00,FPO_Indore,Apple,40.25,50.96,1202,102.15,7,1000,1000.0,100.0,MEDIUM,104.93,2.14,126126.32,SELL NOW
2025-05-16 01:00:00,FPO_Nagpur,Potato,36.11,95.0,987,25.82,5,500,500.0,100.0,HIGH,38.79,2.94,38282.55,SELL NOW
2025-05-16 02:00:00,FPO_Surat,Cabbage,19.47,51.46,408,21.76,3,1500,297.46,19.83,LOW,23.67,2.33,9656.61,SELL NOW
2025-05-16 03:00:00,FPO_Indore,Potato,23.05,83.34,466,32.74,6,1500,659.68,43.98,LOW,31.81,3.94,14822.28,SELL NOW
2025-05-16 04:00:00,FPO_Nagpur,Apple,23.25,83.42,855,88.01,6,2000,860.68,43.03,LOW,88.39,2.34,75570.48,SELL NOW
2025-05-16 05:00:00,FPO_Nashik,Potato,24.7,74.37,1196,17.79,1,1500,651.82,43.45,LOW,20.02,4.42,23946.36,STORE
2025-05-16 06:00:00,FPO_Nagpur,Apple,21.74,89.31,753,93.31,3,2000,866.7,43.33,LOW,97.87,4.42,73696.94,SELL NOW
2025-05-16 07:00:00,FPO_Lucknow,Potato,24.37,62.06,935,30.61,12,500,500.0,100.0,MEDIUM,31.61,2.5,29557.98,SELL NOW
2025-05-16 08:00:00,FPO_Lucknow,Cabbage,34.03,66.92,1729,24.35,5,1000,1000.0,100.0,MEDIUM,20.9,4.14,36140.77,SELL NOW
2025-05-16 09:00:00,FPO_Lucknow,Onion,39.68,68.37,1787,25.28,11,1000,1000.0,100.0,HIGH,32.95,4.5,58872.87,SELL NOW
2025-05-16 10:00:00,FPO_Karnal,Potato,18.73,73.85,620,18.97,13,2000,1019.89,50.99,LOW,28.07,3.57,17401.22,STORE
2025-05-16 11:00:00,FPO_Karnal,Cabbage,21.75,37.72,507,17.38,11,2500,767.14,30.69,LOW,18.25,2.78,9250.93,SELL NOW
2025-05-16 12:00:00,FPO_Ahmedabad,Mango,29.28,63.41,336,63.14,7,2000,425.09,21.25,LOW,73.57,3.04,24718.43,STORE
2025-05-16 13:00:00,FPO_Karnal,Apple,18.52,77.87,1642,103.64,4,500,500.0,100.0,LOW,104.12,4.25,170958.67,SELL NOW
2025-05-16 14:00:00,FPO_Surat,Tomato,29.44,59.42,394,29.52,12,1500,901.18,60.08,LOW,37.73,2.53,14865.83,STORE
2025-05-16 15:00:00,FPO_Nashik,Tomato,31.24,94.39,1318,24.42,8,2000,1214.75,60.74,HIGH,22.67,2.67,29881.27,SELL NOW
2025-05-16 16:00:00,FPO_Indore,Apple,32.2,66.92,1713,107.63,3,500,500.0,100.0,LOW,122.5,2.06,209838.48,STORE
2025-05-16 17:00:00,FPO_Indore,Onion,31.07,72.72,1481,33.91,6,1000,1000.0,100.0,MEDIUM,28.12,2.9,41641.38,SELL NOW
2025-05-16 18:00:00,FPO_Ahmedabad,Potato,24.79,88.26,1248,13.28,6,2500,1072.41,42.9,LOW,10.78,1.8,13447.69,SELL NOW
2025-05-16 19:00:00,FPO_Karnal,Onion,26.91,66.94,1455,29.03,9,2500,1395.8,55.83,LOW,43.02,2.62,62595.03,STORE
2025-05-16 20:00:00,FPO_Surat,Tomato,20.92,88.02,1555,22.22,4,2000,1281.01,64.05,LOW,16.66,2.81,25902.82,SELL NOW
2025-05-16 21:00:00,FPO_Nagpur,Cabbage,30.79,73.75,805,32.36,7,1500,830.23,55.35,LOW,34.12,2.39,27468.66,SELL NOW
2025-05-16 22:00:00,FPO_Ahmedabad,Apple,37.62,73.78,1213,97.76,10,2000,1128.21,56.41,MEDIUM,98.12,1.85,119014.61,SELL NOW
2025-05-16 23:00:00,FPO_Surat,Apple,30.77,51.66,1061,93.1,1,2500,694.09,27.76,LOW,96.26,3.33,102131.03,SELL NOW
2025-05-17 00:00:00,FPO_Nagpur,Onion,23.83,81.6,420,29.27,11,2500,821.06,32.84,LOW,33.54,4.53,14088.24,STORE
2025-05-17 01:00:00,FPO_Surat,Cabbage,33.97,55.9,496,32.95,1,1000,336.12,33.61,LOW,34.76,2.67,17238.61,SELL NOW
2025-05-17 02:00:00,FPO_Nagpur,Onion,42.19,62.2,1426,34.32,2,1500,893.63,59.58,LOW,41.03,2.33,58502.66,STORE
2025-05-17 03:00:00,FPO_Jaipur,Potato,29.46,83.89,1210,19.39,4,1500,1126.98,75.13,MEDIUM,29.45,2.5,35638.1,STORE
2025-05-17 04:00:00,FPO_Surat,Mango,31.33,59.5,542,59.13,12,2500,568.25,22.73,LOW,59.22,4.52,32099.89,SELL NOW
2025-05-17 05:00:00,FPO_Indore,Cabbage,32.07,70.22,792,29.97,6,2500,707.23,28.29,LOW,24.04,3.35,19037.69,SELL NOW
2025-05-17 06:00:00,FPO_Lucknow,Mango,18.37,64.19,1428,66.97,4,2000,1061.03,53.05,LOW,66.6,1.96,95106.36,SELL NOW
2025-05-17 07:00:00,FPO_Karnal,Potato,25.53,64.72,1091,14.25,6,2000,1000.99,50.05,LOW,18.75,3.98,20451.47,STORE
2025-05-17 08:00:00,FPO_Nagpur,Mango,24.92,62.76,276,60.77,2,1000,74.92,7.49,LOW,64.58,2.04,17823.6,SELL NOW
2025-05-17 09:00:00,FPO_Jaipur,Tomato,33.01,49.46,1773,26.23,9,2500,1375.07,55.0,LOW,33.64,1.71,59636.2,STORE
2025-05-17 10:00:00,FPO_Surat,Mango,32.31,73.18,906,57.56,11,2000,983.19,49.16,MEDIUM,69.88,2.39,63309.96,STORE
2025-05-17 11:00:00,FPO_Indore,Potato,27.28,74.51,1265,28.71,3,1000,1000.0,100.0,LOW,32.77,2.09,41452.04,STORE
2025-05-17 12:00:00,FPO_Lucknow,Mango,24.56,56.27,1678,53.23,7,1500,1265.78,84.39,LOW,54.19,3.62,90934.41,SELL NOW
2025-05-17 13:00:00,FPO_Nagpur,Apple,17.88,58.37,1405,104.03,1,2500,1259.33,50.37,LOW,103.39,3.2,145263.48,SELL NOW
2025-05-17 14:00:00,FPO_Surat,Onion,27.91,78.69,956,18.59,8,500,500.0,100.0,MEDIUM,20.66,4.03,19747.71,STORE
2025-05-17 15:00:00,FPO_Surat,Tomato,22.27,61.04,1418,24.37,4,2500,952.83,38.11,LOW,31.63,3.29,44852.32,STORE
2025-05-17 16:00:00,FPO_Nagpur,Apple,21.53,66.39,789,100.17,14,2000,1090.36,54.52,LOW,100.15,2.97,79018.35,SELL NOW
2025-05-17 17:00:00,FPO_Ahmedabad,Apple,33.56,51.78,587,93.44,11,2500,640.66,25.63,LOW,99.43,3.34,58363.31,SELL NOW
2025-05-17 18:00:00,FPO_Ahmedabad,Potato,32.93,64.05,1126,33.02,12,500,500.0,100.0,HIGH,30.6,3.02,34451.37,SELL NOW
2025-05-17 19:00:00,FPO_Indore,Onion,25.07,51.86,836,26.41,13,2500,794.44,31.78,LOW,29.32,1.63,24511.99,STORE
2025-05-17 20:00:00,FPO_Lucknow,Onion,18.59,55.93,340,26.01,5,2000,418.66,20.93,LOW,21.27,3.88,7230.34,SELL NOW
2025-05-17 21:00:00,FPO_Nagpur,Cabbage,23.05,53.54,1250,21.53,7,1500,1115.56,74.37,LOW,21.69,4.87,27117.5,SELL NOW
2025-05-17 22:00:00,FPO_Indore,Tomato,33.96,77.95,1538,30.92,3,2000,1000.21,50.01,LOW,41.31,2.98,63531.83,STORE
2025-05-17 23:00:00,FPO_Indore,Potato,30.81,45.06,1544,26.54,9,1000,1000.0,100.0,LOW,30.84,2.98,47616.46,STORE
2025-05-18 00:00:00,FPO_Nashik,Tomato,25.17,69.0,647,25.81,9,2000,886.01,44.3,LOW,28.14,1.66,18208.04,SELL NOW
2025-05-18 01:00:00,FPO_Surat,Cabbage,28.35,61.65,492,26.58,8,1000,474.0,47.4,LOW,30.94,4.62,15220.15,STORE
2025-05-18 02:00:00,FPO_Karnal,Mango,15.55,85.94,1977,61.97,1,2500,1557.86,62.31,LOW,67.54,4.75,133535.42,SELL NOW
2025-05-18 03:00:00,FPO_Surat,Apple,15.1,76.69,1459,92.79,12,1000,1000.0,100.0,MEDIUM,97.42,4.35,142129.0,SELL NOW
2025-05-18 04:00:00,FPO_Ahmedabad,Tomato,39.86,46.4,914,27.4,13,2500,837.51,33.5,LOW,31.55,1.87,28833.76,STORE
2025-05-18 05:00:00,FPO_Lucknow,Apple,31.04,56.59,656,96.85,12,1000,843.58,84.36,MEDIUM,94.86,4.65,62228.52,SELL NOW
2025-05-18 06:00:00,FPO_Surat,Potato,28.01,64.79,1091,14.22,2,2000,784.84,39.24,LOW,9.82,1.58,10716.29,SELL NOW
2025-05-18 07:00:00,FPO_Nagpur,Mango,25.62,56.59,1038,61.07,2,500,500.0,100.0,LOW,67.7,3.06,70272.32,STORE
2025-05-18 08:00:00,FPO_Indore,Potato,17.43,78.62,853,27.07,3,2500,808.95,32.36,LOW,23.53,3.25,20071.74,SELL NOW
2025-05-18 09:00:00,FPO_Nagpur,Mango,33.96,67.55,1829,60.22,2,1000,972.59,97.26,LOW,65.05,4.42,118968.92,SELL NOW
2025-05-18 10:00:00,FPO_Nashik,Mango,21.18,62.1,863,47.14,1,500,492.79,98.56,LOW,55.18,4.13,47620.74,STORE
2025-05-18 11:00:00,FPO_Lucknow,Apple,32.23,79.71,964,97.72,11,1000,1000.0,100.0,HIGH,95.56,4.29,92121.59,SELL NOW
2025-05-18 12:00:00,FPO_Indore,Potato,28.79,47.34,1290,17.53,5,1000,908.21,90.82,LOW,17.25,4.54,22253.07,SELL NOW
2025-05-18 13:00:00,FPO_Nagpur,Potato,27.69,61.02,375,30.9,6,1000,487.1,48.71,LOW,33.13,3.17,12424.07,SELL NOW
2025-05-18 14:00:00,FPO_Ahmedabad,Tomato,20.19,68.72,709,26.3,13,2000,1029.42,51.47,LOW,24.87,4.23,17631.95,SELL NOW
2025-05-18 15:00:00,FPO_Karnal,Potato,20.27,62.88,1838,13.93,7,1000,1000.0,100.0,LOW,12.42,1.74,22820.28,SELL NOW
2025-05-18 16:00:00,FPO_Nashik,Tomato,30.34,30.0,1314,27.77,10,500,500.0,100.0,LOW,28.1,3.06,36929.54,SELL NOW
2025-05-18 17:00:00,FPO_Lucknow,Onion,28.48,70.09,904,33.18,7,1000,697.78,69.78,LOW,32.32,1.61,29220.2,SELL NOW
2025-05-18 18:00:00,FPO_Nashik,Onion,28.28,72.54,1389,30.49,2,1500,977.2,65.15,LOW,35.93,4.7,49901.26,STORE
2025-05-18 19:00:00,FPO_Ahmedabad,Onion,29.72,49.81,801,25.99,13,2500,838.31,33.53,LOW,29.38,4.85,23531.73,STORE
2025-05-18 20:00:00,FPO_Lucknow,Cabbage,16.38,32.26,1037,22.71,7,2000,1093.96,54.7,LOW,18.47,1.79,19157.16,SELL NOW
2025-05-18 21:00:00,FPO_Nashik,Potato,34.09,54.83,1201,25.83,2,1500,672.3,44.82,LOW,37.47,3.36,44999.44,STORE
2025-05-18 22:00:00,FPO_Jaipur,Cabbage,25.86,61.95,1661,25.51,2,1500,1179.91,78.66,LOW,27.01,2.64,44869.86,SELL NOW
2025-05-18 23:00:00,FPO_Ahmedabad,Potato,35.02,63.34,250,32.13,12,500,465.03,93.01,HIGH,34.78,2.7,8694.86,SELL NOW
2025-05-19 00:00:00,FPO_Ahmedabad,Tomato,15.95,35.49,1901,28.49,6,500,500.0,100.0,LOW,28.87,3.08,54888.61,SELL NOW
2025-05-19 01:00:00,FPO_Ahmedabad,Cabbage,31.41,68.05,885,17.36,6,2000,602.43,30.12,LOW,20.3,1.94,17969.74,STORE
2025-05-19 02:00:00,FPO_Jaipur,Cabbage,31.36,80.43,1962,24.0,8,2000,1532.54,76.63,MEDIUM,22.47,2.13,44083.67,SELL NOW
2025-05-19 03:00:00,FPO_Jaipur,Cabbage,19.08,79.35,465,22.18,5,2500,621.88,24.88,LOW,18.42,3.52,8563.43,SELL NOW
2025-05-19 04:00:00,FPO_Nagpur,Mango,24.16,83.33,1744,52.24,5,1000,1000.0,100.0,MEDIUM,53.58,1.57,93438.07,SELL NOW
2025-05-19 05:00:00,FPO_Indore,Tomato,21.64,46.81,1310,28.65,10,2000,1218.35,60.92,LOW,38.82,3.6,50860.62,STORE
2025-05-19 06:00:00,FPO_Karnal,Onion,33.18,78.19,805,27.91,1,2000,444.45,22.22,LOW,33.73,2.62,27148.81,STORE
2025-05-19 07:00:00,FPO_Nashik,Tomato,29.85,50.99,1275,28.75,4,1000,848.25,84.82,LOW,37.84,4.41,48243.91,STORE
2025-05-19 08:00:00,FPO_Nagpur,Mango,37.59,76.84,1402,69.15,1,2500,874.19,34.97,LOW,69.28,3.6,97123.66,SELL NOW
2025-05-19 09:00:00,FPO_Nashik,Potato,29.22,53.94,1501,21.35,10,500,500.0,100.0,MEDIUM,20.27,3.98,30426.84,SELL NOW
2025-05-19 10:00:00,FPO_Karnal,Tomato,32.39,70.28,1462,33.12,5,2500,1216.68,48.67,LOW,33.55,1.9,49045.3,SELL NOW
2025-05-19 11:00:00,FPO_Indore,Cabbage,35.03,88.03,784,24.04,8,1000,587.59,58.76,HIGH,29.61,2.43,23214.82,SELL NOW
2025-05-19 12:00:00,FPO_Jaipur,Onion,31.33,78.99,538,32.08,1,500,339.12,67.82,LOW,40.18,4.99,21615.84,STORE
2025-05-19 13:00:00,FPO_Indore,Onion,25.69,51.17,1295,30.6,14,500,500.0,100.0,MEDIUM,32.22,3.02,41720.46,SELL NOW
2025-05-19 14:00:00,FPO_Jaipur,Potato,24.58,47.92,573,23.34,3,500,347.24,69.45,LOW,19.31,2.76,11067.32,SELL NOW
2025-05-19 15:00:00,FPO_Karnal,Tomato,27.52,76.65,779,27.34,1,2500,577.78,23.11,LOW,35.21,4.56,27430.73,STORE
2025-05-19 16:00:00,FPO_Indore,Mango,32.78,84.79,716,67.25,13,1000,915.8,91.58,HIGH,75.8,1.62,54273.65,SELL NOW
2025-05-19 17:00:00,FPO_Nagpur,Potato,23.4,71.45,1461,25.16,6,2500,1074.57,42.98,LOW,30.72,3.37,44876.92,STORE
2025-05-19 18:00:00,FPO_Lucknow,Tomato,31.91,57.33,1689,28.58,10,2500,1247.45,49.9,LOW,38.72,2.24,65401.78,STORE
2025-05-19 19:00:00,FPO_Nagpur,Apple,29.94,65.63,320,104.54,1,1500,246.58,16.44,LOW,97.96,2.79,31348.29,SELL NOW
2025-05-19 20:00:00,FPO_Nashik,Onion,20.48,71.49,1636,30.64,10,2000,1354.86,67.74,LOW,29.03,2.2,47485.89,SELL NOW
2025-05-19 21:00:00,FPO_Nagpur,Mango,31.62,63.66,1946,65.58,12,2500,1553.42,62.14,MEDIUM,68.69,1.63,133664.45,SELL NOW
2025-05-19 22:00:00,FPO_Karnal,Cabbage,28.85,51.18,1997,19.1,3,1500,1418.12,94.54,LOW,16.81,2.96,33575.01,SELL NOW
2025-05-19 23:00:00,FPO_Ahmedabad,Mango,24.7,80.96,1036,70.66,5,1000,910.93,91.09,MEDIUM,78.25,4.26,81061.82,STORE
2025-05-20 00:00:00,FPO_Nashik,Cabbage,28.76,93.17,769,25.86,5,1500,879.02,58.6,MEDIUM,22.98,4.83,17672.3,SELL NOW
2025-05-20 01:00:00,FPO_Indore,Mango,24.93,86.4,242,54.29,2,2500,276.36,11.05,LOW,64.02,3.68,15492.05,STORE
2025-05-20 02:00:00,FPO_Nashik,Onion,29.49,32.43,1727,33.75,3,1000,1000.0,100.0,LOW,32.5,2.86,56128.23,SELL NOW
2025-05-20 03:00:00,FPO_Lucknow,Cabbage,26.99,82.34,1420,31.47,14,1500,1425.71,95.05,HIGH,41.47,4.19,58883.1,SELL NOW
2025-05-20 04:00:00,FPO_Jaipur,Tomato,18.82,73.67,271,22.88,13,2500,821.39,32.86,LOW,21.75,3.27,5895.42,SELL NOW
2025-05-20 05:00:00,FPO_Indore,Cabbage,27.17,55.14,290,22.64,9,1000,367.56,36.76,LOW,13.83,2.79,4010.07,SELL NOW
2025-05-20 06:00:00,FPO_Surat,Potato,25.34,35.57,1772,27.07,13,1000,1000.0,100.0,LOW,30.78,2.13,54543.21,STORE
2025-05-20 07:00:00,FPO_Nashik,Tomato,31.81,63.3,690,30.82,1,2000,588.05,29.4,LOW,37.23,4.29,25687.46,STORE
2025-05-20 08:00:00,FPO_Indore,Potato,33.28,70.46,948,19.8,13,2500,946.81,37.87,MEDIUM,17.61,3.25,16694.52,SELL NOW
2025-05-20 09:00:00,FPO_Indore,Mango,24.95,48.4,1197,58.75,1,2000,736.94,36.85,LOW,69.68,4.87,83406.34,STORE
2025-05-20 10:00:00,FPO_Indore,Tomato,23.26,83.48,582,21.75,12,1000,796.5,79.65,MEDIUM,31.59,4.31,18385.79,STORE
2025-05-20 11:00:00,FPO_Jaipur,Mango,17.92,83.12,1004,55.06,2,1000,941.05,94.1,LOW,57.18,2.97,57405.83,SELL NOW
2025-05-20 12:00:00,FPO_Surat,Apple,23.12,72.02,1689,91.64,8,1500,1288.05,85.87,LOW,96.23,4.09,162528.9,SELL NOW
2025-05-20 13:00:00,FPO_Karnal,Mango,26.06,44.41,1377,58.26,6,2000,1160.54,58.03,LOW,61.34,3.09,84459.66,SELL NOW
2025-05-20 14:00:00,FPO_Nagpur,Mango,19.96,61.07,369,63.39,14,500,500.0,100.0,MEDIUM,69.67,1.78,25706.87,SELL NOW
2025-05-20 15:00:00,FPO_Indore,Potato,33.36,75.86,1495,20.67,4,2500,1091.09,43.64,LOW,27.92,3.31,41746.82,STORE
2025-05-20 16:00:00,FPO_Ahmedabad,Cabbage,29.57,74.87,1117,30.58,7,2000,953.31,47.67,LOW,25.3,4.53,28260.57,SELL NOW
2025-05-20 17:00:00,FPO_Karnal,Apple,27.28,54.51,1333,96.77,6,1000,1000.0,100.0,LOW,108.16,4.49,144171.03,STORE
2025-05-20 18:00:00,FPO_Lucknow,Mango,27.9,56.71,350,52.54,9,1500,467.52,31.17,LOW,61.48,3.51,21518.16,STORE
2025-05-20 19:00:00,FPO_Jaipur,Mango,29.84,54.13,630,65.77,6,2500,472.09,18.88,LOW,63.54,2.83,40032.45,SELL NOW
2025-05-20 20:00:00,FPO_Nashik,Apple,31.8,60.76,650,101.84,2,2500,472.43,18.9,LOW,112.1,1.54,72862.78,STORE
2025-05-20 21:00:00,FPO_Jaipur,Apple,32.85,57.7,842,106.14,3,1500,554.02,36.93,LOW,118.69,2.59,99938.59,STORE
2025-05-20 22:00:00,FPO_Nashik,Tomato,26.15,54.97,979,26.32,9,1000,1000.0,100.0,LOW,20.74,4.96,20306.68,SELL NOW
2025-05-20 23:00:00,FPO_Jaipur,Potato,27.15,62.94,222,29.95,7,500,452.1,90.42,LOW,36.39,4.04,8078.39,STORE
2025-05-21 00:00:00,FPO_Nashik,Apple,29.04,65.6,566,94.62,6,1500,577.08,38.47,LOW,102.21,4.01,57851.45,SELL NOW
2025-05-21 01:00:00,FPO_Indore,Apple,26.9,81.31,850,98.56,13,500,500.0,100.0,HIGH,103.39,4.16,87879.97,SELL NOW
2025-05-21 02:00:00,FPO_Nagpur,Onion,33.23,38.28,1019,32.04,5,2000,541.24,27.06,LOW,40.89,3.67,41667.03,STORE
2025-05-21 03:00:00,FPO_Nashik,Cabbage,35.36,83.29,438,22.65,3,2500,412.76,16.51,LOW,26.65,3.55,11673.4,STORE
2025-05-21 04:00:00,FPO_Surat,Apple,30.06,53.79,633,101.14,4,1000,482.51,48.25,LOW,106.61,3.09,67484.97,SELL NOW
2025-05-21 05:00:00,FPO_Nashik,Potato,22.55,92.91,903,28.24,1,500,500.0,100.0,LOW,21.74,3.05,19629.47,SELL NOW
2025-05-21 06:00:00,FPO_Ahmedabad,Cabbage,31.05,75.1,1350,26.88,5,1000,1000.0,100.0,MEDIUM,26.6,4.55,35909.18,SELL NOW
2025-05-21 07:00:00,FPO_Nashik,Cabbage,30.3,73.21,1141,24.11,7,2000,1075.19,53.76,LOW,33.44,2.88,38149.47,STORE
2025-05-21 08:00:00,FPO_Ahmedabad,Mango,22.05,63.44,740,66.13,2,500,378.78,75.76,LOW,65.65,4.44,48581.72,SELL NOW
2025-05-21 09:00:00,FPO_Lucknow,Mango,30.3,95.0,832,62.56,11,1000,1000.0,100.0,HIGH,65.28,4.43,54312.65,SELL NOW
2025-05-21 10:00:00,FPO_Indore,Mango,24.73,64.54,397,59.96,12,1000,530.75,53.08,LOW,57.31,4.2,22753.61,SELL NOW
2025-05-21 11:00:00,FPO_Ahmedabad,Mango,32.48,87.68,1909,59.6,8,2000,1499.6,74.98,HIGH,59.28,1.63,113166.07,SELL NOW
2025-05-21 12:00:00,FPO_Nagpur,Onion,31.0,56.38,1879,28.16,12,1500,1500.0,100.0,MEDIUM,32.85,2.02,61731.82,STORE
2025-05-21 13:00:00,FPO_Karnal,Apple,29.34,75.75,681,104.22,10,2000,946.84,47.34,MEDIUM,106.52,2.6,72541.31,SELL NOW
2025-05-21 14:00:00,FPO_Indore,Mango,28.23,93.47,1402,64.4,6,500,500.0,100.0,HIGH,58.31,4.47,81753.66,SELL NOW
2025-05-21 15:00:00,FPO_Ahmedabad,Tomato,15.2,52.28,1068,34.33,10,500,500.0,100.0,LOW,33.55,4.56,35828.26,SELL NOW
2025-05-21 16:00:00,FPO_Indore,Mango,20.71,72.37,722,62.15,14,2500,887.81,35.51,LOW,72.12,1.65,52069.24,STORE
2025-05-21 17:00:00,FPO_Surat,Apple,27.22,54.4,850,97.28,3,1000,653.57,65.36,LOW,105.63,2.64,89782.98,SELL NOW
2025-05-21 18:00:00,FPO_Indore,Mango,37.12,71.44,1158,61.65,2,500,500.0,100.0,MEDIUM,64.81,4.48,75054.32,SELL NOW
2025-05-21 19:00:00,FPO_Indore,Onion,31.39,93.41,636,27.19,8,1500,544.71,36.31,MEDIUM,31.87,2.37,20268.51,STORE
2025-05-21 20:00:00,FPO_Lucknow,Potato,38.88,51.0,1988,22.81,13,1500,1438.23,95.88,HIGH,22.58,4.92,44885.12,SELL NOW
2025-05-21 21:00:00,FPO_Nagpur,Potato,28.5,67.34,1056,29.05,4,2000,772.06,38.6,LOW,38.98,3.21,41159.89,STORE
2025-05-21 22:00:00,FPO_Jaipur,Apple,27.81,52.48,513,105.91,7,500,490.0,98.0,LOW,107.59,4.78,55195.18,SELL NOW
2025-05-21 23:00:00,FPO_Jaipur,Potato,36.55,63.06,218,26.53,7,500,396.95,79.39,MEDIUM,23.37,3.0,5094.45,SELL NOW
2025-05-22 00:00:00,FPO_Ahmedabad,Potato,27.04,74.32,1383,21.89,14,2500,1547.76,61.91,MEDIUM,16.38,2.63,22649.78,SELL NOW
2025-05-22 01:00:00,FPO_Indore,Tomato,22.08,60.53,1017,32.48,10,2500,1165.79,46.63,LOW,26.77,2.77,27228.38,SELL NOW
2025-05-22 02:00:00,FPO_Ahmedabad,Apple,29.9,88.61,321,96.8,9,2500,665.34,26.61,MEDIUM,95.83,4.6,30762.28,SELL NOW
2025-05-22 03:00:00,FPO_Lucknow,Apple,34.74,72.25,271,92.69,10,500,500.0,100.0,HIGH,103.93,2.66,28164.01,SELL NOW
2025-05-22 04:00:00,FPO_Lucknow,Potato,23.04,45.15,1278,23.36,14,2000,1317.33,65.87,LOW,39.73,3.84,50771.09,STORE
2025-05-22 05:00:00,FPO_Nashik,Potato,31.53,69.8,659,20.12,8,2000,712.46,35.62,LOW,28.47,3.14,18759.37,STORE
2025-05-22 06:00:00,FPO_Surat,Potato,27.44,86.92,368,30.92,12,2000,883.13,44.16,MEDIUM,25.21,4.8,9275.51,SELL NOW
2025-05-22 07:00:00,FPO_Lucknow,Cabbage,30.71,73.14,1834,33.16,13,2000,1509.41,75.47,HIGH,30.59,2.06,56095.75,SELL NOW
2025-05-22 08:00:00,FPO_Nashik,Onion,29.88,68.91,781,26.56,8,1500,849.32,56.62,LOW,24.01,3.0,18749.29,SELL NOW
2025-05-22 09:00:00,FPO_Nagpur,Mango,25.51,60.54,1372,63.47,7,500,500.0,100.0,LOW,65.04,1.94,89238.37,SELL NOW
2025-05-22 10:00:00,FPO_Ahmedabad,Onion,27.36,63.54,828,20.13,10,1000,993.25,99.32,MEDIUM,18.92,3.52,15667.15,SELL NOW
2025-05-22 11:00:00,FPO_Karnal,Apple,25.88,65.16,225,101.7,5,500,427.87,85.57,LOW,107.81,2.91,24257.5,SELL NOW
2025-05-22 12:00:00,FPO_Nagpur,Tomato,28.71,30.0,1471,29.57,9,2000,1115.02,55.75,LOW,31.14,1.71,45809.78,SELL NOW
2025-05-22 13:00:00,FPO_Lucknow,Mango,22.92,71.96,920,55.03,14,1500,1000.0,66.67,MEDIUM,62.41,4.47,57416.21,STORE
2025-05-22 14:00:00,FPO_Nagpur,Tomato,24.36,79.95,1450,28.83,12,1500,1500.0,100.0,HIGH,34.8,2.81,50462.85,SELL NOW
2025-05-22 15:00:00,FPO_Nagpur,Cabbage,25.52,53.78,1849,20.36,11,500,500.0,100.0,LOW,29.91,3.23,55307.37,STORE
2025-05-22 16:00:00,FPO_Surat,Apple,30.35,68.49,1929,104.26,7,1000,1000.0,100.0,MEDIUM,103.61,2.93,199863.78,SELL NOW
2025-05-22 17:00:00,FPO_Surat,Cabbage,19.51,70.3,1707,25.93,12,2000,1472.52,73.63,LOW,33.7,3.21,57523.08,STORE
2025-05-22 18:00:00,FPO_Surat,Apple,27.36,77.15,1233,107.46,14,1500,1268.0,84.53,HIGH,106.7,1.56,131555.43,SELL NOW
2025-05-22 19:00:00,FPO_Nagpur,Tomato,23.75,65.19,1318,20.35,11,2000,1348.88,67.44,LOW,23.07,4.35,30407.71,STORE
2025-05-22 20:00:00,FPO_Lucknow,Tomato,25.53,73.09,320,23.66,3,2000,366.55,18.33,LOW,22.49,2.66,7195.3,SELL NOW
2025-05-22 21:00:00,FPO_Karnal,Tomato,24.04,47.58,325,25.57,12,2000,506.54,25.33,LOW,30.35,4.04,9862.49,STORE
2025-05-22 22:00:00,FPO_Indore,Apple,29.17,49.79,748,102.45,6,2500,424.34,16.97,LOW,112.08,1.73,83834.0,SELL NOW
2025-05-22 23:00:00,FPO_Nagpur,Potato,27.06,71.47,1292,23.35,3,2000,1011.56,50.58,LOW,32.21,3.33,41610.9,STORE
2025-05-23 00:00:00,FPO_Nashik,Tomato,32.27,61.56,496,30.13,6,2000,417.39,20.87,LOW,34.92,4.68,17321.96,STORE
2025-05-23 01:00:00,FPO_Lucknow,Cabbage,30.41,41.29,885,21.75,13,1000,928.32,92.83,LOW,24.05,2.89,21285.72,STORE
2025-05-23 02:00:00,FPO_Nagpur,Mango,18.78,70.21,1724,50.49,8,1000,1000.0,100.0,LOW,53.4,2.19,92054.32,SELL NOW
2025-05-23 03:00:00,FPO_Karnal,Apple,22.24,45.88,1172,96.2,9,2500,993.98,39.76,LOW,106.84,1.85,125214.48,STORE
2025-05-23 04:00:00,FPO_Indore,Cabbage,26.96,95.0,1268,32.04,2,2500,1025.5,41.02,LOW,30.83,4.51,39096.23,SELL NOW
2025-05-23 05:00:00,FPO_Surat,Onion,27.74,32.36,834,26.9,6,2000,540.4,27.02,LOW,32.23,2.34,26878.83,STORE
2025-05-23 06:00:00,FPO_Lucknow,Onion,22.77,65.79,581,30.89,14,1500,897.83,59.86,LOW,39.51,4.91,22955.02,STORE
2025-05-23 07:00:00,FPO_Jaipur,Mango,35.82,48.26,1250,60.3,3,1500,817.15,54.48,LOW,63.26,2.37,79074.43,SELL NOW
2025-05-23 08:00:00,FPO_Indore,Potato,33.19,78.74,904,22.92,14,500,500.0,100.0,HIGH,30.55,3.18,27618.88,SELL NOW
2025-05-23 09:00:00,FPO_Nashik,Tomato,18.13,58.96,696,21.32,14,1500,979.43,65.3,LOW,35.41,3.1,24645.23,STORE
2025-05-23 10:00:00,FPO_Nagpur,Apple,30.07,80.19,1051,104.09,7,1500,808.96,53.93,MEDIUM,106.63,1.72,112066.01,SELL NOW
2025-05-23 11:00:00,FPO_Karnal,Cabbage,27.73,76.51,1359,24.5,11,1000,1000.0,100.0,HIGH,26.23,3.36,35646.18,SELL NOW
2025-05-23 12:00:00,FPO_Jaipur,Tomato,35.46,48.98,906,39.55,4,500,500.0,100.0,LOW,43.66,3.85,39552.84,STORE
2025-05-23 13:00:00,FPO_Karnal,Cabbage,18.58,54.09,1272,23.14,14,500,500.0,100.0,LOW,28.59,4.1,36362.37,STORE
2025-05-23 14:00:00,FPO_Jaipur,Apple,40.36,59.83,1831,104.89,5,1000,1000.0,100.0,MEDIUM,114.55,3.33,209742.93,SELL NOW
2025-05-23 15:00:00,FPO_Lucknow,Onion,22.94,63.99,1730,28.06,10,1500,1464.45,97.63,LOW,37.35,4.34,64616.58,STORE
2025-05-23 16:00:00,FPO_Jaipur,Tomato,30.27,62.05,320,37.6,6,1500,491.27,32.75,LOW,42.24,4.13,13517.82,STORE
2025-05-23 17:00:00,FPO_Nashik,Mango,24.36,75.92,1984,63.65,11,500,500.0,100.0,MEDIUM,56.82,2.18,112723.86,SELL NOW
2025-05-23 18:00:00,FPO_Nashik,Potato,25.74,68.51,1440,15.57,13,1500,1280.58,85.37,MEDIUM,11.33,2.91,16309.45,SELL NOW
2025-05-23 19:00:00,FPO_Ahmedabad,Mango,17.86,55.81,825,67.04,8,500,500.0,100.0,LOW,74.88,2.0,61779.12,STORE
2025-05-23 20:00:00,FPO_Nashik,Potato,35.18,51.31,725,25.88,2,1500,519.85,34.66,LOW,25.73,1.97,18653.21,SELL NOW
2025-05-23 21:00:00,FPO_Indore,Cabbage,26.38,52.76,1797,22.66,4,2000,1296.94,64.85,LOW,30.88,3.99,55490.76,STORE
2025-05-23 22:00:00,FPO_Jaipur,Tomato,26.79,69.95,1266,19.93,14,1000,1000.0,100.0,HIGH,27.06,3.36,34255.42,SELL NOW
2025-05-23 23:00:00,FPO_Nashik,Tomato,41.87,62.1,951,33.99,11,2500,770.05,30.8,MEDIUM,36.06,3.6,34297.14,SELL NOW
2025-05-24 00:00:00,FPO_Lucknow,Potato,33.76,95.0,295,30.64,4,2000,347.6,17.38,MEDIUM,29.51,4.06,8706.43,SELL NOW
2025-05-24 01:00:00,FPO_Karnal,Onion,23.99,65.0,226,35.6,6,1500,525.51,35.03,LOW,37.75,2.47,8531.17,SELL NOW
2025-05-24 02:00:00,FPO_Surat,Apple,24.34,67.83,1035,104.35,4,2500,954.08,38.16,LOW,108.36,2.9,112153.95,SELL NOW
2025-05-24 03:00:00,FPO_Karnal,Mango,29.56,37.98,1465,62.79,11,2000,1118.19,55.91,LOW,58.87,3.62,86248.76,SELL NOW
2025-05-24 04:00:00,FPO_Ahmedabad,Cabbage,32.62,44.93,686,30.3,5,1000,326.67,32.67,LOW,37.94,1.84,26025.66,STORE
2025-05-24 05:00:00,FPO_Karnal,Mango,38.51,48.18,439,58.69,5,2500,278.53,11.14,LOW,65.2,4.42,28621.92,STORE
2025-05-24 06:00:00,FPO_Jaipur,Mango,18.35,57.0,1527,50.93,8,2500,1310.79,52.43,LOW,54.86,2.7,83774.62,SELL NOW
2025-05-24 07:00:00,FPO_Ahmedabad,Cabbage,32.36,42.77,266,28.8,4,1000,58.18,5.82,LOW,32.75,3.81,8711.27,STORE
2025-05-24 08:00:00,FPO_Jaipur,Cabbage,33.33,47.68,1504,26.96,12,2000,1186.93,59.35,LOW,37.07,4.98,55758.58,STORE
2025-05-24 09:00:00,FPO_Lucknow,Tomato,23.26,74.97,1415,20.98,6,2500,1380.18,55.21,LOW,20.32,3.16,28753.39,SELL NOW
2025-05-24 10:00:00,FPO_Ahmedabad,Mango,25.84,52.1,1342,49.04,7,1000,1000.0,100.0,LOW,50.25,2.25,67440.73,SELL NOW
2025-05-24 11:00:00,FPO_Nagpur,Apple,18.22,64.38,1375,100.41,8,2000,1191.08,59.55,LOW,103.72,2.26,142613.86,SELL NOW
2025-05-24 12:00:00,FPO_Indore,Apple,24.99,73.88,1615,99.22,9,1500,1500.0,100.0,MEDIUM,99.32,1.71,160407.76,SELL NOW
2025-05-24 13:00:00,FPO_Indore,Potato,29.39,79.2,430,20.8,10,500,500.0,100.0,HIGH,23.16,4.18,9959.62,SELL NOW
2025-05-24 14:00:00,FPO_Jaipur,Cabbage,37.56,69.39,550,27.9,8,1500,444.01,29.6,LOW,23.02,2.53,12661.15,SELL NOW
2025-05-24 15:00:00,FPO_Karnal,Tomato,38.12,70.29,960,24.27,14,1500,949.01,63.27,HIGH,25.37,2.1,24355.87,SELL NOW
2025-05-24 16:00:00,FPO_Surat,Apple,21.82,79.66,1794,103.44,4,500,500.0,100.0,LOW,105.83,4.0,189865.98,SELL NOW
2025-05-24 17:00:00,FPO_Surat,Onion,36.75,71.21,1752,33.47,4,1500,1150.98,76.73,MEDIUM,32.73,2.58,57341.76,SELL NOW
2025-05-24 18:00:00,FPO_Nagpur,Tomato,16.3,80.53,1394,14.7,10,1500,1354.25,90.28,LOW,24.17,3.6,33690.2,STORE
2025-05-24 19:00:00,FPO_Ahmedabad,Tomato,24.49,32.85,1062,27.66,11,1000,973.63,97.36,LOW,32.84,2.96,34878.63,STORE
2025-05-24 20:00:00,FPO_Nagpur,Apple,26.19,63.74,1355,101.0,5,1000,1000.0,100.0,LOW,103.45,2.67,140179.08,SELL NOW
2025-05-24 21:00:00,FPO_Nagpur,Onion,29.51,65.84,556,33.74,3,2000,499.08,24.95,LOW,33.75,3.21,18765.77,SELL NOW
2025-05-24 22:00:00,FPO_Karnal,Potato,28.64,63.23,1871,24.74,2,2500,1151.63,46.07,LOW,20.05,2.6,37507.07,SELL NOW
2025-05-24 23:00:00,FPO_Surat,Apple,30.19,66.85,1265,91.25,2,2000,833.82,41.69,LOW,90.83,4.55,114904.07,SELL NOW
2025-05-25 00:00:00,FPO_Ahmedabad,Onion,26.9,58.88,1528,30.48,9,1000,1000.0,100.0,LOW,33.81,1.76,51661.71,STORE
2025-05-25 01:00:00,FPO_Lucknow,Tomato,33.76,76.83,1229,26.7,8,1000,1000.0,100.0,HIGH,29.34,1.61,36064.43,SELL NOW
2025-05-25 02:00:00,FPO_Karnal,Onion,32.15,56.97,528,35.37,6,500,306.45,61.29,LOW,34.62,2.92,18281.65,SELL NOW
2025-05-25 03:00:00,FPO_Nagpur,Tomato,26.26,61.73,1393,22.01,14,500,500.0,100.0,MEDIUM,33.36,2.1,46476.64,STORE
2025-05-25 04:00:00,FPO_Nagpur,Apple,33.05,86.66,1110,99.99,14,1000,1000.0,100.0,HIGH,108.47,4.1,120399.36,SELL NOW
2025-05-25 05:00:00,FPO_Lucknow,Cabbage,40.41,84.57,537,29.36,14,1500,705.69,47.05,HIGH,30.17,2.74,16199.74,SELL NOW
2025-05-25 06:00:00,FPO_Nagpur,Apple,23.96,67.36,1950,103.8,9,2000,1515.09,75.75,LOW,109.73,2.42,213965.24,SELL NOW
2025-05-25 07:00:00,FPO_Nagpur,Mango,38.05,55.45,1292,59.23,5,1000,895.43,89.54,MEDIUM,68.71,2.76,88773.9,STORE
2025-05-25 08:00:00,FPO_Nagpur,Mango,24.5,40.49,1081,65.9,14,1000,1000.0,100.0,LOW,70.64,2.27,76358.94,SELL NOW
2025-05-25 09:00:00,FPO_Indore,Mango,36.46,63.03,738,56.34,12,500,500.0,100.0,HIGH,58.51,2.55,43183.84,SELL NOW
2025-05-25 10:00:00,FPO_Karnal,Apple,24.72,72.62,936,103.66,10,2000,784.17,39.21,LOW,97.59,3.49,91348.43,SELL NOW
2025-05-25 11:00:00,FPO_Nashik,Potato,32.59,54.18,1730,26.49,1,2000,1008.44,50.42,LOW,29.16,4.52,50438.2,STORE
2025-05-25 12:00:00,FPO_Karnal,Apple,29.08,65.09,1969,93.16,8,2500,1406.45,56.26,LOW,92.37,2.8,181882.6,SELL NOW
2025-05-25 13:00:00,FPO_Lucknow,Cabbage,17.29,59.77,1709,31.51,3,1000,1000.0,100.0,LOW,31.54,2.62,53908.24,SELL NOW
2025-05-25 14:00:00,FPO_Nagpur,Onion,39.49,39.17,642,21.76,14,2500,913.9,36.56,LOW,23.16,4.24,14866.15,SELL NOW
2025-05-25 15:00:00,FPO_Karnal,Apple,22.63,66.76,1123,101.87,9,500,500.0,100.0,LOW,103.77,1.58,116528.83,SELL NOW
2025-05-25 16:00:00,FPO_Indore,Apple,20.38,71.53,1119,97.66,11,2500,1207.97,48.32,LOW,98.77,2.56,110526.0,SELL NOW
2025-05-25 17:00:00,FPO_Surat,Tomato,24.16,67.39,250,33.06,1,1500,287.67,19.18,LOW,29.39,3.08,7347.69,SELL NOW
2025-05-25 18:00:00,FPO_Lucknow,Tomato,43.19,89.19,348,29.65,3,1000,388.07,38.81,MEDIUM,23.9,3.6,8318.83,SELL NOW
2025-05-25 19:00:00,FPO_Jaipur,Tomato,20.48,60.17,1810,36.95,1,1000,1000.0,100.0,LOW,44.07,2.05,79770.7,STORE
2025-05-25 20:00:00,FPO_Karnal,Apple,29.07,58.98,1315,105.68,1,2000,828.84,41.44,LOW,117.18,3.01,154089.36,STORE
2025-05-25 21:00:00,FPO_Jaipur,Potato,21.26,95.0,567,22.66,6,2500,788.31,31.53,LOW,26.18,3.48,14844.56,STORE
2025-05-25 22:00:00,FPO_Nagpur,Onion,22.29,46.27,779,36.03,13,2000,827.67,41.38,LOW,33.55,3.29,26134.69,SELL NOW
2025-05-25 23:00:00,FPO_Indore,Onion,18.4,55.7,1970,29.48,4,2500,1289.48,51.58,LOW,37.43,3.51,73744.79,STORE
2025-05-26 00:00:00,FPO_Indore,Cabbage,29.89,70.41,855,19.55,10,2500,831.36,33.25,LOW,32.91,3.82,28137.3,STORE
2025-05-26 01:00:00,FPO_Karnal,Potato,27.03,81.88,275,19.71,4,500,473.76,94.75,MEDIUM,28.78,2.83,7914.63,STORE
2025-05-26 02:00:00,FPO_Lucknow,Potato,21.21,79.02,1309,21.43,5,2500,1107.27,44.29,LOW,31.15,1.72,40780.46,STORE
2025-05-26 03:00:00,FPO_Lucknow,Onion,33.24,49.4,426,14.46,14,2000,602.57,30.13,LOW,11.62,1.69,4950.91,SELL NOW
2025-05-26 04:00:00,FPO_Indore,Mango,33.87,89.41,1586,66.92,3,2500,1234.74,49.39,MEDIUM,67.1,4.51,106419.11,SELL NOW
2025-05-26 05:00:00,FPO_Lucknow,Tomato,30.44,71.96,1158,27.51,12,2500,1200.38,48.02,MEDIUM,36.55,3.87,42324.89,STORE
2025-05-26 06:00:00,FPO_Indore,Tomato,35.02,52.71,1791,32.82,2,1000,1000.0,100.0,LOW,29.78,4.17,53340.51,SELL NOW
2025-05-26 07:00:00,FPO_Karnal,Onion,25.91,53.97,791,30.8,14,1000,939.84,93.98,MEDIUM,31.03,4.75,24548.24,SELL NOW
2025-05-26 08:00:00,FPO_Nashik,Potato,29.93,66.07,223,14.29,10,1000,351.28,35.13,LOW,18.24,4.13,4067.25,STORE
2025-05-26 09:00:00,FPO_Indore,Cabbage,25.93,95.0,1962,25.4,8,1500,1500.0,100.0,HIGH,31.09,3.92,60993.54,SELL NOW
2025-05-26 10:00:00,FPO_Jaipur,Mango,18.96,68.19,227,59.4,11,1000,649.1,64.91,LOW,61.03,3.8,13852.79,SELL NOW
2025-05-26 11:00:00,FPO_Lucknow,Onion,29.32,95.0,320,26.57,7,1500,257.67,17.18,MEDIUM,29.62,2.41,9479.37,STORE
2025-05-26 12:00:00,FPO_Indore,Tomato,28.95,78.17,1713,26.05,10,1500,1364.33,90.96,MEDIUM,29.87,4.85,51175.12,STORE
2025-05-26 13:00:00,FPO_Indore,Apple,27.82,46.07,1828,100.13,13,2000,1726.71,86.34,LOW,102.0,3.4,186451.49,SELL NOW
2025-05-26 14:00:00,FPO_Karnal,Potato,30.24,86.11,1052,9.73,4,1000,806.64,80.66,MEDIUM,10.22,2.28,10748.18,SELL NOW
2025-05-26 15:00:00,FPO_Lucknow,Apple,36.47,50.84,823,101.8,2,2500,631.56,25.26,LOW,104.19,2.23,85749.15,SELL NOW
2025-05-26 16:00:00,FPO_Nashik,Cabbage,26.77,55.77,1089,28.02,12,500,500.0,100.0,MEDIUM,28.31,4.35,30833.44,SELL NOW
2025-05-26 17:00:00,FPO_Karnal,Onion,22.26,69.14,1568,32.5,9,2500,1310.37,52.41,LOW,39.97,2.38,62671.77,STORE
2025-05-26 18:00:00,FPO_Nashik,Tomato,26.51,64.57,230,26.59,8,1000,432.88,43.29,LOW,31.12,1.64,7157.78,STORE
2025-05-26 19:00:00,FPO_Surat,Mango,27.18,78.4,1878,69.82,4,2500,1346.61,53.86,LOW,72.45,3.0,136069.45,SELL NOW
2025-05-26 20:00:00,FPO_Karnal,Apple,33.9,72.53,1450,102.55,11,1000,1000.0,100.0,HIGH,104.36,4.36,151324.37,SELL NOW
2025-05-26 21:00:00,FPO_Lucknow,Mango,28.64,63.23,1069,57.91,5,1000,818.59,81.86,LOW,66.13,2.95,70688.9,STORE
2025-05-26 22:00:00,FPO_Ahmedabad,Cabbage,21.11,90.48,1473,18.81,14,2500,1621.22,64.85,MEDIUM,19.97,4.31,29411.07,SELL NOW
2025-05-26 23:00:00,FPO_Lucknow,Tomato,32.83,57.88,249,21.18,10,1500,313.63,20.91,LOW,27.8,4.4,6922.4,STORE
2025-05-27 00:00:00,FPO_Lucknow,Apple,31.87,50.0,925,102.0,6,2000,732.72,36.64,LOW,110.92,4.5,102605.53,SELL NOW
2025-05-27 01:00:00,FPO_Nashik,Cabbage,28.64,71.95,588,28.61,13,2000,792.53,39.63,MEDIUM,34.07,3.56,20033.81,STORE
2025-05-27 02:00:00,FPO_Nashik,Mango,33.69,64.73,1143,60.62,4,2000,707.47,35.37,LOW,55.56,3.95,63502.86,SELL NOW
2025-05-27 03:00:00,FPO_Lucknow,Mango,34.69,68.68,1511,59.72,2,2000,1027.3,51.36,LOW,60.6,2.42,91564.18,SELL NOW
2025-05-27 04:00:00,FPO_Lucknow,Apple,25.74,76.07,1930,98.3,5,500,500.0,100.0,MEDIUM,97.03,1.85,187272.16,SELL NOW
2025-05-27 05:00:00,FPO_Lucknow,Tomato,22.6,62.22,1989,30.46,11,1000,1000.0,100.0,MEDIUM,27.48,3.36,54665.94,SELL NOW
2025-05-27 06:00:00,FPO_Nashik,Mango,27.93,92.88,1814,56.12,1,500,500.0,100.0,MEDIUM,64.58,1.54,117143.13,STORE
2025-05-27 07:00:00,FPO_Lucknow,Onion,31.22,68.97,1214,29.9,7,2000,969.76,48.49,LOW,34.79,3.13,42240.81,STORE
2025-05-27 08:00:00,FPO_Lucknow,Cabbage,27.37,58.24,674,25.46,9,2000,719.61,35.98,LOW,15.64,1.86,10540.81,SELL NOW
2025-05-27 09:00:00,FPO_Surat,Apple,22.07,73.84,955,102.88,3,2500,854.71,34.19,LOW,105.83,1.88,101065.6,SELL NOW
2025-05-27 10:00:00,FPO_Nagpur,Potato,28.98,63.72,802,17.91,6,2000,834.82,41.74,LOW,17.59,4.55,14108.66,SELL NOW
2025-05-27 11:00:00,FPO_Ahmedabad,Potato,15.8,66.7,1125,16.98,9,1000,1000.0,100.0,LOW,24.61,3.74,27688.52,STORE
2025-05-27 12:00:00,FPO_Jaipur,Tomato,26.05,48.41,1229,28.25,11,2000,1045.69,52.28,LOW,27.94,3.76,34344.34,SELL NOW
2025-05-27 13:00:00,FPO_Ahmedabad,Onion,33.11,50.11,992,31.04,4,2000,535.84,26.79,LOW,35.62,2.92,35334.53,STORE
2025-05-27 14:00:00,FPO_Nagpur,Mango,33.43,80.92,611,59.97,6,500,381.32,76.26,MEDIUM,64.5,2.95,39410.94,SELL NOW
2025-05-27 15:00:00,FPO_Jaipur,Potato,15.0,46.48,861,8.43,14,1000,1000.0,100.0,LOW,7.33,2.56,6308.2,SELL NOW
2025-05-27 16:00:00,FPO_Karnal,Tomato,26.84,63.16,1547,29.66,3,1500,1032.66,68.84,LOW,27.63,3.02,42738.16,SELL NOW
2025-05-27 17:00:00,FPO_Lucknow,Cabbage,31.6,69.89,1622,37.84,9,2500,1432.43,57.3,MEDIUM,50.98,3.55,82686.43,STORE
2025-05-27 18:00:00,FPO_Nagpur,Onion,20.94,86.2,1505,34.59,7,1500,1210.82,80.72,MEDIUM,39.55,2.15,59523.15,STORE
2025-05-27 19:00:00,FPO_Surat,Onion,25.77,57.78,390,20.22,7,500,500.0,100.0,LOW,23.47,2.42,9153.78,STORE
2025-05-27 20:00:00,FPO_Karnal,Tomato,35.25,76.38,985,25.97,4,2000,550.4,27.52,LOW,35.02,3.23,34497.31,STORE
2025-05-27 21:00:00,FPO_Lucknow,Tomato,25.1,63.19,784,27.02,6,2500,758.88,30.36,LOW,38.81,2.85,30427.55,STORE
2025-05-27 22:00:00,FPO_Nashik,Mango,37.59,32.3,1158,58.4,11,1000,972.99,97.3,LOW,68.9,4.37,79787.34,STORE
2025-05-27 23:00:00,FPO_Indore,Tomato,23.55,65.69,699,21.81,11,2500,738.05,29.52,LOW,17.93,4.38,12534.26,SELL NOW
2025-05-28 00:00:00,FPO_Nagpur,Mango,36.46,64.0,779,55.53,8,500,500.0,100.0,MEDIUM,58.7,2.68,45725.68,SELL NOW
2025-05-28 01:00:00,FPO_Nashik,Mango,28.2,71.38,1015,64.67,6,2000,1065.2,53.26,LOW,66.28,3.08,67277.83,SELL NOW
2025-05-28 02:00:00,FPO_Nagpur,Apple,22.73,55.36,1657,103.74,6,500,500.0,100.0,LOW,116.21,4.92,192563.59,STORE
2025-05-28 03:00:00,FPO_Surat,Onion,36.48,56.96,1286,29.44,4,1000,1000.0,100.0,MEDIUM,36.0,4.4,46300.21,STORE
2025-05-28 04:00:00,FPO_Nagpur,Cabbage,20.76,83.02,1676,29.74,8,1500,1467.68,97.85,MEDIUM,26.27,2.25,44020.7,SELL NOW
2025-05-28 05:00:00,FPO_Nashik,Onion,23.22,59.96,1716,26.72,14,2000,1657.29,82.86,MEDIUM,20.51,2.48,35193.05,SELL NOW
2025-05-28 06:00:00,FPO_Surat,Onion,30.94,36.3,1869,28.29,10,2000,1378.61,68.93,LOW,39.39,1.79,73627.43,STORE
2025-05-28 07:00:00,FPO_Jaipur,Apple,28.48,72.36,1665,98.18,8,500,500.0,100.0,MEDIUM,101.11,3.87,168355.96,SELL NOW
2025-05-28 08:00:00,FPO_Ahmedabad,Mango,29.64,77.94,1530,52.24,9,500,500.0,100.0,HIGH,55.05,2.61,84233.09,SELL NOW
2025-05-28 09:00:00,FPO_Lucknow,Mango,25.79,77.81,979,58.72,6,500,500.0,100.0,MEDIUM,60.0,3.38,58741.75,SELL NOW
2025-05-28 10:00:00,FPO_Nagpur,Tomato,20.8,55.77,1958,36.19,2,2000,1263.02,63.15,LOW,35.03,4.19,68596.88,SELL NOW
2025-05-28 11:00:00,FPO_Lucknow,Apple,24.09,65.0,1142,107.64,4,500,500.0,100.0,LOW,110.84,4.43,126578.29,SELL NOW
2025-05-28 12:00:00,FPO_Indore,Tomato,35.92,72.97,1349,28.59,4,2500,813.76,32.55,LOW,35.62,2.64,48051.27,STORE
2025-05-28 13:00:00,FPO_Nashik,Apple,19.98,79.46,464,98.91,13,2500,804.67,32.19,LOW,101.77,2.33,47219.37,SELL NOW
2025-05-28 14:00:00,FPO_Lucknow,Tomato,37.87,72.53,206,36.84,8,2500,303.67,12.15,LOW,45.08,4.47,9286.85,STORE
2025-05-28 15:00:00,FPO_Nashik,Potato,29.9,76.63,1636,20.77,5,2000,1117.34,55.87,LOW,27.21,2.83,44508.76,STORE
2025-05-28 16:00:00,FPO_Lucknow,Onion,24.42,54.02,1429,27.41,4,500,500.0,100.0,LOW,34.92,4.38,49902.52,STORE
2025-05-28 17:00:00,FPO_Ahmedabad,Onion,15.99,30.65,1402,34.79,8,1000,1000.0,100.0,LOW,38.7,2.02,54259.19,STORE
2025-05-28 18:00:00,FPO_Ahmedabad,Cabbage,16.78,80.81,1691,16.44,13,500,500.0,100.0,MEDIUM,18.63,4.69,31497.09,STORE
2025-05-28 19:00:00,FPO_Surat,Mango,25.86,50.81,1719,59.45,3,2000,1086.64,54.33,LOW,56.69,3.19,97452.44,SELL NOW
2025-05-28 20:00:00,FPO_Ahmedabad,Cabbage,25.14,62.43,894,24.67,2,2500,679.38,27.18,LOW,32.6,2.1,29142.87,STORE
2025-05-28 21:00:00,FPO_Surat,Potato,28.71,77.12,1191,24.58,4,2000,907.25,45.36,LOW,28.86,3.37,34368.19,STORE
2025-05-28 22:00:00,FPO_Ahmedabad,Cabbage,38.31,65.4,1666,22.04,11,500,500.0,100.0,HIGH,23.76,4.55,39592.07,SELL NOW
2025-05-28 23:00:00,FPO_Ahmedabad,Onion,31.23,75.54,1117,29.15,1,2000,747.01,37.35,LOW,26.47,2.86,29565.93,SELL NOW
2025-05-29 00:00:00,FPO_Ahmedabad,Mango,27.23,95.0,1451,60.47,1,1000,1000.0,100.0,MEDIUM,69.81,2.12,101291.13,STORE
2025-05-29 01:00:00,FPO_Nashik,Potato,35.3,73.27,947,20.73,5,2000,539.23,26.96,LOW,23.66,3.52,22404.96,STORE
2025-05-29 02:00:00,FPO_Nagpur,Onion,28.9,54.07,345,29.07,13,1500,614.99,41.0,LOW,41.49,4.42,14312.7,STORE
2025-05-29 03:00:00,FPO_Surat,Tomato,37.6,43.29,1793,32.16,11,2000,1296.96,64.85,LOW,24.81,1.92,44479.04,SELL NOW
2025-05-29 04:00:00,FPO_Lucknow,Apple,23.97,75.15,1519,102.9,1,500,500.0,100.0,LOW,107.47,1.64,163245.83,SELL NOW
2025-05-29 05:00:00,FPO_Ahmedabad,Potato,21.11,66.22,440,24.59,14,1500,830.12,55.34,LOW,20.8,1.7,9153.87,SELL NOW
2025-05-29 06:00:00,FPO_Nashik,Mango,16.0,44.32,1056,51.78,4,2500,941.36,37.65,LOW,51.12,2.31,53983.14,SELL NOW
2025-05-29 07:00:00,FPO_Nashik,Cabbage,27.37,82.69,486,27.15,8,500,500.0,100.0,MEDIUM,28.77,1.53,13979.92,SELL NOW
2025-05-29 08:00:00,FPO_Nashik,Cabbage,20.59,75.86,1151,20.8,14,1000,1000.0,100.0,MEDIUM,26.92,3.0,30983.0,STORE
2025-05-29 09:00:00,FPO_Surat,Potato,20.51,64.83,1898,31.96,8,2000,1259.25,62.96,LOW,36.32,3.94,68930.95,STORE
2025-05-29 10:00:00,FPO_Nagpur,Mango,34.21,95.0,225,59.95,2,2000,234.62,11.73,LOW,60.21,3.99,13548.07,SELL NOW
2025-05-29 11:00:00,FPO_Surat,Potato,17.67,80.35,651,21.02,13,500,500.0,100.0,MEDIUM,20.68,3.73,13459.67,SELL NOW
2025-05-29 12:00:00,FPO_Lucknow,Mango,28.62,50.14,305,67.6,3,2000,268.83,13.44,LOW,62.02,2.54,18915.35,SELL NOW
2025-05-29 13:00:00,FPO_Nagpur,Cabbage,27.5,82.59,439,31.04,14,2000,713.2,35.66,MEDIUM,30.98,4.08,13601.76,SELL NOW
2025-05-29 14:00:00,FPO_Jaipur,Onion,28.55,68.82,1641,28.81,13,2500,1533.93,61.36,MEDIUM,28.09,3.52,46102.15,SELL NOW
2025-05-29 15:00:00,FPO_Karnal,Tomato,36.3,93.4,531,22.12,3,2000,354.58,17.73,MEDIUM,31.07,4.51,16498.47,STORE
2025-05-29 16:00:00,FPO_Nashik,Onion,23.05,79.14,1111,21.18,1,2000,693.79,34.69,LOW,22.19,3.17,24655.61,SELL NOW
2025-05-29 17:00:00,FPO_Surat,Tomato,36.31,72.26,1265,22.76,13,2500,1089.59,43.58,MEDIUM,23.81,2.13,30125.91,SELL NOW
2025-05-29 18:00:00,FPO_Jaipur,Cabbage,17.44,71.41,844,26.61,14,2000,1153.02,57.65,LOW,30.65,3.72,25872.14,STORE
2025-05-29 19:00:00,FPO_Indore,Onion,31.9,47.17,1779,29.26,11,2500,1295.45,51.82,LOW,39.1,2.03,69550.38,STORE
2025-05-29 20:00:00,FPO_Surat,Onion,36.86,57.32,234,25.32,3,1000,188.79,18.88,LOW,35.05,4.87,8200.99,STORE
2025-05-29 21:00:00,FPO_Ahmedabad,Potato,15.0,68.13,1075,20.04,8,2000,1240.85,62.04,LOW,34.99,3.96,37619.49,STORE
2025-05-29 22:00:00,FPO_Karnal,Apple,27.79,44.42,1570,108.58,6,500,500.0,100.0,LOW,104.58,4.15,164194.98,SELL NOW
2025-05-29 23:00:00,FPO_Ahmedabad,Cabbage,27.3,72.01,583,30.6,5,1500,391.93,26.13,LOW,34.42,3.88,20065.27,STORE
2025-05-30 00:00:00,FPO_Nagpur,Mango,28.43,53.85,1736,68.76,10,1000,1000.0,100.0,MEDIUM,71.24,1.84,123677.55,SELL NOW
2025-05-30 01:00:00,FPO_Karnal,Cabbage,38.27,59.1,1961,21.55,12,2000,1613.92,80.7,HIGH,15.43,3.13,30265.94,SELL NOW
2025-05-30 02:00:00,FPO_Surat,Mango,23.42,75.66,1010,64.03,9,500,500.0,100.0,MEDIUM,61.2,3.78,61811.99,SELL NOW
2025-05-30 03:00:00,FPO_Lucknow,Mango,20.89,56.66,1511,63.52,14,1500,1500.0,100.0,MEDIUM,71.07,2.3,107381.61,STORE
2025-05-30 04:00:00,FPO_Jaipur,Tomato,28.47,72.04,947,35.34,7,2500,677.85,27.11,LOW,40.98,3.88,38803.59,STORE
2025-05-30 05:00:00,FPO_Lucknow,Mango,34.75,67.17,1158,60.06,6,2000,879.1,43.96,LOW,65.65,4.37,76026.79,SELL NOW
2025-05-30 06:00:00,FPO_Surat,Mango,31.35,49.12,1256,56.09,5,2500,982.36,39.29,LOW,61.32,2.46,77022.31,SELL NOW
2025-05-30 07:00:00,FPO_Nagpur,Potato,28.21,78.22,294,17.49,5,1000,219.92,21.99,LOW,12.07,2.2,3548.19,SELL NOW
2025-05-30 08:00:00,FPO_Ahmedabad,Onion,26.62,78.99,1219,29.93,10,1500,1154.64,76.98,MEDIUM,27.44,4.59,33453.85,SELL NOW
2025-05-30 09:00:00,FPO_Karnal,Cabbage,15.96,79.81,404,25.39,9,1500,676.32,45.09,LOW,25.71,1.52,10385.0,SELL NOW
2025-05-30 10:00:00,FPO_Lucknow,Cabbage,31.52,93.62,1844,26.36,13,2500,1742.97,69.72,HIGH,33.51,2.4,61795.77,SELL NOW
2025-05-30 11:00:00,FPO_Surat,Mango,32.23,58.83,1033,53.02,10,2500,873.21,34.93,LOW,56.68,2.92,58549.54,SELL NOW
2025-05-30 12:00:00,FPO_Lucknow,Apple,23.85,35.76,229,106.47,6,1000,132.54,13.25,LOW,113.99,3.85,26103.8,SELL NOW
2025-05-30 13:00:00,FPO_Surat,Cabbage,25.21,55.14,465,18.24,12,500,433.56,86.71,LOW,31.02,4.99,14422.15,STORE
2025-05-30 14:00:00,FPO_Ahmedabad,Mango,21.71,79.39,222,66.45,11,2000,726.31,36.32,LOW,61.51,2.8,13654.93,SELL NOW
2025-05-30 15:00:00,FPO_Karnal,Tomato,33.21,63.78,808,26.39,4,500,500.0,100.0,MEDIUM,28.79,4.82,23261.21,SELL NOW
2025-05-30 16:00:00,FPO_Jaipur,Tomato,25.8,43.93,238,37.23,4,1500,217.61,14.51,LOW,39.65,2.78,9437.42,SELL NOW
2025-05-30 17:00:00,FPO_Ahmedabad,Tomato,27.1,39.75,372,19.27,12,2000,559.1,27.95,LOW,18.13,3.93,6743.23,SELL NOW
2025-05-30 18:00:00,FPO_Lucknow,Mango,31.78,86.31,959,65.88,4,1000,810.58,81.06,MEDIUM,71.08,2.08,68163.85,SELL NOW
2025-05-30 19:00:00,FPO_Jaipur,Potato,29.96,74.13,1636,16.85,11,500,500.0,100.0,HIGH,34.12,3.11,55826.17,SELL NOW
2025-05-30 20:00:00,FPO_Surat,Apple,31.38,57.55,613,94.49,6,500,328.34,65.67,LOW,92.75,4.55,56854.33,SELL NOW
2025-05-30 21:00:00,FPO_Jaipur,Mango,29.05,93.24,1897,68.28,1,2000,1137.38,56.87,LOW,74.29,2.62,140931.05,SELL NOW
2025-05-30 22:00:00,FPO_Surat,Potato,29.18,95.0,891,25.76,9,1000,753.1,75.31,HIGH,23.54,1.87,20972.18,SELL NOW
2025-05-30 23:00:00,FPO_Ahmedabad,Potato,29.13,80.52,814,14.61,14,1000,993.06,99.31,HIGH,8.59,3.33,6988.42,SELL NOW
2025-05-31 00:00:00,FPO_Lucknow,Cabbage,30.72,76.33,408,26.01,2,500,336.64,67.33,LOW,25.94,3.04,10584.02,SELL NOW
2025-05-31 01:00:00,FPO_Nagpur,Mango,31.01,72.92,221,67.02,2,500,285.6,57.12,LOW,71.39,2.3,15776.86,SELL NOW
2025-05-31 02:00:00,FPO_Lucknow,Mango,20.65,77.84,204,62.79,5,2500,84.81,5.0,LOW,67.79,4.67,13828.73,SELL NOW
2025-05-31 03:00:00,FPO_Surat,Potato,24.42,94.38,850,22.15,12,2000,926.52,46.33,MEDIUM,34.04,3.61,28935.55,STORE
2025-05-31 04:00:00,FPO_Nashik,Potato,26.78,50.41,413,27.75,12,1000,638.51,63.85,LOW,32.15,2.72,13276.81,STORE
2025-05-31 05:00:00,FPO_Karnal,Potato,30.71,59.91,1895,23.84,11,1500,1500.0,100.0,MEDIUM,26.91,4.99,50997.07,STORE
2025-05-31 06:00:00,FPO_Indore,Cabbage,37.58,64.28,1119,16.7,4,2000,739.56,36.98,LOW,23.87,1.98,26706.61,STORE
2025-05-31 07:00:00,FPO_Nagpur,Mango,23.12,73.61,1106,60.48,3,2500,747.26,29.89,LOW,64.72,4.47,71581.48,SELL NOW
2025-05-31 08:00:00,FPO_Jaipur,Potato,33.27,88.48,1362,24.42,5,2000,989.6,49.48,MEDIUM,27.3,2.31,37185.87,STORE
2025-05-31 09:00:00,FPO_Nagpur,Tomato,24.59,71.19,1880,29.11,7,500,500.0,100.0,MEDIUM,31.21,2.34,58676.71,SELL NOW
2025-05-31 10:00:00,FPO_Karnal,Mango,36.22,74.38,871,57.98,10,2000,677.83,33.89,MEDIUM,64.16,3.24,55880.43,STORE
2025-05-31 11:00:00,FPO_Jaipur,Cabbage,39.47,75.15,1818,27.29,2,2000,1076.04,53.8,LOW,32.93,3.82,59868.07,STORE
2025-05-31 12:00:00,FPO_Karnal,Tomato,17.51,65.35,866,28.92,13,2000,935.76,46.79,LOW,30.6,3.92,26496.75,SELL NOW
2025-05-31 13:00:00,FPO_Jaipur,Onion,26.04,58.76,999,20.04,13,1500,1122.49,74.83,MEDIUM,30.25,1.58,30217.59,STORE
2025-05-31 14:00:00,FPO_Nagpur,Mango,15.0,66.12,516,53.37,6,2500,532.32,21.29,LOW,60.58,2.5,31259.41,STORE
2025-05-31 15:00:00,FPO_Jaipur,Onion,17.86,55.19,992,31.55,4,2000,676.74,33.84,LOW,39.36,3.81,39047.83,STORE
2025-05-31 16:00:00,FPO_Jaipur,Potato,18.23,55.44,775,25.73,2,2000,542.45,27.12,LOW,24.16,4.61,18725.66,SELL NOW
2025-05-31 17:00:00,FPO_Nashik,Cabbage,31.74,70.52,1927,21.11,1,1500,1320.43,88.03,LOW,21.54,3.84,41515.47,SELL NOW
2025-05-31 18:00:00,FPO_Lucknow,Potato,30.62,57.83,1379,25.69,8,1000,1000.0,100.0,MEDIUM,36.27,2.43,50013.7,STORE
2025-05-31 19:00:00,FPO_Lucknow,Cabbage,32.81,92.7,1647,27.5,5,2000,1371.41,68.57,MEDIUM,35.7,3.28,58800.17,STORE
2025-05-31 20:00:00,FPO_Indore,Apple,31.65,67.2,1723,99.05,10,2000,1513.25,75.66,MEDIUM,94.98,3.77,163652.94,SELL NOW
2025-05-31 21:00:00,FPO_Indore,Potato,30.91,85.39,290,24.13,2,1000,192.39,19.24,LOW,28.81,1.97,8355.01,STORE
2025-05-31 22:00:00,FPO_Surat,Onion,28.67,46.32,1877,32.02,8,2000,1423.12,71.16,LOW,39.81,3.41,74728.68,STORE
2025-05-31 23:00:00,FPO_Surat,Cabbage,27.21,46.78,1265,29.38,3,2000,959.65,47.98,LOW,27.25,3.15,34474.26,SELL NOW
2025-06-01 00:00:00,FPO_Surat,Potato,34.12,63.33,960,26.62,7,2000,737.78,36.89,LOW,34.67,2.68,33287.2,STORE
2025-06-01 01:00:00,FPO_Nashik,Mango,28.07,79.05,1518,54.79,2,2500,1093.28,43.73,LOW,58.05,3.68,88115.91,SELL NOW
2025-06-01 02:00:00,FPO_Indore,Cabbage,31.15,57.65,969,21.34,13,500,500.0,100.0,MEDIUM,31.86,3.73,30875.89,STORE
2025-06-01 03:00:00,FPO_Karnal,Cabbage,15.0,63.49,1560,32.38,7,2500,1306.93,52.28,LOW,34.75,4.9,54202.55,SELL NOW
2025-06-01 04:00:00,FPO_Surat,Potato,20.95,80.0,200,26.41,4,1000,316.59,31.66,LOW,22.19,3.0,4437.54,SELL NOW
2025-06-01 05:00:00,FPO_Surat,Apple,33.88,59.18,308,103.19,10,2500,519.41,20.78,LOW,108.84,3.36,33521.2,SELL NOW
2025-06-01 06:00:00,FPO_Nagpur,Potato,23.99,53.64,1127,25.97,1,2500,698.2,27.93,LOW,23.35,2.05,26319.63,SELL NOW
2025-06-01 07:00:00,FPO_Ahmedabad,Onion,19.63,75.63,1348,35.69,5,1500,1142.6,76.17,LOW,35.83,3.42,48295.68,SELL NOW
2025-06-01 08:00:00,FPO_Karnal,Onion,31.85,45.44,1287,30.67,12,1000,1000.0,100.0,MEDIUM,24.58,1.63,31638.66,SELL NOW
2025-06-01 09:00:00,FPO_Surat,Cabbage,28.01,59.4,405,23.1,14,1000,628.46,62.85,MEDIUM,22.06,2.02,8936.17,SELL NOW
2025-06-01 10:00:00,FPO_Surat,Cabbage,25.56,66.71,1638,27.81,12,1000,1000.0,100.0,MEDIUM,37.52,2.1,61463.31,STORE
2025-06-01 11:00:00,FPO_Surat,Potato,37.05,72.94,1049,21.87,13,2500,1105.52,44.22,HIGH,25.6,3.71,26859.06,SELL NOW
2025-06-01 12:00:00,FPO_Ahmedabad,Onion,36.02,77.34,1467,37.75,14,1000,1000.0,100.0,HIGH,39.58,3.49,58069.82,SELL NOW
2025-06-01 13:00:00,FPO_Ahmedabad,Onion,26.87,79.68,789,37.67,4,1500,551.18,36.75,LOW,36.29,4.29,28632.2,SELL NOW
2025-06-01 14:00:00,FPO_Nashik,Apple,32.33,60.46,822,104.45,8,2000,789.55,39.48,LOW,108.49,3.13,89180.14,SELL NOW
2025-06-01 15:00:00,FPO_Karnal,Mango,15.0,79.36,1877,53.62,1,2500,1494.55,59.78,LOW,55.51,3.16,104192.15,SELL NOW
2025-06-01 16:00:00,FPO_Nashik,Apple,34.56,72.59,1439,94.52,2,2000,956.2,47.81,LOW,109.47,2.07,157529.42,STORE
2025-06-01 17:00:00,FPO_Jaipur,Tomato,21.48,75.82,1164,21.42,5,2000,896.9,44.84,LOW,24.54,4.1,28560.47,STORE
2025-06-01 18:00:00,FPO_Ahmedabad,Apple,19.29,55.49,1751,100.93,10,2500,1495.09,59.8,LOW,106.2,1.51,185957.72,SELL NOW
2025-06-01 19:00:00,FPO_Nagpur,Potato,17.29,74.98,1164,26.62,10,2500,1096.5,43.86,LOW,26.44,2.99,30776.4,SELL NOW
2025-06-01 20:00:00,FPO_Indore,Mango,16.82,62.71,1789,58.46,12,1000,1000.0,100.0,LOW,61.37,2.16,109799.66,SELL NOW
2025-06-01 21:00:00,FPO_Nagpur,Potato,34.48,65.72,852,18.77,13,1500,968.64,64.58,MEDIUM,24.08,4.2,20517.68,STORE
2025-06-01 22:00:00,FPO_Indore,Tomato,31.79,67.48,1603,28.52,2,2500,1054.03,42.16,LOW,26.91,3.86,43132.64,SELL NOW
2025-06-01 23:00:00,FPO_Ahmedabad,Mango,23.4,95.0,278,56.08,11,2000,683.06,34.15,MEDIUM,62.05,3.97,17249.07,STORE
2025-06-02 00:00:00,FPO_Ahmedabad,Cabbage,33.13,51.28,614,26.33,1,2500,205.97,8.24,LOW,29.98,2.02,18406.18,STORE
2025-06-02 01:00:00,FPO_Ahmedabad,Onion,24.43,82.84,1676,28.78,6,1500,1291.38,86.09,MEDIUM,20.4,3.84,34195.54,SELL NOW
2025-06-02 02:00:00,FPO_Nashik,Apple,29.94,86.46,1372,96.71,12,500,500.0,100.0,HIGH,103.83,3.92,142460.83,SELL NOW
2025-06-02 03:00:00,FPO_Karnal,Potato,25.11,77.38,838,22.58,13,2000,863.52,43.18,MEDIUM,28.02,1.51,23478.43,STORE
2025-06-02 04:00:00,FPO_Indore,Tomato,27.28,56.97,1893,32.44,13,500,500.0,100.0,MEDIUM,36.63,2.61,69336.95,STORE
2025-06-02 05:00:00,FPO_Karnal,Onion,22.55,90.45,990,22.4,12,500,500.0,100.0,HIGH,22.23,1.81,22009.12,SELL NOW
2025-06-02 06:00:00,FPO_Nashik,Apple,23.44,60.02,1261,100.84,10,1500,1110.43,74.03,LOW,116.17,3.88,146486.44,STORE
2025-06-02 07:00:00,FPO_Nashik,Onion,31.26,75.31,1380,19.51,4,2500,1089.75,43.59,LOW,19.56,2.24,26999.16,SELL NOW
2025-06-02 08:00:00,FPO_Lucknow,Apple,32.23,66.81,532,98.73,5,500,223.93,44.79,LOW,86.78,2.43,46165.41,SELL NOW
2025-06-02 09:00:00,FPO_Nagpur,Cabbage,25.52,59.46,487,28.48,3,1000,387.57,38.76,LOW,34.06,1.77,16588.56,STORE
2025-06-02 10:00:00,FPO_Nagpur,Mango,18.85,73.2,1335,65.11,10,2500,1423.67,56.95,LOW,67.43,3.19,90024.26,SELL NOW
2025-06-02 11:00:00,FPO_Jaipur,Onion,42.83,93.19,1925,27.38,6,2000,1430.9,71.55,HIGH,23.16,1.62,44587.84,SELL NOW
2025-06-02 12:00:00,FPO_Surat,Onion,28.22,68.85,1841,27.32,4,2500,1164.06,46.56,LOW,29.06,4.46,53496.97,SELL NOW
2025-06-02 13:00:00,FPO_Nashik,Onion,29.87,94.68,1314,28.85,13,1500,1500.0,100.0,HIGH,31.51,1.59,41410.14,SELL NOW
2025-06-02 14:00:00,FPO_Indore,Mango,20.43,62.25,1272,54.49,6,1500,1005.41,67.03,LOW,53.71,1.72,68318.4,SELL NOW
2025-06-02 15:00:00,FPO_Lucknow,Tomato,35.29,66.16,360,28.81,13,2000,361.73,18.09,MEDIUM,32.37,3.74,11651.73,STORE
2025-06-02 16:00:00,FPO_Lucknow,Apple,36.21,46.61,1739,94.99,5,2000,1236.74,61.84,LOW,99.76,4.71,173491.01,SELL NOW
2025-06-02 17:00:00,FPO_Surat,Cabbage,17.75,56.63,1625,27.78,11,2000,1388.31,69.42,LOW,30.55,4.62,49645.89,SELL NOW
2025-06-02 18:00:00,FPO_Karnal,Onion,27.39,61.72,1933,26.42,2,1500,1479.65,98.64,LOW,24.8,1.79,47944.98,SELL NOW
2025-06-02 19:00:00,FPO_Surat,Mango,26.92,60.06,519,58.4,4,2500,514.37,20.57,LOW,63.74,2.51,33083.64,SELL NOW
2025-06-02 20:00:00,FPO_Surat,Tomato,42.33,50.6,1123,30.5,2,500,500.0,100.0,LOW,25.41,3.32,28531.25,SELL NOW
2025-06-02 21:00:00,FPO_Surat,Apple,36.66,53.57,563,103.18,5,500,303.04,60.61,LOW,108.21,1.59,60921.87,SELL NOW
2025-06-02 22:00:00,FPO_Nagpur,Mango,19.3,60.7,1665,62.95,3,1000,1000.0,100.0,LOW,67.49,3.35,112374.01,SELL NOW
2025-06-02 23:00:00,FPO_Nashik,Cabbage,23.63,82.8,674,26.32,6,1500,626.12,41.74,LOW,28.24,3.07,19030.92,SELL NOW
2025-06-03 00:00:00,FPO_Jaipur,Cabbage,22.64,42.57,1222,19.57,11,2000,1160.22,58.01,LOW,20.01,3.56,24455.88,SELL NOW
2025-06-03 01:00:00,FPO_Nashik,Apple,30.23,33.77,965,99.84,5,2500,678.95,27.16,LOW,96.7,4.72,93319.72,SELL NOW
2025-06-03 02:00:00,FPO_Karnal,Onion,37.43,38.59,801,29.13,2,1500,545.67,36.38,LOW,29.47,2.46,23604.55,SELL NOW
2025-06-03 03:00:00,FPO_Ahmedabad,Cabbage,28.66,52.29,511,22.9,14,1000,830.77,83.08,MEDIUM,21.83,3.74,11154.58,SELL NOW
2025-06-03 04:00:00,FPO_Surat,Tomato,31.01,74.55,1755,28.37,10,500,500.0,100.0,HIGH,26.33,3.0,46206.73,SELL NOW
2025-06-03 05:00:00,FPO_Nashik,Mango,24.01,59.66,788,55.69,11,2500,992.92,39.72,LOW,52.67,3.02,41503.27,SELL NOW
2025-06-03 06:00:00,FPO_Karnal,Tomato,30.97,59.45,1443,27.83,8,500,500.0,100.0,MEDIUM,37.4,3.77,53962.83,STORE
2025-06-03 07:00:00,FPO_Ahmedabad,Onion,25.17,59.11,1897,28.5,6,2500,1488.4,59.54,LOW,35.32,4.83,67005.16,STORE
2025-06-03 08:00:00,FPO_Ahmedabad,Tomato,18.16,36.83,1720,25.71,9,2000,1427.82,71.39,LOW,40.92,4.52,70390.57,STORE
2025-06-03 09:00:00,FPO_Surat,Tomato,30.59,77.92,542,22.42,3,2500,425.07,17.0,LOW,26.6,3.74,14415.71,STORE
2025-06-03 10:00:00,FPO_Jaipur,Potato,27.94,84.66,1105,16.29,14,2000,1106.34,55.32,HIGH,22.89,3.12,25290.47,SELL NOW
2025-06-03 11:00:00,FPO_Indore,Tomato,21.42,59.97,1850,34.71,11,1500,1500.0,100.0,LOW,37.35,2.98,69102.2,SELL NOW
2025-06-03 12:00:00,FPO_Nagpur,Apple,37.87,66.28,1317,100.57,4,500,500.0,100.0,MEDIUM,111.13,4.25,146362.79,STORE
2025-06-03 13:00:00,FPO_Nashik,Mango,23.4,66.78,1356,69.06,11,2500,1156.52,46.26,LOW,71.8,2.26,97365.18,SELL NOW
2025-06-03 14:00:00,FPO_Ahmedabad,Potato,31.65,48.98,1724,31.31,8,2500,1377.36,55.09,LOW,39.18,3.56,67548.41,STORE
2025-06-03 15:00:00,FPO_Nashik,Mango,25.82,58.38,371,66.15,7,1000,391.6,39.16,LOW,70.08,3.27,25998.64,SELL NOW
2025-06-03 16:00:00,FPO_Indore,Mango,37.26,91.79,825,53.59,8,500,500.0,100.0,HIGH,65.79,3.77,54276.42,SELL NOW
2025-06-03 17:00:00,FPO_Nagpur,Onion,26.57,64.94,1232,37.06,9,1500,1098.25,73.22,LOW,37.65,2.16,46379.05,SELL NOW
2025-06-03 18:00:00,FPO_Indore,Onion,17.95,68.35,1995,29.37,14,2000,1832.99,91.65,MEDIUM,38.11,3.94,76024.03,STORE
2025-06-03 19:00:00,FPO_Nagpur,Potato,32.86,54.6,881,20.61,8,1500,747.38,49.83,LOW,23.07,3.69,20324.85,STORE
2025-06-03 20:00:00,FPO_Lucknow,Cabbage,37.24,58.55,1544,22.9,8,1000,1000.0,100.0,MEDIUM,21.72,2.13,33530.26,SELL NOW
2025-06-03 21:00:00,FPO_Nagpur,Onion,25.43,74.69,1321,28.25,6,1500,988.66,65.91,LOW,30.99,3.07,40938.99,SELL NOW
2025-06-03 22:00:00,FPO_Surat,Onion,32.07,52.41,1392,32.0,11,2000,1150.5,57.53,LOW,23.76,3.88,33068.85,SELL NOW
2025-06-03 23:00:00,FPO_Jaipur,Onion,28.78,89.3,510,41.5,2,500,500.0,100.0,MEDIUM,49.17,4.66,25078.28,STORE
2025-06-04 00:00:00,FPO_Indore,Mango,25.7,40.76,1953,51.8,12,1000,1000.0,100.0,LOW,58.13,1.93,113535.22,STORE
2025-06-04 01:00:00,FPO_Ahmedabad,Potato,33.04,55.5,1113,31.72,7,2500,835.25,33.41,LOW,44.21,1.53,49205.77,STORE
2025-06-04 02:00:00,FPO_Surat,Mango,23.2,42.8,1566,67.55,4,2500,1159.22,46.37,LOW,65.74,2.08,102941.46,SELL NOW
2025-06-04 03:00:00,FPO_Lucknow,Apple,28.19,84.87,629,99.11,3,500,500.0,100.0,MEDIUM,98.39,4.96,61889.81,SELL NOW
2025-06-04 04:00:00,FPO_Jaipur,Mango,29.54,64.46,1057,57.51,4,1500,751.09,50.07,LOW,54.2,4.19,57285.83,SELL NOW
2025-06-04 05:00:00,FPO_Nashik,Apple,29.33,60.7,1779,93.26,4,2500,1368.52,54.74,LOW,98.09,3.65,174506.86,SELL NOW
2025-06-04 06:00:00,FPO_Surat,Tomato,23.35,70.96,1723,23.46,3,1000,1000.0,100.0,LOW,24.38,1.97,42011.97,SELL NOW
2025-06-04 07:00:00,FPO_Indore,Tomato,40.36,85.99,1996,24.96,9,2000,1578.15,78.91,HIGH,23.84,2.96,47581.97,SELL NOW
2025-06-04 08:00:00,FPO_Karnal,Apple,35.57,68.24,484,99.48,14,1500,558.39,37.23,MEDIUM,104.48,4.0,50570.62,SELL NOW
2025-06-04 09:00:00,FPO_Karnal,Apple,33.94,82.14,1861,99.85,3,2000,1325.58,66.28,MEDIUM,108.36,4.64,201664.63,SELL NOW
2025-06-04 10:00:00,FPO_Ahmedabad,Mango,36.6,60.6,1483,63.81,2,1500,856.94,57.13,LOW,67.34,2.84,99861.02,SELL NOW
2025-06-04 11:00:00,FPO_Nagpur,Apple,28.41,50.58,694,103.26,13,1000,792.37,79.24,LOW,103.86,5.0,72080.78,SELL NOW
2025-06-04 12:00:00,FPO_Ahmedabad,Potato,25.77,68.48,554,23.19,1,2000,365.26,18.26,LOW,32.05,1.99,17756.78,STORE
2025-06-04 13:00:00,FPO_Karnal,Tomato,21.47,54.54,413,27.78,11,1000,423.49,42.35,LOW,29.51,2.85,12188.18,SELL NOW
2025-06-04 14:00:00,FPO_Nashik,Tomato,23.78,75.33,1016,33.72,1,2000,569.75,28.49,LOW,35.37,4.56,35936.81,SELL NOW
2025-06-04 15:00:00,FPO_Lucknow,Cabbage,21.92,58.86,399,29.2,5,1500,518.62,34.57,LOW,34.76,3.77,13870.22,STORE
2025-06-04 16:00:00,FPO_Lucknow,Apple,24.83,63.73,1459,102.22,12,1000,1000.0,100.0,MEDIUM,101.8,4.34,148520.77,SELL NOW
2025-06-04 17:00:00,FPO_Indore,Onion,29.66,31.39,1052,27.97,12,1500,1106.55,73.77,LOW,36.09,4.68,37970.65,STORE
2025-06-04 18:00:00,FPO_Lucknow,Onion,33.48,63.13,335,35.53,5,1500,177.47,11.83,LOW,33.94,3.28,11370.03,SELL NOW
2025-06-04 19:00:00,FPO_Indore,Apple,33.32,61.36,1147,104.17,12,2000,1168.21,58.41,MEDIUM,104.12,2.32,119430.11,SELL NOW
2025-06-04 20:00:00,FPO_Surat,Potato,20.97,82.44,827,20.77,9,2000,978.18,48.91,LOW,18.01,3.93,14892.22,SELL NOW
2025-06-04 21:00:00,FPO_Indore,Onion,32.13,78.05,1116,20.41,4,1000,958.93,95.89,MEDIUM,27.73,3.47,30945.12,STORE
2025-06-04 22:00:00,FPO_Surat,Cabbage,34.86,65.36,1890,25.48,5,2500,1309.93,52.4,LOW,35.25,4.2,66623.54,STORE
2025-06-04 23:00:00,FPO_Indore,Apple,26.47,40.54,1645,96.54,13,500,500.0,100.0,LOW,98.78,3.29,162485.86,SELL NOW
2025-06-05 00:00:00,FPO_Karnal,Potato,35.19,58.4,1564,25.59,6,2000,1032.55,51.63,LOW,30.82,4.34,48201.24,STORE
2025-06-05 01:00:00,FPO_Karnal,Potato,33.25,82.46,541,23.08,13,1500,760.93,50.73,HIGH,27.91,4.66,15101.16,SELL NOW
2025-06-05 02:00:00,FPO_Nagpur,Mango,20.41,62.02,1753,51.64,10,500,500.0,100.0,LOW,56.12,4.12,98378.52,SELL NOW
2025-06-05 03:00:00,FPO_Surat,Potato,41.15,49.0,587,23.47,7,1000,311.79,31.18,LOW,20.69,4.1,12142.86,SELL NOW
2025-06-05 04:00:00,FPO_Jaipur,Onion,23.71,82.28,203,38.58,9,500,500.0,100.0,MEDIUM,38.3,3.56,7775.17,SELL NOW
2025-06-05 05:00:00,FPO_Surat,Onion,33.74,40.65,876,29.24,13,500,500.0,100.0,MEDIUM,36.04,3.15,31567.75,STORE
2025-06-05 06:00:00,FPO_Indore,Apple,33.53,63.31,1862,99.96,6,2500,1459.99,58.4,LOW,109.04,4.9,203031.57,SELL NOW
2025-06-05 07:00:00,FPO_Indore,Apple,20.66,73.37,598,98.28,1,2500,397.51,15.9,LOW,106.03,3.76,63406.21,SELL NOW
2025-06-05 08:00:00,FPO_Jaipur,Potato,29.07,66.89,1645,22.36,8,500,500.0,100.0,MEDIUM,25.44,4.44,41854.26,STORE
2025-06-05 09:00:00,FPO_Ahmedabad,Cabbage,33.45,46.38,610,32.7,14,2500,744.54,29.78,LOW,39.71,3.27,24223.95,STORE
2025-06-05 10:00:00,FPO_Indore,Tomato,20.59,51.06,412,33.28,2,2500,473.71,18.95,LOW,28.59,3.44,11779.24,SELL NOW
2025-06-05 11:00:00,FPO_Nagpur,Mango,28.6,54.53,759,57.12,9,500,500.0,100.0,LOW,50.02,3.82,37966.52,SELL NOW
2025-06-05 12:00:00,FPO_Lucknow,Tomato,33.96,76.77,757,27.64,11,2000,705.22,35.26,MEDIUM,23.76,4.05,17985.73,SELL NOW
2025-06-05 13:00:00,FPO_Lucknow,Potato,34.34,67.56,757,21.96,7,2500,713.62,28.54,LOW,39.07,3.07,29574.9,STORE
2025-06-05 14:00:00,FPO_Nashik,Potato,25.62,59.19,1271,24.06,7,500,500.0,100.0,LOW,37.45,2.75,47597.55,STORE
2025-06-05 15:00:00,FPO_Nashik,Tomato,37.27,71.13,1410,30.15,10,2000,1161.72,58.09,MEDIUM,25.16,2.34,35480.36,SELL NOW
2025-06-05 16:00:00,FPO_Lucknow,Mango,35.83,53.75,701,59.52,10,2500,553.93,22.16,LOW,61.41,2.98,43046.93,SELL NOW
2025-06-05 17:00:00,FPO_Lucknow,Tomato,29.45,76.08,1855,21.78,12,500,500.0,100.0,HIGH,22.62,2.24,41953.85,SELL NOW
2025-06-05 18:00:00,FPO_Karnal,Apple,24.05,71.76,843,99.43,5,2500,867.48,34.7,LOW,108.9,2.96,91802.88,SELL NOW
2025-06-05 19:00:00,FPO_Nagpur,Onion,21.0,61.63,730,28.19,8,2000,716.66,35.83,LOW,34.46,4.56,25156.81,STORE
2025-06-05 20:00:00,FPO_Jaipur,Cabbage,30.27,62.57,1152,20.51,10,500,500.0,100.0,MEDIUM,21.62,4.92,24911.09,SELL NOW
2025-06-05 21:00:00,FPO_Nashik,Apple,36.79,59.87,986,103.94,1,2000,561.62,28.08,LOW,109.75,3.52,108217.56,SELL NOW
2025-06-05 22:00:00,FPO_Karnal,Onion,27.12,79.94,674,30.1,3,1500,708.17,47.21,LOW,36.96,2.01,24912.33,STORE
2025-06-05 23:00:00,FPO_Karnal,Cabbage,22.85,68.24,1967,19.84,9,1000,1000.0,100.0,MEDIUM,13.53,3.0,26605.51,SELL NOW
2025-06-06 00:00:00,FPO_Jaipur,Cabbage,32.95,61.75,241,34.9,1,1500,110.96,7.4,LOW,40.56,3.61,9774.89,STORE
2025-06-06 01:00:00,FPO_Karnal,Cabbage,29.05,50.45,803,27.08,11,2500,867.65,34.71,LOW,29.99,2.8,24079.58,STORE
2025-06-06 02:00:00,FPO_Surat,Potato,31.1,73.84,1484,25.96,8,2000,1147.12,57.36,MEDIUM,23.23,2.22,34477.4,SELL NOW
2025-06-06 03:00:00,FPO_Nagpur,Cabbage,24.85,73.14,247,30.24,6,500,228.83,45.77,LOW,30.28,2.29,7479.91,SELL NOW
2025-06-06 04:00:00,FPO_Lucknow,Mango,25.78,57.12,1809,57.82,12,2000,1586.02,79.3,LOW,62.24,3.16,112586.97,SELL NOW
2025-06-06 05:00:00,FPO_Indore,Tomato,24.82,58.7,927,30.72,13,2500,888.45,35.54,LOW,34.34,2.26,31835.11,STORE
2025-06-06 06:00:00,FPO_Jaipur,Mango,31.0,63.24,1669,50.35,10,500,500.0,100.0,MEDIUM,52.4,2.37,87460.0,SELL NOW
2025-06-06 07:00:00,FPO_Lucknow,Tomato,25.96,47.7,420,32.81,5,1500,497.23,33.15,LOW,34.3,4.56,14407.39,SELL NOW
2025-06-06 08:00:00,FPO_Lucknow,Apple,31.55,66.11,1844,99.66,12,2000,1549.32,77.47,MEDIUM,102.94,4.23,189816.85,SELL NOW
2025-06-06 09:00:00,FPO_Ahmedabad,Apple,24.27,40.32,1870,102.63,6,1000,1000.0,100.0,LOW,97.61,1.69,182522.34,SELL NOW
2025-06-06 10:00:00,FPO_Surat,Tomato,30.99,45.81,1139,27.65,11,2500,951.86,38.07,LOW,39.23,2.62,44677.36,STORE
2025-06-06 11:00:00,FPO_Jaipur,Mango,32.22,57.36,542,69.09,5,2500,402.34,16.09,LOW,70.27,3.36,38089.03,SELL NOW
2025-06-06 12:00:00,FPO_Karnal,Tomato,29.99,55.58,1461,34.12,9,2000,1151.01,57.55,LOW,39.65,1.71,57930.06,STORE
2025-06-06 13:00:00,FPO_Indore,Cabbage,33.5,71.77,354,11.95,2,1500,241.0,16.07,LOW,23.04,3.89,8154.56,STORE
2025-06-06 14:00:00,FPO_Jaipur,Potato,25.11,69.24,1137,24.76,10,1500,1064.89,70.99,LOW,33.44,2.85,38018.91,STORE
2025-06-06 15:00:00,FPO_Karnal,Apple,32.16,85.65,1040,98.59,6,1000,931.36,93.14,HIGH,103.1,2.89,107222.68,SELL NOW
2025-06-06 16:00:00,FPO_Lucknow,Potato,29.4,66.39,1279,24.96,12,1000,1000.0,100.0,MEDIUM,27.41,2.43,35060.6,SELL NOW
2025-06-06 17:00:00,FPO_Indore,Cabbage,23.14,68.09,586,27.89,4,2000,552.83,27.64,LOW,30.78,2.67,18034.7,STORE
2025-06-06 18:00:00,FPO_Karnal,Cabbage,16.56,47.55,1093,21.29,3,500,500.0,100.0,LOW,16.14,4.52,17644.79,SELL NOW
2025-06-06 19:00:00,FPO_Nagpur,Apple,17.84,47.59,1933,99.42,12,1500,1500.0,100.0,LOW,96.32,4.26,186189.75,SELL NOW
2025-06-06 20:00:00,FPO_Karnal,Apple,15.0,65.97,1538,94.9,5,500,500.0,100.0,LOW,99.1,4.78,152422.19,SELL NOW
2025-06-06 21:00:00,FPO_Ahmedabad,Cabbage,30.56,66.23,237,32.43,2,500,91.82,18.36,LOW,33.54,3.95,7948.95,SELL NOW
2025-06-06 22:00:00,FPO_Surat,Onion,26.05,69.34,1564,31.64,3,2000,1333.74,66.69,LOW,27.15,3.52,42456.71,SELL NOW
2025-06-06 23:00:00,FPO_Lucknow,Potato,28.52,84.04,1050,24.16,7,1000,859.33,85.93,MEDIUM,28.61,2.41,30041.8,STORE
2025-06-07 00:00:00,FPO_Karnal,Potato,26.92,48.25,928,23.52,12,500,500.0,100.0,LOW,30.3,3.83,28114.05,STORE
2025-06-07 01:00:00,FPO_Surat,Onion,31.49,90.35,430,24.7,1,2000,279.95,14.0,LOW,33.53,4.67,14416.56,STORE
2025-06-07 02:00:00,FPO_Nashik,Mango,31.67,42.65,651,63.16,2,1000,266.04,26.6,LOW,68.82,1.74,44802.96,SELL NOW
2025-06-07 03:00:00,FPO_Nashik,Potato,28.26,70.59,1565,30.93,3,500,500.0,100.0,LOW,30.77,3.05,48155.85,SELL NOW
2025-06-07 04:00:00,FPO_Surat,Tomato,28.62,46.3,1676,20.22,10,500,500.0,100.0,LOW,26.64,2.02,44649.87,STORE
2025-06-07 05:00:00,FPO_Surat,Cabbage,28.86,75.86,456,25.4,13,1000,799.9,79.99,HIGH,29.81,4.34,13592.31,SELL NOW
2025-06-07 06:00:00,FPO_Ahmedabad,Cabbage,36.35,42.74,633,28.8,14,1000,726.4,72.64,MEDIUM,27.17,3.65,17200.31,SELL NOW
2025-06-07 07:00:00,FPO_Nagpur,Onion,15.97,30.0,408,26.26,12,2500,781.03,31.24,LOW,24.47,4.58,9981.94,SELL NOW
2025-06-07 08:00:00,FPO_Lucknow,Potato,23.98,67.19,1424,25.66,14,2500,1294.79,51.79,LOW,32.91,1.72,46860.06,STORE
2025-06-07 09:00:00,FPO_Jaipur,Mango,33.19,63.13,336,60.22,7,2000,414.85,20.74,LOW,64.79,4.67,21770.56,SELL NOW
2025-06-07 10:00:00,FPO_Ahmedabad,Potato,34.65,81.59,1863,18.44,4,2000,1355.58,67.78,MEDIUM,22.73,1.74,42337.42,STORE
2025-06-07 11:00:00,FPO_Nagpur,Cabbage,30.56,66.17,764,12.45,12,1500,770.94,51.4,MEDIUM,15.77,2.51,12047.61,STORE
2025-06-07 12:00:00,FPO_Surat,Apple,26.9,53.83,1055,99.5,8,2500,845.67,33.83,LOW,105.51,2.05,111315.83,SELL NOW
2025-06-07 13:00:00,FPO_Jaipur,Tomato,39.17,56.9,1617,27.63,8,1000,1000.0,100.0,MEDIUM,28.07,2.01,45396.51,SELL NOW
2025-06-07 14:00:00,FPO_Surat,Onion,29.07,95.0,1819,36.57,1,2500,1113.81,44.55,LOW,38.93,2.1,70822.14,SELL NOW
2025-06-07 15:00:00,FPO_Surat,Apple,28.18,51.88,920,101.69,5,2000,691.31,34.57,LOW,108.42,3.18,99745.82,SELL NOW
2025-06-07 16:00:00,FPO_Nashik,Mango,35.99,72.87,1044,57.35,1,2000,724.96,36.25,LOW,60.53,4.25,63197.94,SELL NOW
2025-06-07 17:00:00,FPO_Nashik,Apple,30.85,71.03,235,92.14,13,2000,560.86,28.04,MEDIUM,91.4,4.64,21478.27,SELL NOW
2025-06-07 18:00:00,FPO_Jaipur,Apple,33.64,73.22,1438,104.37,13,1000,1000.0,100.0,HIGH,103.93,3.48,149454.72,SELL NOW
2025-06-07 19:00:00,FPO_Ahmedabad,Mango,34.34,71.99,226,60.59,7,500,203.31,40.66,LOW,63.81,2.05,14421.32,SELL NOW
2025-06-07 20:00:00,FPO_Nashik,Apple,25.77,60.99,1881,98.03,13,2000,1444.32,72.22,MEDIUM,88.1,1.78,165724.23,SELL NOW
2025-06-07 21:00:00,FPO_Lucknow,Onion,38.61,38.57,217,27.29,4,2500,122.11,5.0,LOW,39.05,3.23,8473.65,STORE
2025-06-07 22:00:00,FPO_Surat,Cabbage,15.0,67.33,829,31.22,12,500,500.0,100.0,LOW,33.35,4.18,27645.57,SELL NOW
2025-06-07 23:00:00,FPO_Indore,Potato,16.12,64.81,1360,28.96,8,2500,1049.36,41.97,LOW,34.38,3.67,46762.31,STORE
2025-06-08 00:00:00,FPO_Karnal,Apple,23.92,66.86,778,96.87,12,2000,880.52,44.03,LOW,103.05,3.54,80174.58,SELL NOW
2025-06-08 01:00:00,FPO_Jaipur,Onion,25.46,73.48,1102,18.51,8,1000,1000.0,100.0,MEDIUM,22.77,1.67,25090.95,STORE
2025-06-08 02:00:00,FPO_Jaipur,Potato,30.18,58.8,1174,20.93,9,500,500.0,100.0,MEDIUM,17.1,2.94,20078.99,SELL NOW
2025-06-08 03:00:00,FPO_Nashik,Potato,23.86,55.7,1253,23.13,11,500,500.0,100.0,LOW,20.8,3.43,26057.38,SELL NOW
2025-06-08 04:00:00,FPO_Ahmedabad,Apple,27.93,78.51,1296,100.36,6,2000,994.96,49.75,LOW,95.91,3.59,124305.66,SELL NOW
2025-06-08 05:00:00,FPO_Surat,Onion,26.77,60.07,322,22.13,7,2000,479.79,23.99,LOW,30.6,1.52,9854.08,STORE
2025-06-08 06:00:00,FPO_Lucknow,Cabbage,40.03,57.59,1156,32.67,7,2000,846.93,42.35,LOW,27.95,2.2,32310.56,SELL NOW
2025-06-08 07:00:00,FPO_Ahmedabad,Apple,23.17,56.3,1200,90.7,5,1500,850.9,56.73,LOW,90.38,4.82,108455.59,SELL NOW
2025-06-08 08:00:00,FPO_Nagpur,Mango,17.9,73.92,1186,56.26,7,1000,982.73,98.27,LOW,65.79,3.28,78025.15,STORE
2025-06-08 09:00:00,FPO_Nagpur,Potato,34.71,61.85,1451,16.89,9,1000,1000.0,100.0,MEDIUM,14.24,3.96,20665.14,SELL NOW
2025-06-08 10:00:00,FPO_Indore,Apple,23.72,95.0,537,94.63,12,2000,951.22,47.56,MEDIUM,98.37,2.58,52826.38,SELL NOW
2025-06-08 11:00:00,FPO_Nashik,Potato,27.45,65.86,1190,11.09,14,1500,1300.85,86.72,MEDIUM,17.88,3.55,21281.31,STORE
2025-06-08 12:00:00,FPO_Nashik,Onion,24.12,46.9,472,30.3,12,2000,690.84,34.54,LOW,33.01,2.75,15580.35,SELL NOW
2025-06-08 13:00:00,FPO_Nashik,Tomato,32.42,58.45,1981,35.07,11,2000,1651.94,82.6,MEDIUM,38.85,2.54,76963.94,STORE
2025-06-08 14:00:00,FPO_Indore,Apple,19.75,74.83,1660,99.18,4,1000,1000.0,100.0,LOW,104.84,2.94,174036.97,SELL NOW
2025-06-08 15:00:00,FPO_Nagpur,Cabbage,15.0,56.0,1101,19.96,13,1500,1247.43,83.16,LOW,31.89,3.11,35113.81,STORE
2025-06-08 16:00:00,FPO_Ahmedabad,Apple,35.77,64.74,238,107.05,2,1000,148.47,14.85,LOW,105.38,2.66,25079.62,SELL NOW
2025-06-08 17:00:00,FPO_Indore,Potato,29.48,79.68,881,26.2,8,2000,910.26,45.51,MEDIUM,27.0,2.4,23787.68,SELL NOW
2025-06-08 18:00:00,FPO_Indore,Onion,34.44,81.93,625,25.78,7,2500,696.59,27.86,MEDIUM,31.94,3.68,19963.15,STORE
2025-06-08 19:00:00,FPO_Ahmedabad,Mango,35.57,57.13,514,61.61,6,500,297.33,59.47,LOW,63.63,2.83,32704.56,SELL NOW
2025-06-08 20:00:00,FPO_Nashik,Cabbage,22.5,61.15,813,30.4,7,2000,794.6,39.73,LOW,30.59,2.21,24870.22,SELL NOW
2025-06-08 21:00:00,FPO_Lucknow,Onion,28.36,66.45,1732,25.48,12,1500,1500.0,100.0,MEDIUM,33.64,4.15,58256.82,STORE
2025-06-08 22:00:00,FPO_Ahmedabad,Apple,31.03,85.13,954,100.61,3,2500,906.81,36.27,LOW,92.48,4.03,88226.64,SELL NOW
2025-06-08 23:00:00,FPO_Nagpur,Mango,27.35,48.5,356,58.06,6,1500,370.13,24.68,LOW,66.7,4.6,23744.88,STORE
2025-06-09 00:00:00,FPO_Jaipur,Onion,26.13,70.4,1071,24.04,10,2000,1002.89,50.14,LOW,34.98,3.44,37461.08,STORE
2025-06-09 01:00:00,FPO_Surat,Tomato,26.72,65.83,976,28.83,14,2000,1124.65,56.23,MEDIUM,30.8,2.48,30065.58,SELL NOW
2025-06-09 02:00:00,FPO_Jaipur,Cabbage,34.5,51.54,456,27.16,7,500,355.63,71.13,LOW,23.58,4.52,10754.31,SELL NOW
2025-06-09 03:00:00,FPO_Karnal,Potato,26.45,83.56,1054,22.22,7,1500,1126.14,75.08,MEDIUM,26.11,2.48,27516.72,STORE
2025-06-09 04:00:00,FPO_Karnal,Onion,31.6,79.86,834,25.92,13,2500,1031.94,41.28,MEDIUM,31.33,3.79,26126.67,STORE
2025-06-09 05:00:00,FPO_Indore,Onion,30.08,88.07,655,40.5,13,500,500.0,100.0,HIGH,35.3,2.17,23121.53,SELL NOW
2025-06-09 06:00:00,FPO_Surat,Tomato,22.21,82.7,246,25.55,5,1500,516.65,34.44,LOW,28.96,3.7,7124.78,STORE
2025-06-09 07:00:00,FPO_Jaipur,Apple,29.81,65.15,1555,102.79,3,2000,957.37,47.87,LOW,115.54,4.44,179665.09,STORE
2025-06-09 08:00:00,FPO_Lucknow,Cabbage,18.77,74.29,209,29.04,2,500,71.38,14.28,LOW,38.35,3.39,8015.04,STORE
2025-06-09 09:00:00,FPO_Nashik,Cabbage,30.41,69.98,343,12.55,13,2000,686.78,34.34,MEDIUM,18.17,3.15,6231.56,STORE
2025-06-09 10:00:00,FPO_Nagpur,Potato,33.35,51.39,1654,26.15,7,1000,1000.0,100.0,LOW,31.19,4.98,51590.81,STORE
2025-06-09 11:00:00,FPO_Karnal,Onion,34.73,45.43,1375,30.04,4,1000,877.99,87.8,LOW,33.24,1.58,45703.93,STORE
2025-06-09 12:00:00,FPO_Lucknow,Mango,22.28,70.54,686,58.68,2,500,481.32,96.26,LOW,62.44,2.66,42832.69,SELL NOW
2025-06-09 13:00:00,FPO_Nagpur,Onion,24.78,66.45,1359,29.39,13,500,500.0,100.0,MEDIUM,31.91,4.72,43365.76,SELL NOW
2025-06-09 14:00:00,FPO_Nagpur,Potato,29.7,59.95,1810,24.91,8,1500,1275.28,85.02,LOW,28.94,3.75,52376.82,STORE
2025-06-09 15:00:00,FPO_Nashik,Onion,25.14,63.61,1249,18.59,2,2500,938.06,37.52,LOW,13.43,3.4,16772.8,SELL NOW
2025-06-09 16:00:00,FPO_Surat,Tomato,16.43,91.54,1230,28.16,6,2500,1234.51,49.38,LOW,20.34,3.73,25012.23,SELL NOW
2025-06-09 17:00:00,FPO_Indore,Onion,24.75,32.31,790,32.16,4,1000,644.23,64.42,LOW,31.4,2.63,24806.34,SELL NOW
2025-06-09 18:00:00,FPO_Jaipur,Onion,29.68,74.6,1238,40.81,9,1000,1000.0,100.0,MEDIUM,48.97,1.75,60620.61,STORE
2025-06-09 19:00:00,FPO_Nashik,Mango,34.41,77.64,1655,53.25,5,1000,1000.0,100.0,MEDIUM,59.22,2.46,98004.36,STORE
2025-06-09 20:00:00,FPO_Lucknow,Tomato,38.14,79.52,1098,30.22,4,2000,715.67,35.78,MEDIUM,37.45,2.68,41117.71,STORE
2025-06-09 21:00:00,FPO_Indore,Tomato,28.75,44.32,1623,25.58,8,2500,1297.79,51.91,LOW,29.06,3.18,47157.99,STORE
2025-06-09 22:00:00,FPO_Lucknow,Onion,31.4,60.6,406,32.42,3,500,195.78,39.16,LOW,41.5,2.88,16847.94,STORE
2025-06-09 23:00:00,FPO_Indore,Cabbage,33.76,59.85,1824,29.33,14,1000,1000.0,100.0,HIGH,39.0,3.32,71128.16,SELL NOW
2025-06-10 00:00:00,FPO_Surat,Mango,15.7,69.38,1832,56.32,13,1500,1500.0,100.0,MEDIUM,65.3,2.19,119625.59,STORE
2025-06-10 01:00:00,FPO_Karnal,Onion,21.88,48.06,1109,39.78,9,500,500.0,100.0,LOW,39.37,2.14,43657.73,SELL NOW
2025-06-10 02:00:00,FPO_Lucknow,Onion,28.62,70.68,1439,36.61,8,500,500.0,100.0,MEDIUM,39.88,2.73,57391.44,SELL NOW
2025-06-10 03:00:00,FPO_Nashik,Potato,37.34,51.73,1725,25.94,14,500,500.0,100.0,HIGH,26.62,3.16,45927.19,SELL NOW
2025-06-10 04:00:00,FPO_Indore,Potato,31.78,60.54,1682,20.22,12,2500,1294.37,51.77,MEDIUM,30.59,2.7,51454.99,STORE
2025-06-10 05:00:00,FPO_Indore,Cabbage,29.98,85.18,458,22.23,14,1000,727.36,72.74,HIGH,30.84,3.52,14125.22,SELL NOW
2025-06-10 06:00:00,FPO_Nagpur,Mango,26.63,77.63,1552,62.2,12,1500,1500.0,100.0,HIGH,67.48,2.59,104735.99,SELL NOW
2025-06-10 07:00:00,FPO_Nagpur,Apple,30.56,66.86,653,98.03,8,2000,765.42,38.27,LOW,104.47,2.12,68221.88,SELL NOW
2025-06-10 08:00:00,FPO_Ahmedabad,Potato,24.42,44.12,998,19.38,10,1500,1002.76,66.85,LOW,23.84,4.52,23792.69,STORE
2025-06-10 09:00:00,FPO_Lucknow,Apple,23.32,69.99,574,109.58,5,1500,713.03,47.54,LOW,107.91,2.2,61941.16,SELL NOW
2025-06-10 10:00:00,FPO_Nagpur,Tomato,23.84,70.99,663,30.74,1,1500,356.23,23.75,LOW,39.1,4.88,25922.35,STORE
2025-06-10 11:00:00,FPO_Ahmedabad,Potato,36.04,33.51,274,26.12,11,2000,366.15,18.31,LOW,39.21,4.96,10742.49,STORE
2025-06-10 12:00:00,FPO_Karnal,Potato,22.96,70.26,441,31.38,10,1500,671.32,44.75,LOW,36.91,3.94,16277.33,STORE
2025-06-10 13:00:00,FPO_Karnal,Mango,25.61,48.86,1240,60.42,13,1500,1397.9,93.19,LOW,62.81,3.26,77888.51,SELL NOW
2025-06-10 14:00:00,FPO_Nagpur,Cabbage,30.83,42.81,1912,21.84,9,1000,1000.0,100.0,LOW,21.2,4.28,40539.7,SELL NOW
2025-06-10 15:00:00,FPO_Lucknow,Apple,22.72,48.17,1482,94.65,2,1000,1000.0,100.0,LOW,96.36,4.56,142812.19,SELL NOW
2025-06-10 16:00:00,FPO_Indore,Potato,29.36,32.58,322,28.77,1,1000,276.54,27.65,LOW,25.4,3.98,8178.41,SELL NOW
2025-06-10 17:00:00,FPO_Jaipur,Potato,29.35,58.89,1534,20.14,6,500,500.0,100.0,LOW,18.56,1.86,28472.15,SELL NOW
2025-06-10 18:00:00,FPO_Surat,Mango,24.25,49.92,310,45.23,1,1500,145.32,9.69,LOW,47.39,1.51,14691.36,SELL NOW
2025-06-10 19:00:00,FPO_Lucknow,Mango,26.45,82.11,1479,46.69,10,2500,1307.84,52.31,MEDIUM,51.27,2.17,75833.41,SELL NOW
2025-06-10 20:00:00,FPO_Surat,Cabbage,22.34,59.61,433,17.62,10,2500,460.44,18.42,LOW,13.24,2.16,5735.07,SELL NOW
2025-06-10 21:00:00,FPO_Nashik,Apple,36.3,54.2,1167,98.12,13,2500,1039.87,41.59,MEDIUM,102.08,2.14,119131.0,SELL NOW
2025-06-10 22:00:00,FPO_Karnal,Tomato,29.55,41.11,696,26.87,10,2000,547.21,27.36,LOW,37.78,3.28,26294.9,STORE
2025-06-10 23:00:00,FPO_Nagpur,Cabbage,21.71,58.58,1263,27.63,7,1000,1000.0,100.0,LOW,32.81,3.32,41435.31,STORE
2025-06-11 00:00:00,FPO_Nagpur,Tomato,28.76,85.3,1345,22.32,14,1000,1000.0,100.0,HIGH,27.79,4.03,37380.22,SELL NOW
2025-06-11 01:00:00,FPO_Surat,Onion,29.03,88.21,1673,31.09,7,1000,1000.0,100.0,HIGH,36.12,2.21,60430.92,SELL NOW
2025-06-11 02:00:00,FPO_Indore,Potato,15.0,59.53,926,26.42,13,2000,1229.26,61.46,LOW,21.42,1.82,19833.74,SELL NOW
2025-06-11 03:00:00,FPO_Surat,Apple,36.04,63.96,1742,99.28,1,1500,1143.73,76.25,LOW,94.72,3.83,165002.24,SELL NOW
2025-06-11 04:00:00,FPO_Nashik,Cabbage,22.06,75.54,291,22.68,10,500,500.0,100.0,MEDIUM,28.67,3.19,8342.04,STORE
2025-06-11 05:00:00,FPO_Indore,Potato,40.54,49.62,1584,17.67,13,1000,1000.0,100.0,HIGH,24.22,3.83,38361.19,SELL NOW
2025-06-11 06:00:00,FPO_Nashik,Apple,32.77,70.54,1346,105.73,5,1500,1000.3,66.69,LOW,113.95,2.83,153381.74,SELL NOW
2025-06-11 07:00:00,FPO_Jaipur,Apple,21.24,95.0,536,93.15,3,2500,522.76,20.91,LOW,102.9,4.13,55155.21,STORE
2025-06-11 08:00:00,FPO_Karnal,Apple,26.11,76.48,1831,107.88,13,500,500.0,100.0,HIGH,108.3,3.89,198301.24,SELL NOW
2025-06-11 09:00:00,FPO_Nagpur,Potato,33.54,76.0,712,21.89,13,2500,921.8,36.87,MEDIUM,29.74,3.78,21175.77,STORE
2025-06-11 10:00:00,FPO_Nagpur,Cabbage,26.57,85.16,802,19.81,11,1500,793.52,52.9,MEDIUM,27.59,1.6,22128.14,STORE
2025-06-11 11:00:00,FPO_Jaipur,Mango,35.07,78.56,627,64.2,12,1500,732.26,48.82,HIGH,74.88,4.5,46952.81,SELL NOW
2025-06-11 12:00:00,FPO_Ahmedabad,Potato,25.74,61.21,1656,24.54,14,2500,1581.55,63.26,MEDIUM,35.56,2.82,58881.36,STORE
2025-06-11 13:00:00,FPO_Karnal,Apple,27.53,47.3,206,102.08,2,500,74.32,14.86,LOW,103.13,1.97,21244.83,SELL NOW
2025-06-11 14:00:00,FPO_Indore,Cabbage,33.7,63.0,319,28.52,11,2500,382.56,15.3,LOW,31.12,4.14,9928.04,SELL NOW
2025-06-11 15:00:00,FPO_Jaipur,Onion,31.62,50.45,586,30.81,5,2500,365.17,14.61,LOW,34.85,3.2,20421.62,STORE
2025-06-11 16:00:00,FPO_Indore,Tomato,22.45,60.77,1573,30.29,5,2500,1217.39,48.7,LOW,29.16,1.61,45865.79,SELL NOW
2025-06-11 17:00:00,FPO_Surat,Apple,30.6,51.93,840,106.8,2,500,500.0,100.0,LOW,115.34,4.24,96888.61,SELL NOW
2025-06-11 18:00:00,FPO_Lucknow,Onion,29.0,59.15,1914,31.01,6,2000,1507.98,75.4,LOW,32.95,3.02,63069.76,SELL NOW
2025-06-11 19:00:00,FPO_Nagpur,Mango,22.53,42.72,1321,64.1,7,500,500.0,100.0,LOW,72.94,4.14,96358.98,STORE
2025-06-11 20:00:00,FPO_Indore,Apple,19.66,54.6,1266,89.0,1,2500,941.35,37.65,LOW,99.57,4.14,126051.15,STORE
2025-06-11 21:00:00,FPO_Nashik,Onion,16.41,71.08,382,31.62,3,1000,243.1,24.31,LOW,33.21,1.85,12686.15,SELL NOW
2025-06-11 22:00:00,FPO_Indore,Apple,26.23,74.87,896,112.61,4,1000,812.44,81.24,LOW,106.89,3.65,95770.45,SELL NOW
2025-06-11 23:00:00,FPO_Lucknow,Potato,27.68,71.61,764,13.07,2,1500,508.32,33.89,LOW,15.92,2.76,12165.13,STORE
2025-06-12 00:00:00,FPO_Karnal,Cabbage,31.03,59.36,1963,35.0,10,2000,1411.66,70.58,LOW,44.69,3.41,87722.36,STORE
2025-06-12 01:00:00,FPO_Nagpur,Onion,32.92,66.87,1896,33.61,11,1500,1500.0,100.0,HIGH,43.23,1.81,81956.17,SELL NOW
2025-06-12 02:00:00,FPO_Surat,Cabbage,25.52,94.16,1458,16.51,5,1500,1218.94,81.26,MEDIUM,19.01,3.56,27719.01,STORE
2025-06-12 03:00:00,FPO_Jaipur,Potato,27.5,54.19,645,22.2,13,1000,905.28,90.53,MEDIUM,25.81,4.22,16648.43,STORE
2025-06-12 04:00:00,FPO_Surat,Potato,23.45,89.07,399,24.01,4,500,425.55,85.11,MEDIUM,26.25,4.95,10472.96,SELL NOW
2025-06-12 05:00:00,FPO_Lucknow,Cabbage,28.52,43.34,1147,29.56,11,1500,1031.82,68.79,LOW,29.59,2.62,33937.72,SELL NOW
2025-06-12 06:00:00,FPO_Nagpur,Onion,33.81,39.37,712,27.82,2,1500,200.33,13.36,LOW,22.25,2.04,15838.47,SELL NOW
2025-06-12 07:00:00,FPO_Indore,Cabbage,28.61,62.79,1749,28.48,11,2000,1677.46,83.87,MEDIUM,34.08,2.78,59604.92,STORE
2025-06-12 08:00:00,FPO_Karnal,Cabbage,34.98,64.44,1189,31.93,1,1000,587.49,58.75,LOW,32.51,1.57,38652.66,SELL NOW
2025-06-12 09:00:00,FPO_Ahmedabad,Tomato,33.71,48.04,412,32.43,8,500,341.21,68.24,LOW,36.51,2.93,15040.48,STORE
2025-06-12 10:00:00,FPO_Karnal,Onion,36.75,60.06,1601,35.97,2,2000,893.79,44.69,LOW,42.36,4.7,67811.29,STORE
2025-06-12 11:00:00,FPO_Ahmedabad,Tomato,28.78,71.04,745,25.77,4,500,500.0,100.0,LOW,33.29,2.18,24801.51,STORE
2025-06-12 12:00:00,FPO_Nashik,Apple,24.81,50.38,685,103.43,12,500,500.0,100.0,LOW,102.99,3.17,70545.28,SELL NOW
2025-06-12 13:00:00,FPO_Karnal,Cabbage,31.73,80.24,1584,36.5,10,1500,1474.32,98.29,HIGH,34.62,3.5,54830.65,SELL NOW
2025-06-12 14:00:00,FPO_Nagpur,Apple,25.76,81.88,367,94.6,5,2000,484.56,24.23,LOW,100.54,2.13,36899.48,SELL NOW
2025-06-12 15:00:00,FPO_Ahmedabad,Onion,31.54,83.68,1089,32.11,2,1500,627.55,41.84,LOW,38.42,2.66,41834.75,STORE
2025-06-12 16:00:00,FPO_Jaipur,Cabbage,24.02,51.38,1130,19.42,10,2500,1124.45,44.98,LOW,19.61,4.69,22155.98,SELL NOW
2025-06-12 17:00:00,FPO_Nagpur,Apple,23.03,53.33,1905,106.27,9,500,500.0,100.0,LOW,114.25,2.54,217641.14,SELL NOW
2025-06-12 18:00:00,FPO_Jaipur,Mango,35.3,62.41,1817,50.12,2,2000,1083.03,54.15,LOW,52.93,3.72,96165.65,SELL NOW
2025-06-12 19:00:00,FPO_Karnal,Potato,21.92,60.92,1627,19.16,6,1000,1000.0,100.0,LOW,18.44,1.98,30009.7,SELL NOW
2025-06-12 20:00:00,FPO_Jaipur,Cabbage,34.13,60.11,1027,36.53,7,1500,859.69,57.31,LOW,34.62,3.84,35553.83,SELL NOW
2025-06-12 21:00:00,FPO_Ahmedabad,Potato,31.52,76.34,336,19.53,6,2500,471.15,18.85,LOW,24.97,2.48,8389.28,STORE
2025-06-12 22:00:00,FPO_Nagpur,Tomato,28.57,74.18,1456,27.69,11,2500,1225.05,49.0,MEDIUM,31.9,2.31,46440.46,STORE
2025-06-12 23:00:00,FPO_Indore,Apple,16.64,51.88,314,106.23,11,2500,703.95,28.16,LOW,111.13,1.93,34895.23,SELL NOW
2025-06-13 00:00:00,FPO_Lucknow,Tomato,36.91,47.88,1475,27.31,12,1500,1169.72,77.98,MEDIUM,24.78,1.66,36545.88,SELL NOW
2025-06-13 01:00:00,FPO_Ahmedabad,Cabbage,22.39,46.41,1716,14.84,13,1000,1000.0,100.0,LOW,6.71,4.89,11517.96,SELL NOW
2025-06-13 02:00:00,FPO_Ahmedabad,Potato,33.72,51.81,1512,16.65,4,2000,850.51,42.53,LOW,22.7,2.95,34326.32,STORE
2025-06-13 03:00:00,FPO_Indore,Potato,23.85,77.69,1272,28.59,1,500,500.0,100.0,LOW,37.59,4.22,47820.29,STORE
2025-06-13 04:00:00,FPO_Nagpur,Apple,23.37,67.15,1675,107.36,2,1000,1000.0,100.0,LOW,102.26,4.72,171287.66,SELL NOW
2025-06-13 05:00:00,FPO_Nagpur,Cabbage,32.01,78.89,715,14.96,12,1500,766.2,51.08,MEDIUM,15.86,2.21,11339.93,SELL NOW
2025-06-13 06:00:00,FPO_Surat,Mango,31.23,39.5,887,55.25,10,2000,792.04,39.6,LOW,71.45,4.54,63374.83,STORE
2025-06-13 07:00:00,FPO_Karnal,Mango,21.13,69.1,1219,56.64,12,500,500.0,100.0,MEDIUM,62.45,3.98,76131.72,STORE
2025-06-13 08:00:00,FPO_Jaipur,Apple,36.62,68.91,1495,98.1,10,2000,1214.54,60.73,MEDIUM,107.63,3.52,160913.73,SELL NOW
2025-06-13 09:00:00,FPO_Karnal,Cabbage,26.76,83.0,1654,20.36,12,500,500.0,100.0,HIGH,31.5,4.33,52106.9,SELL NOW
2025-06-13 10:00:00,FPO_Indore,Apple,28.41,58.86,1249,100.53,14,500,500.0,100.0,MEDIUM,101.11,1.89,126284.37,SELL NOW
2025-06-13 11:00:00,FPO_Karnal,Cabbage,26.22,57.8,1293,22.13,6,2500,1011.82,40.47,LOW,36.84,2.42,47635.23,STORE
2025-06-13 12:00:00,FPO_Indore,Tomato,21.38,87.6,492,25.86,8,1500,678.97,45.26,LOW,20.17,1.96,9922.31,SELL NOW
2025-06-13 13:00:00,FPO_Nagpur,Apple,32.41,62.43,1629,94.34,14,1000,1000.0,100.0,HIGH,99.88,4.64,162705.5,SELL NOW
2025-06-13 14:00:00,FPO_Jaipur,Cabbage,29.74,67.66,1457,28.92,3,2500,1142.03,45.68,LOW,33.65,1.85,49021.68,STORE
2025-06-13 15:00:00,FPO_Karnal,Mango,23.17,72.14,430,53.06,7,2500,587.07,23.48,LOW,50.55,4.93,21735.4,SELL NOW
2025-06-13 16:00:00,FPO_Ahmedabad,Cabbage,33.66,39.98,1486,26.91,9,2000,1203.5,60.17,LOW,26.2,1.88,38931.25,SELL NOW
2025-06-13 17:00:00,FPO_Nashik,Cabbage,28.33,65.62,1137,30.02,4,500,500.0,100.0,LOW,29.95,3.82,34052.74,SELL NOW
2025-06-13 18:00:00,FPO_Surat,Apple,28.46,46.32,1809,109.95,11,500,500.0,100.0,LOW,105.73,3.81,191264.45,SELL NOW
2025-06-13 19:00:00,FPO_Lucknow,Tomato,38.66,63.69,1344,30.5,7,2000,1174.78,58.74,MEDIUM,26.44,4.76,35529.59,SELL NOW
2025-06-13 20:00:00,FPO_Ahmedabad,Tomato,18.35,60.58,1686,29.13,7,1500,1392.69,92.85,LOW,30.53,2.63,51466.07,SELL NOW
2025-06-13 21:00:00,FPO_Nagpur,Tomato,18.27,57.4,717,19.55,13,500,500.0,100.0,LOW,20.12,2.66,14427.25,SELL NOW
2025-06-13 22:00:00,FPO_Lucknow,Tomato,19.62,74.4,1247,35.36,12,2500,1328.82,53.15,LOW,35.08,4.46,43746.46,SELL NOW
2025-06-13 23:00:00,FPO_Nashik,Onion,30.18,66.46,905,30.71,10,2500,936.08,37.44,LOW,37.88,4.93,34277.48,STORE
2025-06-14 00:00:00,FPO_Nashik,Apple,25.85,49.09,1903,101.55,9,500,500.0,100.0,LOW,100.79,1.61,191808.53,SELL NOW
2025-06-14 01:00:00,FPO_Jaipur,Potato,26.32,48.58,576,23.98,3,500,311.67,62.33,LOW,28.32,3.72,16310.37,STORE
2025-06-14 02:00:00,FPO_Lucknow,Apple,22.35,77.6,1723,100.57,11,1500,1456.39,97.09,MEDIUM,103.57,2.35,178444.32,SELL NOW
2025-06-14 03:00:00,FPO_Jaipur,Onion,37.99,64.43,636,30.04,1,500,392.9,78.58,LOW,31.46,4.05,20010.13,SELL NOW
2025-06-14 04:00:00,FPO_Ahmedabad,Tomato,40.01,43.64,1052,26.18,8,1500,653.34,43.56,LOW,22.34,4.2,23498.2,SELL NOW
2025-06-14 05:00:00,FPO_Indore,Onion,33.39,58.75,1945,33.63,4,2500,1160.48,46.42,LOW,35.78,4.17,69593.81,SELL NOW
2025-06-14 06:00:00,FPO_Indore,Mango,18.96,62.64,1868,52.5,2,1500,1256.21,83.75,LOW,52.29,3.02,97678.77,SELL NOW
2025-06-14 07:00:00,FPO_Indore,Mango,25.08,46.49,1169,52.39,5,500,500.0,100.0,LOW,60.2,2.05,70372.94,STORE
2025-06-14 08:00:00,FPO_Lucknow,Apple,32.96,55.45,698,95.76,4,1000,491.35,49.14,LOW,101.96,3.55,71166.08,SELL NOW
2025-06-14 09:00:00,FPO_Indore,Apple,27.73,78.77,1397,106.24,1,500,500.0,100.0,LOW,106.3,4.26,148505.99,SELL NOW
2025-06-14 10:00:00,FPO_Ahmedabad,Potato,33.41,95.0,1886,24.23,12,1000,1000.0,100.0,HIGH,22.76,4.69,42924.72,SELL NOW
2025-06-14 11:00:00,FPO_Jaipur,Potato,35.49,69.54,799,18.83,7,2500,805.77,32.23,LOW,17.36,3.08,13867.42,SELL NOW
2025-06-14 12:00:00,FPO_Lucknow,Mango,39.44,44.68,1732,56.0,4,2000,1089.2,54.46,LOW,57.77,2.36,100049.85,SELL NOW
2025-06-14 13:00:00,FPO_Jaipur,Tomato,24.07,61.74,977,27.6,8,2500,1023.89,40.96,LOW,35.85,1.92,35022.96,STORE
2025-06-14 14:00:00,FPO_Lucknow,Onion,28.49,66.83,1533,32.0,9,2500,1339.03,53.56,LOW,40.9,4.29,62704.37,STORE
2025-06-14 15:00:00,FPO_Jaipur,Potato,25.36,76.8,269,28.8,8,2500,386.89,15.48,LOW,18.47,3.37,4969.07,SELL NOW
2025-06-14 16:00:00,FPO_Nashik,Cabbage,16.0,77.15,404,35.26,1,1500,316.41,21.09,LOW,45.86,3.86,18525.94,STORE
2025-06-14 17:00:00,FPO_Jaipur,Potato,32.21,85.46,540,21.37,8,2500,539.99,21.6,MEDIUM,23.78,2.06,12841.6,STORE
2025-06-14 18:00:00,FPO_Indore,Tomato,31.38,64.98,1255,39.01,5,2000,915.54,45.78,LOW,35.13,1.52,44092.85,SELL NOW
2025-06-14 19:00:00,FPO_Nashik,Tomato,24.72,65.27,1266,28.4,1,500,500.0,100.0,LOW,31.14,4.89,39426.14,SELL NOW
2025-06-14 20:00:00,FPO_Jaipur,Apple,18.41,36.68,317,101.51,9,1000,543.27,54.33,LOW,100.38,4.34,31819.97,SELL NOW
2025-06-14 21:00:00,FPO_Lucknow,Onion,25.7,49.81,1088,34.89,9,2500,950.38,38.02,LOW,46.16,2.9,50217.14,STORE
2025-06-14 22:00:00,FPO_Lucknow,Tomato,32.39,44.57,214,33.62,7,1000,283.47,28.35,LOW,33.72,3.1,7216.51,SELL NOW
2025-06-14 23:00:00,FPO_Surat,Potato,36.02,52.39,1545,29.88,7,2500,1001.44,40.06,LOW,28.09,4.75,43406.24,SELL NOW
2025-06-15 00:00:00,FPO_Lucknow,Potato,23.72,47.72,1110,15.57,11,1500,1084.03,72.27,LOW,29.07,2.23,32264.08,STORE
2025-06-15 01:00:00,FPO_Nagpur,Mango,34.65,48.74,826,60.61,1,1000,393.1,39.31,LOW,65.61,4.31,54193.87,SELL NOW
2025-06-15 02:00:00,FPO_Ahmedabad,Tomato,31.73,81.34,1560,34.28,9,2500,1264.01,50.56,MEDIUM,34.73,1.56,54171.64,SELL NOW
2025-06-15 03:00:00,FPO_Lucknow,Cabbage,30.48,36.15,1755,19.66,1,2500,975.7,39.03,LOW,31.92,4.56,56027.26,STORE
2025-06-15 04:00:00,FPO_Nashik,Apple,20.24,62.02,889,90.64,13,2000,1208.14,60.41,LOW,100.18,3.56,89063.74,STORE
2025-06-15 05:00:00,FPO_Surat,Onion,20.5,77.96,973,22.57,12,2000,1004.37,50.22,LOW,22.5,3.17,21887.86,SELL NOW
2025-06-15 06:00:00,FPO_Lucknow,Cabbage,23.02,60.48,1814,24.39,7,2000,1489.09,74.45,LOW,23.37,3.97,42384.37,SELL NOW
2025-06-15 07:00:00,FPO_Nagpur,Apple,26.04,84.91,1604,110.11,9,1500,1399.32,93.29,MEDIUM,113.6,1.74,182217.38,SELL NOW
2025-06-15 08:00:00,FPO_Indore,Potato,38.8,56.01,1734,14.46,9,1000,1000.0,100.0,MEDIUM,16.65,2.18,28865.35,STORE
2025-06-15 09:00:00,FPO_Nashik,Cabbage,24.03,91.26,1112,19.17,5,1500,949.62,63.31,LOW,18.61,2.92,20697.41,SELL NOW
2025-06-15 10:00:00,FPO_Nagpur,Apple,32.63,41.47,319,97.48,12,500,257.09,51.42,LOW,100.38,3.66,32022.42,SELL NOW
2025-06-15 11:00:00,FPO_Indore,Potato,25.21,84.93,225,17.03,13,2500,826.32,33.05,MEDIUM,28.77,2.01,6474.19,STORE
2025-06-15 12:00:00,FPO_Karnal,Potato,30.84,51.59,1757,16.13,6,2500,1223.31,48.93,LOW,24.36,2.83,42801.46,STORE
2025-06-15 13:00:00,FPO_Karnal,Potato,27.62,86.67,1936,11.81,2,2500,1478.99,59.16,LOW,16.75,2.41,32424.05,STORE
2025-06-15 14:00:00,FPO_Nashik,Potato,29.06,57.98,263,19.36,2,2000,316.96,15.85,LOW,20.66,3.76,5432.29,SELL NOW
2025-06-15 15:00:00,FPO_Jaipur,Potato,30.22,81.57,659,31.8,10,2500,724.51,28.98,MEDIUM,34.17,4.72,22514.8,SELL NOW
2025-06-15 16:00:00,FPO_Ahmedabad,Mango,26.5,84.11,1949,62.77,9,2000,1625.08,81.25,MEDIUM,69.19,2.08,134860.84,STORE
2025-06-15 17:00:00,FPO_Surat,Cabbage,30.25,56.33,513,30.88,13,500,500.0,100.0,MEDIUM,36.9,2.16,18929.31,STORE
2025-06-15 18:00:00,FPO_Ahmedabad,Apple,35.4,80.33,1004,96.98,1,1500,835.38,55.69,LOW,100.3,3.6,100704.04,SELL NOW
2025-06-15 19:00:00,FPO_Nagpur,Mango,23.48,64.58,1813,55.79,10,1500,1500.0,100.0,MEDIUM,64.22,3.09,116423.43,STORE
2025-06-15 20:00:00,FPO_Indore,Mango,35.12,43.06,1439,62.61,12,1500,1198.24,79.88,MEDIUM,59.78,4.01,86028.83,SELL NOW
2025-06-15 21:00:00,FPO_Ahmedabad,Tomato,26.41,72.62,1679,28.42,12,2000,1378.05,68.9,MEDIUM,36.34,2.51,61015.86,STORE
2025-06-15 22:00:00,FPO_Indore,Tomato,25.77,49.75,1185,27.72,14,1000,1000.0,100.0,MEDIUM,33.83,3.41,40084.82,STORE
2025-06-15 23:00:00,FPO_Indore,Tomato,32.2,55.2,935,36.39,5,1000,640.82,64.08,LOW,32.25,2.85,30156.82,SELL NOW
2025-06-16 00:00:00,FPO_Nagpur,Onion,25.95,51.61,1088,25.97,14,500,500.0,100.0,MEDIUM,25.69,2.48,27951.2,SELL NOW
2025-06-16 01:00:00,FPO_Nagpur,Tomato,29.92,70.67,1763,23.28,7,1000,1000.0,100.0,MEDIUM,33.77,4.05,59541.3,STORE
2025-06-16 02:00:00,FPO_Nagpur,Apple,29.35,50.22,1181,104.26,12,500,500.0,100.0,MEDIUM,109.89,4.29,129776.94,SELL NOW
2025-06-16 03:00:00,FPO_Ahmedabad,Mango,15.5,46.6,1936,63.59,10,2500,1659.32,66.37,LOW,66.01,2.65,127791.38,SELL NOW
2025-06-16 04:00:00,FPO_Karnal,Apple,30.51,49.35,778,94.78,6,1500,688.19,45.88,LOW,99.42,3.68,77352.29,SELL NOW
2025-06-16 05:00:00,FPO_Nagpur,Cabbage,19.35,54.35,1696,25.4,6,2000,1252.17,62.61,LOW,28.46,2.13,48264.11,STORE
2025-06-16 06:00:00,FPO_Surat,Tomato,19.81,72.45,1582,19.03,6,500,500.0,100.0,LOW,23.83,4.27,37705.56,STORE
2025-06-16 07:00:00,FPO_Ahmedabad,Onion,30.2,78.64,1349,31.49,13,2000,1183.06,59.15,MEDIUM,39.17,2.48,52841.6,STORE
2025-06-16 08:00:00,FPO_Nagpur,Cabbage,31.22,78.42,1171,22.66,8,2000,981.18,49.06,MEDIUM,34.71,2.1,40648.69,STORE
2025-06-16 09:00:00,FPO_Lucknow,Onion,35.23,64.48,1060,28.77,7,1500,910.93,60.73,LOW,26.89,4.79,28504.42,SELL NOW
2025-06-16 10:00:00,FPO_Indore,Cabbage,21.46,64.09,906,19.3,5,2500,736.34,29.45,LOW,28.13,2.98,25481.52,STORE
2025-06-16 11:00:00,FPO_Surat,Mango,23.55,62.24,1909,65.97,10,2500,1836.01,73.44,LOW,67.12,3.75,128127.19,SELL NOW
2025-06-16 12:00:00,FPO_Nagpur,Apple,30.79,71.66,1310,101.31,2,1000,956.96,95.7,LOW,98.17,4.33,128602.73,SELL NOW
2025-06-16 13:00:00,FPO_Nashik,Potato,35.35,81.79,1566,26.97,10,2500,1428.87,57.15,HIGH,36.51,3.9,57181.54,SELL NOW
2025-06-16 14:00:00,FPO_Indore,Apple,29.15,62.73,594,99.48,6,1500,475.18,31.68,LOW,99.02,3.48,58818.58,SELL NOW
2025-06-16 15:00:00,FPO_Indore,Tomato,22.73,72.99,683,33.95,10,2000,927.56,46.38,LOW,41.94,2.8,28644.09,STORE
2025-06-16 16:00:00,FPO_Nagpur,Potato,37.04,46.39,865,12.66,5,500,500.0,100.0,LOW,21.06,4.71,18212.58,STORE
2025-06-16 17:00:00,FPO_Karnal,Onion,26.43,77.79,655,30.03,4,500,500.0,100.0,MEDIUM,42.75,1.97,27998.67,STORE
2025-06-16 18:00:00,FPO_Jaipur,Mango,26.61,68.24,1699,65.98,10,2500,1226.95,49.08,LOW,75.15,4.59,127683.83,STORE
2025-06-16 19:00:00,FPO_Karnal,Mango,19.38,49.51,409,50.09,11,1000,566.25,56.62,LOW,59.61,3.98,24381.11,STORE
2025-06-16 20:00:00,FPO_Nagpur,Onion,32.34,81.04,724,30.65,5,500,500.0,100.0,MEDIUM,39.54,3.5,28630.25,STORE
2025-06-16 21:00:00,FPO_Indore,Tomato,33.12,46.38,875,30.89,9,1000,794.6,79.46,LOW,35.01,2.64,30637.25,STORE
2025-06-16 22:00:00,FPO_Surat,Onion,23.77,30.88,1201,28.08,12,500,500.0,100.0,LOW,37.85,2.01,45463.46,STORE
2025-06-16 23:00:00,FPO_Nashik,Cabbage,38.51,77.7,1990,29.97,13,1000,1000.0,100.0,HIGH,31.66,3.05,63002.96,SELL NOW
2025-06-17 00:00:00,FPO_Surat,Tomato,24.48,70.78,1095,33.02,2,1000,817.92,81.79,LOW,32.91,4.24,36031.51,SELL NOW
2025-06-17 01:00:00,FPO_Surat,Potato,31.75,46.83,1203,18.91,6,2000,909.29,45.46,LOW,24.88,4.11,29934.57,STORE
2025-06-17 02:00:00,FPO_Indore,Onion,29.34,70.33,1799,28.07,11,1500,1500.0,100.0,MEDIUM,37.26,3.76,67034.54,STORE
2025-06-17 03:00:00,FPO_Karnal,Tomato,15.85,82.55,506,22.19,9,500,500.0,100.0,MEDIUM,24.34,4.97,12314.7,SELL NOW
2025-06-17 04:00:00,FPO_Nashik,Potato,31.26,68.92,1299,23.59,12,2500,1315.22,52.61,MEDIUM,24.61,4.9,31974.77,SELL NOW
2025-06-17 05:00:00,FPO_Ahmedabad,Onion,30.72,95.0,1245,31.01,10,1500,1183.05,78.87,HIGH,26.83,2.9,33407.38,SELL NOW
2025-06-17 06:00:00,FPO_Lucknow,Mango,17.4,52.23,259,60.01,13,2000,515.83,25.79,LOW,58.9,2.17,15255.06,SELL NOW
2025-06-17 07:00:00,FPO_Indore,Onion,37.15,31.47,585,30.5,5,2000,492.77,24.64,LOW,30.02,3.12,17562.59,SELL NOW
2025-06-17 08:00:00,FPO_Nagpur,Apple,30.75,43.84,255,95.71,12,2000,605.97,30.3,LOW,104.84,4.46,26735.06,SELL NOW
2025-06-17 09:00:00,FPO_Ahmedabad,Onion,35.44,30.58,367,22.86,11,2500,427.85,17.11,LOW,23.83,3.1,8746.37,SELL NOW
2025-06-17 10:00:00,FPO_Lucknow,Apple,17.7,95.0,1635,102.22,6,500,500.0,100.0,MEDIUM,107.63,2.68,175970.93,SELL NOW
2025-06-17 11:00:00,FPO_Nagpur,Potato,25.54,64.93,916,21.01,10,500,500.0,100.0,MEDIUM,16.51,4.09,15119.45,SELL NOW
2025-06-17 12:00:00,FPO_Surat,Onion,35.08,94.09,1064,24.84,12,1000,1000.0,100.0,HIGH,34.35,3.78,36544.94,SELL NOW
2025-06-17 13:00:00,FPO_Jaipur,Potato,18.59,59.68,1994,18.37,4,1000,1000.0,100.0,LOW,22.55,4.89,44969.62,STORE
2025-06-17 14:00:00,FPO_Nagpur,Potato,25.71,51.42,1414,26.59,5,1000,1000.0,100.0,LOW,22.83,3.42,32286.55,SELL NOW
2025-06-17 15:00:00,FPO_Nashik,Tomato,30.44,39.05,681,32.31,8,2500,446.69,17.87,LOW,32.72,4.89,22279.14,SELL NOW
2025-06-17 16:00:00,FPO_Nashik,Potato,16.63,59.05,1790,25.31,12,1500,1500.0,100.0,LOW,24.44,2.52,43745.12,SELL NOW
2025-06-17 17:00:00,FPO_Jaipur,Potato,20.07,77.66,1639,21.79,1,500,500.0,100.0,LOW,25.95,4.53,42534.48,STORE
2025-06-17 18:00:00,FPO_Ahmedabad,Onion,36.29,61.63,539,26.59,1,1000,362.29,36.23,LOW,27.8,2.73,14985.75,SELL NOW
2025-06-17 19:00:00,FPO_Lucknow,Onion,28.36,41.04,995,36.61,10,2500,945.72,37.83,LOW,38.12,4.33,37930.55,SELL NOW
2025-06-17 20:00:00,FPO_Nagpur,Mango,35.06,74.8,1091,58.38,4,2500,907.36,36.29,LOW,57.2,4.74,62402.12,SELL NOW
2025-06-17 21:00:00,FPO_Nashik,Tomato,29.09,77.58,975,29.35,13,1000,1000.0,100.0,HIGH,26.21,3.68,25557.01,SELL NOW
2025-06-17 22:00:00,FPO_Ahmedabad,Potato,42.74,57.05,1482,17.75,14,2000,1413.42,70.67,HIGH,24.85,4.05,36828.93,SELL NOW
2025-06-17 23:00:00,FPO_Jaipur,Tomato,30.63,55.17,1573,26.81,10,2000,1117.41,55.87,LOW,34.79,4.86,54727.77,STORE
2025-06-18 00:00:00,FPO_Karnal,Apple,35.62,39.36,800,86.67,3,2000,409.67,20.48,LOW,86.34,2.81,69070.41,SELL NOW
2025-06-18 01:00:00,FPO_Indore,Potato,26.52,74.42,636,18.86,5,1000,644.61,64.46,LOW,24.35,3.29,15486.96,STORE
2025-06-18 02:00:00,FPO_Karnal,Tomato,29.26,58.07,1445,20.38,11,2500,1421.7,56.87,LOW,18.92,4.64,27333.67,SELL NOW
2025-06-18 03:00:00,FPO_Karnal,Mango,31.85,30.0,1636,61.09,10,2500,1198.09,47.92,LOW,68.01,3.85,111266.88,STORE
2025-06-18 04:00:00,FPO_Nashik,Mango,32.85,42.72,1573,57.02,8,500,500.0,100.0,LOW,59.34,4.56,93348.77,SELL NOW
2025-06-18 05:00:00,FPO_Surat,Potato,27.77,73.43,1705,20.49,1,2000,1176.73,58.84,LOW,19.79,3.66,33749.86,SELL NOW
2025-06-18 06:00:00,FPO_Surat,Apple,28.02,59.87,1824,110.65,5,1000,1000.0,100.0,LOW,108.54,4.09,197980.08,SELL NOW
2025-06-18 07:00:00,FPO_Jaipur,Mango,31.01,47.97,1282,54.89,14,500,500.0,100.0,MEDIUM,63.35,1.55,81214.32,STORE
2025-06-18 08:00:00,FPO_Nagpur,Mango,31.01,65.81,351,60.61,5,2500,426.08,17.04,LOW,56.66,2.69,19886.14,SELL NOW
2025-06-18 09:00:00,FPO_Surat,Apple,21.85,52.4,1133,101.1,2,500,500.0,100.0,LOW,103.7,4.2,117496.93,SELL NOW
2025-06-18 10:00:00,FPO_Karnal,Tomato,29.35,55.36,739,23.25,13,2000,839.41,41.97,LOW,16.66,2.91,12308.6,SELL NOW
2025-06-18 11:00:00,FPO_Surat,Mango,29.92,60.96,424,65.52,5,1500,410.28,27.35,LOW,63.7,2.77,27007.9,SELL NOW
2025-06-18 12:00:00,FPO_Karnal,Onion,22.14,90.28,1541,38.23,8,2000,1395.31,69.77,MEDIUM,34.88,4.83,53743.29,SELL NOW
2025-06-18 13:00:00,FPO_Lucknow,Cabbage,33.44,90.21,762,31.0,10,2000,1039.7,51.98,HIGH,21.75,3.43,16571.85,SELL NOW
2025-06-18 14:00:00,FPO_Nashik,Cabbage,30.48,35.43,1998,20.23,7,1000,1000.0,100.0,LOW,20.56,2.17,41069.96,SELL NOW
2025-06-18 15:00:00,FPO_Nashik,Mango,41.98,64.03,1502,56.49,12,1500,1192.04,79.47,HIGH,57.82,3.15,86844.31,SELL NOW
2025-06-18 16:00:00,FPO_Nagpur,Tomato,27.84,43.22,757,17.87,2,1500,394.31,26.29,LOW,15.01,3.32,11359.26,SELL NOW
2025-06-18 17:00:00,FPO_Surat,Tomato,34.82,49.05,1697,27.09,13,1500,1500.0,100.0,MEDIUM,27.04,4.96,45885.96,SELL NOW
2025-06-18 18:00:00,FPO_Surat,Potato,31.23,37.12,817,21.45,14,2500,830.97,33.24,LOW,23.29,4.01,19024.4,SELL NOW
2025-06-18 19:00:00,FPO_Indore,Onion,39.53,51.98,223,33.9,6,500,253.15,50.63,LOW,27.42,3.32,6115.63,SELL NOW
2025-06-18 20:00:00,FPO_Ahmedabad,Tomato,22.18,47.1,1742,36.82,10,2500,1465.38,58.62,LOW,39.98,3.01,69638.36,SELL NOW
2025-06-18 21:00:00,FPO_Lucknow,Apple,25.03,80.38,567,93.71,13,1500,906.53,60.44,MEDIUM,99.72,4.7,56541.96,SELL NOW
2025-06-18 22:00:00,FPO_Nashik,Onion,22.39,52.37,1198,30.69,11,1000,1000.0,100.0,LOW,35.16,3.76,42124.07,STORE
2025-06-18 23:00:00,FPO_Lucknow,Cabbage,27.53,35.81,534,23.87,11,2000,647.55,32.38,LOW,28.44,2.75,15186.7,STORE
2025-06-19 00:00:00,FPO_Nashik,Onion,21.25,64.96,1656,29.24,1,2000,1218.01,60.9,LOW,31.48,3.13,52122.96,SELL NOW
2025-06-19 01:00:00,FPO_Lucknow,Apple,18.84,62.35,202,107.82,10,2500,548.16,21.93,LOW,112.57,2.47,22738.21,SELL NOW
2025-06-19 02:00:00,FPO_Jaipur,Mango,15.2,61.05,1207,60.48,10,2500,1150.74,46.03,LOW,68.82,4.86,83061.46,STORE
2025-06-19 03:00:00,FPO_Karnal,Apple,15.0,74.15,1481,102.75,3,1000,1000.0,100.0,LOW,118.32,3.96,175229.28,STORE
2025-06-19 04:00:00,FPO_Nashik,Apple,31.94,83.48,462,102.37,11,2000,615.14,30.76,MEDIUM,100.2,2.87,46291.23,SELL NOW
2025-06-19 05:00:00,FPO_Lucknow,Mango,25.27,60.83,320,61.09,11,2500,456.98,18.28,LOW,59.94,2.14,19181.36,SELL NOW
2025-06-19 06:00:00,FPO_Surat,Mango,20.6,68.99,1943,56.16,6,500,500.0,100.0,LOW,54.31,2.12,105525.48,SELL NOW
2025-06-19 07:00:00,FPO_Ahmedabad,Mango,24.05,61.21,220,69.36,14,2500,670.67,26.83,LOW,78.73,3.17,17320.73,STORE
2025-06-19 08:00:00,FPO_Jaipur,Mango,24.83,72.6,1104,59.83,9,2500,1087.87,43.51,LOW,70.6,3.14,77946.33,STORE
2025-06-19 09:00:00,FPO_Jaipur,Mango,22.21,42.95,339,62.66,1,1500,204.22,13.61,LOW,69.46,2.96,23547.64,STORE
2025-06-19 10:00:00,FPO_Ahmedabad,Apple,37.63,74.26,1700,101.27,12,500,500.0,100.0,HIGH,97.63,4.48,165964.13,SELL NOW
2025-06-19 11:00:00,FPO_Lucknow,Potato,36.5,69.25,1512,11.44,6,500,500.0,100.0,MEDIUM,12.94,4.93,19558.28,STORE
2025-06-19 12:00:00,FPO_Surat,Potato,37.53,50.61,405,16.79,2,1000,50.0,5.0,LOW,21.53,2.74,8721.34,STORE
2025-06-19 13:00:00,FPO_Nagpur,Tomato,29.08,95.0,242,28.57,9,1500,613.48,40.9,MEDIUM,33.28,2.53,8053.15,STORE
2025-06-19 14:00:00,FPO_Ahmedabad,Potato,29.68,44.61,1049,17.75,13,500,500.0,100.0,MEDIUM,30.44,4.2,31927.05,STORE
2025-06-19 15:00:00,FPO_Lucknow,Cabbage,24.08,69.95,1341,27.02,2,1500,933.72,62.25,LOW,35.33,3.07,47371.05,STORE
2025-06-19 16:00:00,FPO_Ahmedabad,Potato,22.92,50.64,1228,17.45,12,1500,1333.97,88.93,LOW,25.52,2.26,31336.18,STORE
2025-06-19 17:00:00,FPO_Ahmedabad,Apple,28.13,73.67,406,100.08,3,2000,414.86,20.74,LOW,100.98,2.13,40996.9,SELL NOW
2025-06-19 18:00:00,FPO_Nashik,Mango,31.91,94.99,834,51.46,12,500,500.0,100.0,HIGH,56.54,2.48,47155.52,SELL NOW
2025-06-19 19:00:00,FPO_Lucknow,Mango,35.17,76.63,544,64.18,2,2000,573.85,28.69,LOW,58.96,1.5,32075.29,SELL NOW
2025-06-19 20:00:00,FPO_Nagpur,Apple,24.72,63.26,1365,102.25,11,2500,1138.74,45.55,LOW,105.67,4.8,144241.31,SELL NOW
2025-06-19 21:00:00,FPO_Karnal,Cabbage,20.48,78.93,571,27.49,4,2500,579.35,23.17,LOW,31.38,3.01,17915.33,STORE
2025-06-19 22:00:00,FPO_Nashik,Potato,32.4,56.14,1455,21.55,4,2000,909.74,45.49,LOW,18.29,1.79,26607.18,SELL NOW
2025-06-19 23:00:00,FPO_Ahmedabad,Apple,17.09,72.33,1387,96.51,10,2500,1295.05,51.8,LOW,98.02,2.08,135952.81,SELL NOW
2025-06-20 00:00:00,FPO_Karnal,Tomato,27.76,66.32,746,35.89,1,2000,490.0,24.5,LOW,46.23,2.63,34489.57,STORE
2025-06-20 01:00:00,FPO_Indore,Mango,28.54,46.75,1587,68.33,8,1000,1000.0,100.0,LOW,71.14,3.43,112903.21,SELL NOW
2025-06-20 02:00:00,FPO_Karnal,Onion,25.73,90.63,1183,29.64,5,1500,902.68,60.18,LOW,35.76,3.96,42308.42,STORE
2025-06-20 03:00:00,FPO_Ahmedabad,Tomato,18.73,83.66,534,25.14,12,1000,875.04,87.5,MEDIUM,40.09,2.58,21408.96,STORE
2025-06-20 04:00:00,FPO_Ahmedabad,Cabbage,25.81,52.16,210,16.36,8,500,284.03,56.81,LOW,17.08,4.85,3587.62,SELL NOW
2025-06-20 05:00:00,FPO_Surat,Tomato,37.86,80.39,1631,29.13,13,1000,1000.0,100.0,HIGH,36.38,4.16,59332.43,SELL NOW
2025-06-20 06:00:00,FPO_Lucknow,Apple,31.55,47.34,274,96.66,6,1000,354.16,35.42,LOW,98.73,4.39,27051.23,SELL NOW
2025-06-20 07:00:00,FPO_Lucknow,Potato,34.97,71.94,1523,19.6,14,2500,1450.41,58.02,HIGH,28.13,2.63,42847.45,SELL NOW
2025-06-20 08:00:00,FPO_Nashik,Mango,20.7,65.71,1146,64.82,2,2000,798.87,39.94,LOW,67.6,2.83,77471.34,SELL NOW
2025-06-20 09:00:00,FPO_Nagpur,Cabbage,29.53,90.18,1112,20.19,7,500,500.0,100.0,HIGH,28.47,3.38,31656.8,SELL NOW
2025-06-20 10:00:00,FPO_Nashik,Cabbage,28.53,69.98,1604,34.59,10,2500,1444.98,57.8,LOW,44.46,3.08,71316.53,STORE
2025-06-20 11:00:00,FPO_Jaipur,Onion,28.65,41.82,909,24.91,9,500,500.0,100.0,LOW,26.9,2.41,24449.67,SELL NOW
2025-06-20 12:00:00,FPO_Ahmedabad,Tomato,31.34,80.29,1052,17.77,7,1500,759.99,50.67,MEDIUM,26.04,4.99,27389.02,STORE
2025-06-20 13:00:00,FPO_Karnal,Onion,28.88,58.39,975,26.71,11,2000,1034.76,51.74,LOW,21.12,4.47,20591.26,SELL NOW
2025-06-20 14:00:00,FPO_Indore,Potato,20.86,57.68,1085,23.78,5,2500,939.36,37.57,LOW,27.43,2.33,29760.89,STORE
2025-06-20 15:00:00,FPO_Ahmedabad,Potato,31.68,65.44,935,22.68,4,1000,722.75,72.27,LOW,32.23,4.62,30132.05,STORE
2025-06-20 16:00:00,FPO_Ahmedabad,Onion,33.05,56.38,833,30.92,11,1500,755.35,50.36,LOW,45.82,3.55,38165.59,STORE
2025-06-20 17:00:00,FPO_Nashik,Mango,35.92,91.92,1809,58.61,14,1000,1000.0,100.0,HIGH,55.3,1.54,100042.88,SELL NOW
2025-06-20 18:00:00,FPO_Indore,Potato,36.18,77.08,1251,19.49,8,500,500.0,100.0,HIGH,16.85,2.71,21083.81,SELL NOW
2025-06-20 19:00:00,FPO_Indore,Onion,30.86,47.84,1686,23.8,6,1500,1230.71,82.05,LOW,24.18,1.59,40767.84,SELL NOW
2025-06-20 20:00:00,FPO_Indore,Tomato,21.14,54.09,595,28.65,13,2500,795.24,31.81,LOW,32.47,1.81,19319.57,STORE
2025-06-20 21:00:00,FPO_Nashik,Onion,18.82,45.36,882,35.28,5,1000,696.25,69.63,LOW,35.04,2.13,30907.69,SELL NOW
2025-06-20 22:00:00,FPO_Ahmedabad,Onion,26.64,79.52,1599,30.07,7,1000,1000.0,100.0,MEDIUM,37.54,3.2,60019.64,STORE
2025-06-20 23:00:00,FPO_Nashik,Apple,33.52,64.0,620,96.2,11,500,500.0,100.0,HIGH,97.79,2.83,60627.83,SELL NOW
2025-06-21 00:00:00,FPO_Lucknow,Potato,33.13,50.35,563,22.73,3,500,321.56,64.31,LOW,22.17,2.02,12479.9,SELL NOW
2025-06-21 01:00:00,FPO_Lucknow,Mango,29.64,88.58,1439,67.32,9,2000,1311.25,65.56,MEDIUM,65.1,2.88,93685.08,SELL NOW
2025-06-21 02:00:00,FPO_Nashik,Mango,27.78,72.57,1324,58.98,4,2000,1085.72,54.29,LOW,62.26,2.57,82425.81,SELL NOW
2025-06-21 03:00:00,FPO_Indore,Apple,39.42,67.78,1981,93.82,12,500,500.0,100.0,HIGH,99.12,2.94,196352.24,SELL NOW
2025-06-21 04:00:00,FPO_Surat,Cabbage,31.44,67.08,292,26.1,4,2000,188.16,9.41,LOW,33.64,2.1,9822.21,STORE
2025-06-21 05:00:00,FPO_Ahmedabad,Mango,27.48,44.63,1798,62.95,8,1000,1000.0,100.0,LOW,64.02,3.63,115109.36,SELL NOW
2025-06-21 06:00:00,FPO_Nashik,Onion,24.13,73.39,465,34.34,6,500,500.0,100.0,LOW,39.7,1.66,18462.3,STORE
2025-06-21 07:00:00,FPO_Nashik,Apple,21.95,58.72,405,103.49,14,1500,662.52,44.17,LOW,114.36,2.86,46317.67,STORE
2025-06-21 08:00:00,FPO_Nashik,Tomato,21.36,78.06,1303,28.83,11,500,500.0,100.0,MEDIUM,37.98,4.63,49486.3,STORE
2025-06-21 09:00:00,FPO_Surat,Potato,21.95,74.59,236,17.83,1,2500,142.3,5.69,LOW,18.74,2.97,4423.2,SELL NOW
2025-06-21 10:00:00,FPO_Surat,Potato,29.69,64.08,1234,17.08,2,2500,809.25,32.37,LOW,23.48,3.04,28980.21,STORE
2025-06-21 11:00:00,FPO_Jaipur,Potato,27.89,63.02,1850,20.31,9,500,500.0,100.0,MEDIUM,22.4,1.74,41440.61,STORE
2025-06-21 12:00:00,FPO_Lucknow,Onion,26.04,89.88,1313,33.08,6,1500,1111.96,74.13,MEDIUM,33.89,3.62,44497.53,SELL NOW
2025-06-21 13:00:00,FPO_Karnal,Tomato,32.42,44.95,943,24.75,7,500,500.0,100.0,LOW,23.1,4.78,21780.36,SELL NOW
2025-06-21 14:00:00,FPO_Indore,Apple,38.86,56.4,218,97.55,11,1500,265.24,17.68,LOW,109.41,2.52,23852.43,STORE
2025-06-21 15:00:00,FPO_Nagpur,Apple,23.06,82.05,1787,95.57,9,1000,1000.0,100.0,MEDIUM,95.05,2.88,169855.91,SELL NOW
2025-06-21 16:00:00,FPO_Surat,Potato,23.95,87.28,573,29.8,3,1000,634.8,63.48,LOW,32.02,3.56,18345.25,SELL NOW
2025-06-21 17:00:00,FPO_Karnal,Tomato,15.0,62.93,293,26.89,5,1500,387.36,25.82,LOW,20.36,1.83,5965.98,SELL NOW
2025-06-21 18:00:00,FPO_Surat,Tomato,27.84,54.51,231,31.36,5,2000,197.23,9.86,LOW,39.86,4.83,9207.19,STORE
2025-06-21 19:00:00,FPO_Indore,Tomato,27.23,54.81,1886,35.9,10,1000,1000.0,100.0,LOW,38.74,3.14,73056.92,SELL NOW
2025-06-21 20:00:00,FPO_Nagpur,Mango,33.36,43.48,339,55.24,14,2500,551.36,22.05,LOW,64.18,1.9,21757.58,STORE
2025-06-21 21:00:00,FPO_Jaipur,Mango,27.48,95.0,1793,63.79,7,500,500.0,100.0,HIGH,68.56,2.67,122930.01,SELL NOW
2025-06-21 22:00:00,FPO_Nashik,Potato,24.47,62.78,1172,21.53,13,2000,1172.71,58.64,LOW,25.21,2.81,29542.21,STORE
2025-06-21 23:00:00,FPO_Jaipur,Tomato,29.16,71.97,1244,35.03,2,2500,885.13,35.41,LOW,42.23,2.71,52532.49,STORE
2025-06-22 00:00:00,FPO_Surat,Cabbage,31.34,72.13,1372,21.04,4,500,500.0,100.0,MEDIUM,23.98,3.93,32904.68,STORE
2025-06-22 01:00:00,FPO_Jaipur,Tomato,18.29,87.26,1444,29.07,11,2500,1471.34,58.85,MEDIUM,22.87,2.71,33028.14,SELL NOW
2025-06-22 02:00:00,FPO_Karnal,Apple,34.04,58.71,932,103.17,4,2000,676.75,33.84,LOW,107.5,2.63,100186.99,SELL NOW
2025-06-22 03:00:00,FPO_Ahmedabad,Apple,35.84,59.77,953,96.58,12,1500,908.01,60.53,MEDIUM,105.14,2.63,100194.84,SELL NOW
2025-06-22 04:00:00,FPO_Surat,Potato,31.28,77.46,1442,20.96,8,500,500.0,100.0,HIGH,19.65,4.22,28329.95,SELL NOW
2025-06-22 05:00:00,FPO_Surat,Cabbage,22.39,38.08,1764,24.3,10,2500,1392.55,55.7,LOW,16.76,2.58,29570.92,SELL NOW
2025-06-22 06:00:00,FPO_Karnal,Tomato,26.04,87.35,1782,33.47,3,2500,1290.03,51.6,LOW,32.88,1.55,58583.39,SELL NOW
2025-06-22 07:00:00,FPO_Lucknow,Cabbage,35.1,91.07,257,36.09,2,2000,371.65,18.58,LOW,40.73,2.78,10468.61,STORE
2025-06-22 08:00:00,FPO_Nagpur,Potato,22.13,68.69,1648,29.88,9,2000,1419.43,70.97,LOW,27.0,2.47,44489.04,SELL NOW
2025-06-22 09:00:00,FPO_Nashik,Apple,31.77,50.93,1498,107.19,12,2000,1255.57,62.78,LOW,109.61,4.68,164198.99,SELL NOW
2025-06-22 10:00:00,FPO_Karnal,Apple,27.7,77.8,339,79.07,11,1500,549.77,36.65,MEDIUM,84.12,3.17,28515.52,SELL NOW
2025-06-22 11:00:00,FPO_Nagpur,Mango,28.96,62.13,1246,60.66,4,1000,684.54,68.45,LOW,59.28,2.32,73860.42,SELL NOW
2025-06-22 12:00:00,FPO_Indore,Potato,22.99,67.13,1100,22.32,9,2500,1256.18,50.25,LOW,31.78,4.94,34954.9,STORE
2025-06-22 13:00:00,FPO_Nagpur,Potato,29.98,68.28,577,26.0,6,1500,769.58,51.31,LOW,32.39,2.36,18691.19,STORE
2025-06-22 14:00:00,FPO_Indore,Tomato,29.55,55.12,1121,20.8,1,2500,755.36,30.21,LOW,18.77,4.17,21038.54,SELL NOW
2025-06-22 15:00:00,FPO_Karnal,Tomato,18.94,70.21,572,31.63,14,1500,817.35,54.49,LOW,38.11,3.77,21796.87,STORE
2025-06-22 16:00:00,FPO_Surat,Mango,27.97,43.05,1286,49.57,11,500,500.0,100.0,LOW,48.44,3.12,62298.43,SELL NOW
2025-06-22 17:00:00,FPO_Surat,Onion,31.68,32.06,1787,35.14,3,1000,968.88,96.89,LOW,35.56,2.92,63548.52,SELL NOW
2025-06-22 18:00:00,FPO_Lucknow,Cabbage,25.69,70.47,977,16.76,7,2500,925.27,37.01,LOW,19.97,4.55,19512.35,STORE
2025-06-22 19:00:00,FPO_Karnal,Onion,15.0,80.65,1565,36.12,9,2000,1282.9,64.15,LOW,43.25,3.16,67679.26,STORE
2025-06-22 20:00:00,FPO_Indore,Onion,27.31,57.3,366,35.87,8,1000,254.08,25.41,LOW,38.65,2.81,14147.35,SELL NOW
2025-06-22 21:00:00,FPO_Nagpur,Potato,36.8,56.45,1374,20.33,12,2500,1211.28,48.45,MEDIUM,25.4,2.74,34897.53,STORE
2025-06-22 22:00:00,FPO_Nagpur,Cabbage,25.93,74.71,722,27.19,5,500,500.0,100.0,MEDIUM,37.36,2.47,26973.6,STORE
2025-06-22 23:00:00,FPO_Indore,Potato,36.57,64.69,1830,21.98,12,2500,1522.89,60.92,MEDIUM,26.29,2.93,48111.28,STORE
2025-06-23 00:00:00,FPO_Jaipur,Cabbage,23.13,56.51,783,17.61,13,2500,1097.78,43.91,LOW,17.45,1.92,13664.61,SELL NOW
2025-06-23 01:00:00,FPO_Lucknow,Apple,21.03,69.58,700,102.81,8,2500,770.66,30.83,LOW,109.3,1.73,76511.18,SELL NOW
2025-06-23 02:00:00,FPO_Ahmedabad,Potato,27.97,65.1,1095,27.94,2,1000,834.51,83.45,LOW,28.2,3.4,30882.79,SELL NOW
2025-06-23 03:00:00,FPO_Surat,Potato,23.06,46.26,1198,20.39,3,2500,759.7,30.39,LOW,21.95,3.09,26294.99,SELL NOW
2025-06-23 04:00:00,FPO_Nashik,Potato,29.98,63.37,759,25.19,8,2000,853.12,42.66,LOW,31.01,2.11,23537.39,STORE
2025-06-23 05:00:00,FPO_Nagpur,Mango,25.76,67.74,1571,55.61,9,1500,1471.3,98.09,MEDIUM,61.54,1.87,96685.38,STORE
2025-06-23 06:00:00,FPO_Nashik,Potato,36.84,56.99,1495,26.59,10,2000,1172.53,58.63,MEDIUM,28.68,2.0,42883.33,SELL NOW
2025-06-23 07:00:00,FPO_Ahmedabad,Tomato,25.35,78.89,1653,28.05,8,500,500.0,100.0,MEDIUM,29.49,2.6,48741.38,SELL NOW
2025-06-23 08:00:00,FPO_Karnal,Tomato,28.54,72.25,1211,27.93,4,1000,845.71,84.57,LOW,40.06,3.08,48513.65,STORE
2025-06-23 09:00:00,FPO_Nashik,Cabbage,31.58,60.84,1830,27.35,13,1500,1500.0,100.0,HIGH,19.38,2.18,35472.31,SELL NOW
2025-06-23 10:00:00,FPO_Ahmedabad,Apple,33.74,67.0,432,107.65,6,1000,495.64,49.56,LOW,112.47,4.14,48587.05,SELL NOW
2025-06-23 11:00:00,FPO_Surat,Mango,36.88,59.35,759,62.63,11,1000,809.87,80.99,MEDIUM,65.72,2.18,49879.74,SELL NOW
2025-06-23 12:00:00,FPO_Indore,Cabbage,26.59,61.64,1431,19.59,5,2500,904.42,36.18,LOW,20.48,1.93,29304.24,SELL NOW
2025-06-23 13:00:00,FPO_Jaipur,Tomato,25.6,62.19,1676,24.41,12,2000,1377.4,68.87,LOW,28.85,4.98,48353.29,STORE
2025-06-23 14:00:00,FPO_Surat,Mango,16.52,38.45,1962,59.64,4,1500,1339.71,89.31,LOW,57.76,3.07,113334.87,SELL NOW
2025-06-23 15:00:00,FPO_Nagpur,Mango,40.25,65.41,1724,62.48,9,2500,1331.81,53.27,MEDIUM,58.97,2.1,101660.66,SELL NOW
2025-06-23 16:00:00,FPO_Ahmedabad,Apple,30.17,69.78,1120,94.19,10,1500,954.24,63.62,MEDIUM,102.4,4.63,114684.8,SELL NOW
2025-06-23 17:00:00,FPO_Nashik,Mango,32.51,95.0,1812,61.75,3,2000,1166.33,58.32,MEDIUM,61.38,2.31,111223.14,SELL NOW
2025-06-23 18:00:00,FPO_Nagpur,Potato,31.33,71.6,1060,26.45,1,2500,425.18,17.01,LOW,28.83,4.74,30563.23,SELL NOW
2025-06-23 19:00:00,FPO_Jaipur,Mango,28.3,55.21,1442,57.5,13,1500,1500.0,100.0,MEDIUM,49.22,1.92,70977.52,SELL NOW
2025-06-23 20:00:00,FPO_Indore,Apple,30.1,40.39,1071,109.85,7,2500,841.69,33.67,LOW,104.18,4.45,111580.61,SELL NOW
2025-06-23 21:00:00,FPO_Karnal,Cabbage,24.64,49.16,280,21.29,10,1000,338.07,33.81,LOW,25.55,2.14,7154.13,STORE
2025-06-23 22:00:00,FPO_Nagpur,Apple,26.19,57.51,1772,101.01,8,500,500.0,100.0,LOW,109.43,4.78,193901.79,SELL NOW
2025-06-23 23:00:00,FPO_Karnal,Apple,22.3,57.78,813,89.56,11,1500,1057.75,70.52,LOW,89.13,3.51,72459.79,SELL NOW
2025-06-24 00:00:00,FPO_Ahmedabad,Tomato,37.34,61.44,902,26.42,13,2000,948.2,47.41,MEDIUM,37.58,2.16,33893.99,STORE
2025-06-24 01:00:00,FPO_Jaipur,Potato,31.37,58.97,740,21.26,3,1500,574.25,38.28,LOW,30.69,4.46,22708.07,STORE
2025-06-24 02:00:00,FPO_Nashik,Tomato,39.86,61.54,964,25.86,3,500,500.0,100.0,MEDIUM,33.29,2.87,32089.19,STORE
2025-06-24 03:00:00,FPO_Jaipur,Cabbage,41.78,58.67,1474,21.31,14,1500,1350.43,90.03,HIGH,29.73,4.06,43827.72,SELL NOW
2025-06-24 04:00:00,FPO_Jaipur,Onion,19.58,65.28,937,27.41,6,1500,921.54,61.44,LOW,36.99,3.75,34656.09,STORE
2025-06-24 05:00:00,FPO_Lucknow,Cabbage,33.91,51.45,805,28.17,2,1500,322.88,21.53,LOW,28.57,4.0,22996.67,SELL NOW
2025-06-24 06:00:00,FPO_Jaipur,Potato,19.85,46.12,1638,12.41,6,2000,981.32,49.07,LOW,13.05,2.7,21368.56,SELL NOW
2025-06-24 07:00:00,FPO_Jaipur,Mango,29.06,61.43,1309,50.7,5,500,500.0,100.0,LOW,57.18,4.79,74848.41,STORE
2025-06-24 08:00:00,FPO_Surat,Apple,29.89,71.51,821,97.54,14,500,500.0,100.0,HIGH,94.32,3.46,77440.43,SELL NOW
2025-06-24 09:00:00,FPO_Nagpur,Onion,20.28,48.21,1440,29.39,7,2000,1117.94,55.9,LOW,34.05,1.77,49033.12,STORE
2025-06-24 10:00:00,FPO_Nashik,Potato,23.57,56.38,1221,18.09,9,1500,1186.51,79.1,LOW,23.38,1.73,28549.59,STORE
2025-06-24 11:00:00,FPO_Surat,Tomato,30.16,62.81,395,28.32,9,1500,423.39,28.23,LOW,34.81,4.08,13750.55,STORE
2025-06-24 12:00:00,FPO_Surat,Apple,29.06,62.45,1194,103.1,1,500,500.0,100.0,LOW,108.97,4.47,130108.18,SELL NOW
2025-06-24 13:00:00,FPO_Nagpur,Cabbage,21.89,76.29,1520,29.89,7,1500,1292.47,86.16,LOW,26.46,3.93,40212.35,SELL NOW
2025-06-24 14:00:00,FPO_Nagpur,Tomato,23.81,79.1,1145,34.62,3,1000,965.03,96.5,LOW,29.09,2.47,33306.08,SELL NOW
2025-06-24 15:00:00,FPO_Ahmedabad,Potato,19.05,68.33,243,15.38,4,1500,384.66,25.64,LOW,18.71,2.29,4545.96,STORE
2025-06-24 16:00:00,FPO_Nagpur,Potato,20.78,83.14,592,18.14,2,1500,572.14,38.14,LOW,33.37,3.48,19756.26,STORE
2025-06-24 17:00:00,FPO_Lucknow,Cabbage,25.77,59.46,1666,20.61,1,2500,1049.66,41.99,LOW,18.81,2.19,31334.41,SELL NOW
2025-06-24 18:00:00,FPO_Lucknow,Onion,33.92,77.6,1313,35.06,10,500,500.0,100.0,HIGH,36.44,2.83,47851.52,SELL NOW
2025-06-24 19:00:00,FPO_Surat,Cabbage,34.69,55.8,354,21.84,14,500,500.0,100.0,HIGH,26.33,3.7,9319.5,SELL NOW
2025-06-24 20:00:00,FPO_Karnal,Mango,39.0,69.44,1177,61.54,3,1000,716.31,71.63,MEDIUM,61.84,2.5,72786.48,SELL NOW
2025-06-24 21:00:00,FPO_Ahmedabad,Tomato,30.55,74.66,1701,20.93,10,1000,1000.0,100.0,HIGH,27.2,2.81,46270.49,SELL NOW
2025-06-24 22:00:00,FPO_Karnal,Onion,29.13,65.84,1844,26.78,9,1000,1000.0,100.0,MEDIUM,33.34,2.76,61472.0,STORE
2025-06-24 23:00:00,FPO_Karnal,Apple,30.97,50.53,258,95.52,1,500,50.0,10.0,LOW,106.22,3.11,27405.6,STORE
2025-06-25 00:00:00,FPO_Surat,Mango,30.91,39.91,309,63.42,3,2500,132.42,5.3,LOW,69.17,3.86,21372.57,SELL NOW
2025-06-25 01:00:00,FPO_Indore,Onion,18.3,73.35,678,23.77,11,2500,1022.01,40.88,LOW,25.12,4.24,17028.02,SELL NOW
2025-06-25 02:00:00,FPO_Surat,Tomato,39.33,60.9,817,36.92,5,2000,505.11,25.26,LOW,44.26,3.83,36164.02,STORE
2025-06-25 03:00:00,FPO_Nashik,Potato,16.41,61.96,1956,23.08,3,500,500.0,100.0,LOW,25.88,1.59,50613.9,STORE
2025-06-25 04:00:00,FPO_Nashik,Apple,34.89,87.5,1998,96.36,4,2000,1462.98,73.15,MEDIUM,97.47,4.64,194752.49,SELL NOW
2025-06-25 05:00:00,FPO_Nagpur,Cabbage,28.34,50.81,1817,26.71,4,1500,1237.74,82.52,LOW,27.64,3.53,50218.33,SELL NOW
2025-06-25 06:00:00,FPO_Nagpur,Tomato,21.46,76.11,983,23.93,1,1000,691.72,69.17,LOW,24.46,4.72,24045.01,SELL NOW
2025-06-25 07:00:00,FPO_Indore,Mango,31.19,53.93,1272,54.69,6,2000,836.46,41.82,LOW,63.13,4.87,80307.29,STORE
2025-06-25 08:00:00,FPO_Nagpur,Mango,27.29,62.34,1600,63.49,11,2000,1456.48,72.82,LOW,71.86,3.14,114982.12,STORE
2025-06-25 09:00:00,FPO_Nashik,Potato,23.9,48.71,1255,28.84,12,500,500.0,100.0,LOW,33.26,4.71,41735.38,STORE
2025-06-25 10:00:00,FPO_Karnal,Potato,19.71,53.83,1709,23.9,7,1000,1000.0,100.0,LOW,24.68,2.78,42172.6,SELL NOW
2025-06-25 11:00:00,FPO_Surat,Apple,19.21,71.2,800,93.86,12,1000,1000.0,100.0,MEDIUM,97.79,2.41,78235.79,SELL NOW
2025-06-25 12:00:00,FPO_Jaipur,Cabbage,24.33,84.41,1139,20.92,7,2500,846.32,33.85,LOW,20.24,1.76,23058.02,SELL NOW
2025-06-25 13:00:00,FPO_Lucknow,Apple,25.68,71.35,1191,107.65,13,2000,1314.73,65.74,MEDIUM,110.18,3.08,131228.61,SELL NOW
2025-06-25 14:00:00,FPO_Jaipur,Potato,20.74,69.59,730,25.97,6,2500,716.53,28.66,LOW,21.41,3.91,15631.98,SELL NOW
2025-06-25 15:00:00,FPO_Jaipur,Potato,28.23,95.0,1226,16.36,7,2000,1041.85,52.09,MEDIUM,18.79,4.92,23039.95,STORE
2025-06-25 16:00:00,FPO_Nashik,Mango,21.59,73.41,577,56.43,14,500,500.0,100.0,MEDIUM,63.79,3.32,36807.05,STORE
2025-06-25 17:00:00,FPO_Jaipur,Potato,30.16,51.0,771,22.94,3,500,500.0,100.0,LOW,23.28,4.07,17945.5,SELL NOW
2025-06-25 18:00:00,FPO_Surat,Onion,35.39,39.75,1465,29.28,5,1500,1064.29,70.95,LOW,37.43,4.64,54828.57,STORE
2025-06-25 19:00:00,FPO_Indore,Tomato,29.74,70.69,1764,38.45,14,2000,1644.86,82.24,HIGH,44.51,3.4,78516.33,SELL NOW
2025-06-25 20:00:00,FPO_Ahmedabad,Potato,27.44,43.9,786,18.34,14,2000,886.42,44.32,LOW,23.52,2.08,18487.74,STORE
2025-06-25 21:00:00,FPO_Nagpur,Apple,24.79,49.98,1805,103.0,7,1000,1000.0,100.0,LOW,103.18,4.47,186245.32,SELL NOW
2025-06-25 22:00:00,FPO_Ahmedabad,Cabbage,36.68,69.55,1818,26.49,10,1000,1000.0,100.0,HIGH,24.94,3.51,45336.76,SELL NOW
2025-06-25 23:00:00,FPO_Karnal,Cabbage,26.84,80.6,556,16.7,5,2500,429.69,17.19,LOW,24.72,4.15,13743.96,STORE
2025-06-26 00:00:00,FPO_Surat,Cabbage,42.94,60.71,884,13.03,14,1500,853.06,56.87,HIGH,10.15,3.8,8976.66,SELL NOW
2025-06-26 01:00:00,FPO_Surat,Onion,20.9,46.91,1420,28.08,10,500,500.0,100.0,LOW,29.12,1.71,41354.37,SELL NOW
2025-06-26 02:00:00,FPO_Lucknow,Apple,29.74,62.8,1057,102.09,2,2000,749.68,37.48,LOW,106.32,2.09,112383.87,SELL NOW
2025-06-26 03:00:00,FPO_Surat,Onion,36.48,60.92,1642,37.95,6,2500,1232.75,49.31,LOW,53.02,2.5,87063.66,STORE
2025-06-26 04:00:00,FPO_Nagpur,Potato,23.86,66.77,858,18.09,7,1500,735.19,49.01,LOW,24.68,2.5,21171.4,STORE
2025-06-26 05:00:00,FPO_Surat,Tomato,26.58,46.96,1496,30.37,11,1000,1000.0,100.0,LOW,30.06,4.44,44974.63,SELL NOW
2025-06-26 06:00:00,FPO_Jaipur,Cabbage,31.76,52.44,1725,23.55,2,1500,1189.84,79.32,LOW,26.46,3.59,45644.61,STORE
2025-06-26 07:00:00,FPO_Lucknow,Apple,30.33,80.35,234,108.64,10,2500,429.12,17.16,LOW,110.47,1.79,25850.02,SELL NOW
2025-06-26 08:00:00,FPO_Nagpur,Cabbage,31.36,76.42,1206,24.8,8,500,500.0,100.0,MEDIUM,29.44,2.86,35503.75,STORE
2025-06-26 09:00:00,FPO_Indore,Onion,34.96,82.46,1848,27.8,5,1000,1000.0,100.0,HIGH,35.79,3.45,66137.99,SELL NOW
2025-06-26 10:00:00,FPO_Indore,Mango,25.92,37.24,660,60.85,11,1000,665.47,66.55,LOW,60.76,2.38,40100.12,SELL NOW
2025-06-26 11:00:00,FPO_Indore,Potato,36.62,51.71,917,22.96,8,500,500.0,100.0,MEDIUM,26.94,1.64,24702.29,STORE
2025-06-26 12:00:00,FPO_Indore,Tomato,17.68,79.86,1893,34.98,3,1000,1000.0,100.0,LOW,42.86,2.83,81142.33,STORE
2025-06-26 13:00:00,FPO_Jaipur,Potato,34.46,73.88,1476,22.03,2,2500,1124.78,44.99,LOW,19.04,3.11,28096.29,SELL NOW
2025-06-26 14:00:00,FPO_Surat,Mango,34.88,71.11,1857,62.15,7,1000,1000.0,100.0,MEDIUM,64.46,4.67,119704.26,SELL NOW
2025-06-26 15:00:00,FPO_Ahmedabad,Tomato,23.35,59.56,711,19.73,5,2000,496.54,24.83,LOW,20.89,4.68,14853.08,SELL NOW
2025-06-26 16:00:00,FPO_Nagpur,Mango,19.3,55.7,1271,54.22,5,1500,1012.25,67.48,LOW,57.13,3.25,72606.92,SELL NOW
2025-06-26 17:00:00,FPO_Jaipur,Potato,26.61,65.48,1408,20.12,13,2500,1401.43,56.06,MEDIUM,12.03,3.15,16931.31,SELL NOW
2025-06-26 18:00:00,FPO_Indore,Onion,30.42,58.27,690,30.52,8,500,500.0,100.0,MEDIUM,30.0,3.74,20700.42,SELL NOW
2025-06-26 19:00:00,FPO_Karnal,Potato,25.99,72.92,472,18.19,13,2500,952.49,38.1,LOW,10.64,2.4,5021.56,SELL NOW
2025-06-26 20:00:00,FPO_Surat,Potato,31.01,65.56,1836,23.42,9,2000,1578.26,78.91,MEDIUM,21.09,2.5,38715.5,SELL NOW
2025-06-26 21:00:00,FPO_Ahmedabad,Potato,39.63,50.43,1212,19.38,14,1000,1000.0,100.0,HIGH,23.06,1.51,27945.77,SELL NOW
2025-06-26 22:00:00,FPO_Karnal,Apple,19.81,74.52,726,108.49,8,1000,823.41,82.34,LOW,113.54,1.77,82431.61,SELL NOW
2025-06-26 23:00:00,FPO_Lucknow,Mango,16.28,83.81,1351,58.97,10,2500,1168.87,46.75,LOW,60.0,2.12,81054.48,SELL NOW
2025-06-27 00:00:00,FPO_Karnal,Mango,27.58,84.82,409,62.15,2,1000,474.78,47.48,LOW,54.59,3.74,22327.92,SELL NOW
2025-06-27 01:00:00,FPO_Lucknow,Cabbage,23.92,75.1,823,23.91,10,1000,850.85,85.09,MEDIUM,23.97,2.24,19731.34,SELL NOW
2025-06-27 02:00:00,FPO_Lucknow,Mango,25.12,75.31,1365,59.53,11,2000,1317.12,65.86,MEDIUM,56.26,1.93,76795.48,SELL NOW
2025-06-27 03:00:00,FPO_Indore,Cabbage,35.6,47.58,372,27.73,7,500,318.99,63.8,LOW,29.46,3.66,10957.62,SELL NOW
2025-06-27 04:00:00,FPO_Lucknow,Apple,27.28,54.93,1901,100.69,11,1500,1418.29,94.55,MEDIUM,104.17,3.78,198028.59,SELL NOW
2025-06-27 05:00:00,FPO_Nashik,Onion,27.83,62.47,646,27.39,5,2500,643.07,25.72,LOW,22.33,1.71,14427.7,SELL NOW
2025-06-27 06:00:00,FPO_Nagpur,Cabbage,25.38,73.89,1342,26.68,14,500,500.0,100.0,HIGH,27.76,4.21,37251.84,SELL NOW
2025-06-27 07:00:00,FPO_Nagpur,Potato,27.77,55.99,1938,21.21,7,1500,1398.62,93.24,LOW,13.19,3.62,25563.9,SELL NOW
2025-06-27 08:00:00,FPO_Indore,Onion,29.61,60.4,210,32.91,3,500,271.09,54.22,LOW,34.95,2.89,7339.55,SELL NOW
2025-06-27 09:00:00,FPO_Nashik,Apple,44.71,73.39,960,105.74,4,2500,529.4,21.18,MEDIUM,107.76,4.94,103446.02,SELL NOW
2025-06-27 10:00:00,FPO_Karnal,Mango,29.68,67.06,1527,64.96,7,2000,1350.38,67.52,LOW,60.41,1.54,92252.36,SELL NOW
2025-06-27 11:00:00,FPO_Jaipur,Cabbage,34.98,70.01,1983,19.69,2,2000,1190.47,59.52,LOW,15.46,3.41,30657.05,SELL NOW
2025-06-27 12:00:00,FPO_Karnal,Potato,29.12,53.33,1377,6.86,2,2000,775.13,38.76,LOW,18.68,2.06,25727.84,STORE
2025-06-27 13:00:00,FPO_Surat,Tomato,15.83,60.19,522,39.29,1,500,432.86,86.57,LOW,43.99,2.65,22964.38,STORE
2025-06-27 14:00:00,FPO_Jaipur,Tomato,24.6,57.96,1760,30.62,1,2500,1319.5,52.78,LOW,30.13,1.97,53026.06,SELL NOW
2025-06-27 15:00:00,FPO_Lucknow,Onion,29.67,64.99,1176,31.89,12,1000,1000.0,100.0,MEDIUM,33.23,3.84,39079.22,SELL NOW
2025-06-27 16:00:00,FPO_Ahmedabad,Mango,32.34,58.5,644,56.44,1,1000,468.52,46.85,LOW,53.49,2.91,34446.79,SELL NOW
2025-06-27 17:00:00,FPO_Jaipur,Tomato,29.26,56.47,541,17.75,6,2000,362.88,18.14,LOW,21.87,4.95,11829.38,STORE
2025-06-27 18:00:00,FPO_Ahmedabad,Onion,33.52,66.88,420,19.99,13,500,500.0,100.0,HIGH,22.41,3.79,9410.49,SELL NOW
2025-06-27 19:00:00,FPO_Nagpur,Apple,19.24,95.0,309,98.31,5,1000,476.66,47.67,LOW,104.96,4.71,32432.74,SELL NOW
2025-06-27 20:00:00,FPO_Ahmedabad,Onion,28.29,73.75,609,30.77,10,500,500.0,100.0,MEDIUM,38.9,2.34,23687.74,STORE
2025-06-27 21:00:00,FPO_Nagpur,Onion,35.97,38.3,1641,38.43,8,2500,1014.67,40.59,LOW,48.17,2.62,79049.79,STORE
2025-06-27 22:00:00,FPO_Nashik,Onion,22.17,70.27,1825,31.22,5,2000,1370.53,68.53,LOW,38.52,2.77,70289.92,STORE
2025-06-27 23:00:00,FPO_Nashik,Potato,34.72,57.28,704,25.35,1,1500,544.61,36.31,LOW,27.27,4.43,19195.24,SELL NOW
2025-06-28 00:00:00,FPO_Indore,Onion,34.41,50.88,239,27.34,12,2000,474.55,23.73,LOW,23.55,2.24,5627.41,SELL NOW
2025-06-28 01:00:00,FPO_Indore,Cabbage,20.58,75.56,1732,22.71,8,1500,1399.55,93.3,LOW,24.24,4.81,41988.48,SELL NOW
2025-06-28 02:00:00,FPO_Lucknow,Onion,30.03,66.16,1682,22.63,6,1000,1000.0,100.0,MEDIUM,25.39,1.65,42707.55,STORE
2025-06-28 03:00:00,FPO_Jaipur,Potato,28.95,95.0,462,15.86,8,1500,596.47,39.76,MEDIUM,20.84,4.61,9625.79,STORE
2025-06-28 04:00:00,FPO_Lucknow,Potato,26.94,63.29,1893,15.81,13,500,500.0,100.0,MEDIUM,16.0,3.08,30295.29,SELL NOW
2025-06-28 05:00:00,FPO_Nagpur,Apple,18.84,61.61,1341,98.18,2,1500,1014.21,67.61,LOW,95.18,3.34,127632.54,SELL NOW
2025-06-28 06:00:00,FPO_Lucknow,Mango,26.42,82.96,1673,51.68,10,1000,1000.0,100.0,HIGH,55.96,4.99,93623.3,SELL NOW
2025-06-28 07:00:00,FPO_Ahmedabad,Tomato,27.06,65.33,1991,23.94,8,1000,1000.0,100.0,MEDIUM,39.03,4.55,77708.21,STORE
2025-06-28 08:00:00,FPO_Nagpur,Tomato,17.81,49.14,1637,27.8,6,2000,1355.74,67.79,LOW,37.94,4.66,62104.08,STORE
2025-06-28 09:00:00,FPO_Indore,Onion,20.17,51.79,907,17.98,1,1000,611.58,61.16,LOW,26.94,3.55,24434.55,STORE
2025-06-28 10:00:00,FPO_Nashik,Apple,22.44,60.07,1022,107.41,13,500,500.0,100.0,MEDIUM,108.56,4.85,110953.2,SELL NOW
2025-06-28 11:00:00,FPO_Indore,Onion,21.71,74.86,1749,38.91,1,1500,1226.19,81.75,LOW,38.15,3.91,66726.68,SELL NOW
2025-06-28 12:00:00,FPO_Jaipur,Tomato,29.96,84.08,660,33.16,10,2500,617.11,24.68,MEDIUM,39.98,4.37,26384.09,STORE
2025-06-28 13:00:00,FPO_Nagpur,Potato,33.47,77.03,1341,23.96,12,1000,1000.0,100.0,HIGH,33.26,4.02,44605.44,SELL NOW
2025-06-28 14:00:00,FPO_Nagpur,Mango,26.14,73.52,416,61.63,5,1500,626.59,41.77,LOW,63.32,4.23,26340.36,SELL NOW
2025-06-28 15:00:00,FPO_Ahmedabad,Apple,32.6,81.45,1940,102.66,7,2000,1495.51,74.78,MEDIUM,102.74,3.73,199306.76,SELL NOW
2025-06-28 16:00:00,FPO_Jaipur,Potato,33.71,74.32,276,22.43,4,2500,194.36,7.77,LOW,22.75,4.04,6278.37,SELL NOW
2025-06-28 17:00:00,FPO_Nashik,Mango,27.49,51.45,1644,60.91,14,2000,1492.35,74.62,LOW,64.98,3.03,106830.09,SELL NOW
2025-06-28 18:00:00,FPO_Karnal,Apple,30.45,61.69,1091,91.69,13,500,500.0,100.0,MEDIUM,94.36,3.97,102948.94,SELL NOW
2025-06-28 19:00:00,FPO_Nagpur,Apple,26.66,57.27,1395,100.58,10,2000,1218.02,60.9,LOW,103.65,2.47,144597.01,SELL NOW
2025-06-28 20:00:00,FPO_Nagpur,Tomato,21.26,83.93,589,30.49,5,1500,608.35,40.56,LOW,39.71,3.72,23386.59,STORE
2025-06-28 21:00:00,FPO_Ahmedabad,Potato,23.52,50.68,1249,23.69,10,2500,910.45,36.42,LOW,31.02,3.33,38744.89,STORE
2025-06-28 22:00:00,FPO_Lucknow,Apple,29.96,50.97,1351,105.74,3,2000,905.95,45.3,LOW,107.87,4.64,145728.42,SELL NOW
2025-06-28 23:00:00,FPO_Surat,Cabbage,27.27,67.55,573,32.35,2,2000,649.36,32.47,LOW,35.34,3.86,20250.81,SELL NOW
2025-06-29 00:00:00,FPO_Nashik,Apple,32.42,93.94,853,97.37,2,500,500.0,100.0,MEDIUM,105.44,3.59,89944.04,SELL NOW
2025-06-29 01:00:00,FPO_Indore,Mango,16.68,76.02,1103,54.33,14,1500,1411.31,94.09,MEDIUM,59.97,2.6,66148.72,STORE
2025-06-29 02:00:00,FPO_Jaipur,Tomato,18.12,80.63,1247,34.28,5,2000,1122.52,56.13,LOW,45.52,4.52,56763.13,STORE
2025-06-29 03:00:00,FPO_Nagpur,Onion,18.83,48.4,1693,33.33,4,1500,1143.1,76.21,LOW,39.71,1.69,67226.88,STORE
2025-06-29 04:00:00,FPO_Nagpur,Tomato,29.0,75.03,943,25.14,2,1000,541.71,54.17,LOW,29.43,4.65,27752.18,STORE
2025-06-29 05:00:00,FPO_Indore,Onion,19.73,48.33,622,28.88,5,500,500.0,100.0,LOW,29.42,3.79,18300.8,SELL NOW
2025-06-29 06:00:00,FPO_Nashik,Potato,29.92,75.96,1400,20.48,10,500,500.0,100.0,HIGH,15.63,2.16,21887.74,SELL NOW
2025-06-29 07:00:00,FPO_Surat,Potato,32.52,41.44,1052,23.35,9,500,500.0,100.0,LOW,31.66,4.66,33302.47,STORE
2025-06-29 08:00:00,FPO_Lucknow,Apple,37.1,59.91,1970,107.18,8,1500,1500.0,100.0,MEDIUM,115.54,2.64,227614.96,SELL NOW
2025-06-29 09:00:00,FPO_Nagpur,Cabbage,36.44,34.2,1030,20.52,9,2000,746.18,37.31,LOW,30.34,2.09,31252.46,STORE
2025-06-29 10:00:00,FPO_Surat,Potato,23.83,51.73,1761,23.46,9,2000,1473.49,73.67,LOW,20.36,2.62,35861.11,SELL NOW
2025-06-29 11:00:00,FPO_Nashik,Apple,17.98,43.63,1489,101.28,8,1500,1305.21,87.01,LOW,106.19,4.86,158121.7,SELL NOW
2025-06-29 12:00:00,FPO_Indore,Tomato,24.21,74.77,1172,18.07,9,1500,1197.02,79.8,MEDIUM,17.71,4.13,20756.73,SELL NOW
2025-06-29 13:00:00,FPO_Ahmedabad,Potato,33.86,66.42,828,34.52,4,1000,507.61,50.76,LOW,37.01,4.71,30648.29,SELL NOW
2025-06-29 14:00:00,FPO_Lucknow,Tomato,25.66,57.99,769,29.05,8,2500,949.66,37.99,LOW,24.24,2.55,18637.33,SELL NOW
2025-06-29 15:00:00,FPO_Jaipur,Tomato,27.85,66.76,1493,33.78,14,2500,1345.81,53.83,MEDIUM,33.39,1.79,49848.14,SELL NOW
2025-06-29 16:00:00,FPO_Nagpur,Cabbage,24.66,52.54,1552,16.91,2,500,500.0,100.0,LOW,19.39,3.47,30096.84,STORE
2025-06-29 17:00:00,FPO_Nashik,Potato,37.49,69.83,1678,31.64,9,2000,1265.36,63.27,MEDIUM,36.61,3.19,61429.32,STORE
2025-06-29 18:00:00,FPO_Ahmedabad,Tomato,21.91,63.83,1518,26.24,13,500,500.0,100.0,MEDIUM,32.99,4.02,50074.93,STORE
2025-06-29 19:00:00,FPO_Jaipur,Cabbage,28.4,95.0,321,13.48,9,2000,568.97,28.45,MEDIUM,24.44,3.4,7844.5,STORE
2025-06-29 20:00:00,FPO_Karnal,Cabbage,34.65,89.5,358,17.89,11,2000,655.71,32.79,HIGH,20.29,2.89,7265.05,SELL NOW
2025-06-29 21:00:00,FPO_Nashik,Potato,39.05,79.11,1401,15.86,3,1000,1000.0,100.0,HIGH,16.51,1.52,23124.46,SELL NOW
2025-06-29 22:00:00,FPO_Nashik,Cabbage,23.83,69.38,1879,21.13,6,1500,1387.63,92.51,LOW,25.88,3.14,48626.24,STORE
2025-06-29 23:00:00,FPO_Jaipur,Potato,33.76,71.31,1551,15.55,12,1500,1284.25,85.62,HIGH,20.08,1.92,31140.58,SELL NOW
2025-06-30 00:00:00,FPO_Ahmedabad,Potato,24.21,83.61,506,26.05,7,1500,424.82,28.32,LOW,23.47,4.73,11878.14,SELL NOW
2025-06-30 01:00:00,FPO_Karnal,Onion,36.26,69.32,1312,30.9,3,2500,893.69,35.75,LOW,27.81,4.73,36487.48,SELL NOW
2025-06-30 02:00:00,FPO_Surat,Tomato,38.38,70.24,950,30.56,5,1500,679.31,45.29,LOW,45.02,4.31,42766.79,STORE
2025-06-30 03:00:00,FPO_Surat,Mango,22.66,56.35,1261,62.15,1,2500,853.28,34.13,LOW,66.52,2.05,83875.93,SELL NOW
2025-06-30 04:00:00,FPO_Indore,Potato,31.92,54.69,790,20.77,11,500,500.0,100.0,MEDIUM,27.76,2.02,21928.13,STORE
2025-06-30 05:00:00,FPO_Ahmedabad,Tomato,34.68,63.39,545,20.2,3,2500,447.88,17.92,LOW,26.04,3.47,14190.17,STORE
2025-06-30 06:00:00,FPO_Lucknow,Cabbage,26.23,30.0,1475,17.44,12,2000,1208.23,60.41,LOW,22.82,4.05,33654.99,STORE
2025-06-30 07:00:00,FPO_Nagpur,Apple,31.29,64.56,348,92.66,8,1000,484.52,48.45,LOW,102.0,4.67,35494.77,STORE
2025-06-30 08:00:00,FPO_Jaipur,Potato,31.6,61.37,1239,16.54,3,1000,838.46,83.85,LOW,30.72,4.63,38066.45,STORE
2025-06-30 09:00:00,FPO_Indore,Cabbage,40.06,78.19,1590,33.47,8,2000,1131.49,56.57,HIGH,39.26,2.04,62423.66,SELL NOW
2025-06-30 10:00:00,FPO_Karnal,Cabbage,16.17,83.37,1034,17.52,9,500,500.0,100.0,MEDIUM,21.12,4.98,21842.22,STORE
2025-06-30 11:00:00,FPO_Jaipur,Cabbage,27.66,95.0,980,32.39,6,1000,1000.0,100.0,HIGH,40.48,2.05,39667.83,SELL NOW
2025-06-30 12:00:00,FPO_Jaipur,Cabbage,20.5,73.69,317,19.73,7,2000,590.53,29.53,LOW,21.6,4.44,6848.07,SELL NOW
2025-06-30 13:00:00,FPO_Ahmedabad,Cabbage,28.08,67.28,903,18.22,6,1000,848.02,84.8,LOW,15.21,3.55,13730.78,SELL NOW
2025-06-30 14:00:00,FPO_Nagpur,Potato,23.3,56.51,516,24.11,8,2500,581.62,23.26,LOW,30.37,3.87,15672.58,STORE
2025-06-30 15:00:00,FPO_Lucknow,Mango,26.47,49.27,487,66.34,14,1000,518.25,51.83,LOW,64.81,3.61,31561.52,SELL NOW
2025-06-30 16:00:00,FPO_Surat,Onion,22.76,78.71,1107,21.88,7,2500,852.26,34.09,LOW,20.95,4.54,23187.64,SELL NOW
2025-06-30 17:00:00,FPO_Nashik,Cabbage,28.93,64.59,1574,24.55,10,2500,1309.11,52.36,LOW,21.22,3.73,33405.11,SELL NOW
2025-06-30 18:00:00,FPO_Nashik,Cabbage,34.44,71.37,496,30.94,1,1000,144.2,14.42,LOW,21.38,4.47,10603.16,SELL NOW
2025-06-30 19:00:00,FPO_Jaipur,Onion,25.76,65.28,1417,34.55,3,1000,1000.0,100.0,LOW,30.95,2.04,43860.48,SELL NOW
2025-06-30 20:00:00,FPO_Surat,Potato,36.58,65.67,1615,14.28,3,2500,978.18,39.13,LOW,17.81,4.53,28765.8,STORE
2025-06-30 21:00:00,FPO_Surat,Tomato,34.26,68.29,642,26.98,3,1000,425.59,42.56,LOW,35.98,4.98,23097.3,STORE
2025-06-30 22:00:00,FPO_Nagpur,Apple,40.2,71.33,1504,91.95,4,500,500.0,100.0,MEDIUM,92.28,3.82,138795.5,SELL NOW
2025-06-30 23:00:00,FPO_Karnal,Apple,30.47,79.11,1100,101.87,13,1500,1266.65,84.44,HIGH,101.41,4.92,111546.27,SELL NOW
2025-07-01 00:00:00,FPO_Karnal,Tomato,27.63,46.52,500,28.83,1,1500,313.14,20.88,LOW,31.51,2.27,15754.91,SELL NOW
2025-07-01 01:00:00,FPO_Indore,Potato,18.49,73.79,1097,24.83,14,2000,1298.63,64.93,LOW,27.47,4.4,30130.3,STORE
2025-07-01 02:00:00,FPO_Ahmedabad,Apple,23.31,45.68,625,95.22,11,1500,666.19,44.41,LOW,97.95,2.09,61215.68,SELL NOW
2025-07-01 03:00:00,FPO_Nagpur,Onion,26.75,75.52,449,26.5,2,500,450.51,90.1,LOW,34.81,3.31,15631.16,STORE
2025-07-01 04:00:00,FPO_Nagpur,Tomato,27.46,69.8,1966,32.94,12,1500,1500.0,100.0,MEDIUM,34.4,3.82,67629.17,SELL NOW
2025-07-01 05:00:00,FPO_Ahmedabad,Mango,42.09,63.85,1738,65.15,5,1500,1145.97,76.4,MEDIUM,65.71,3.81,114199.53,SELL NOW
2025-07-01 06:00:00,FPO_Surat,Potato,26.76,64.44,885,30.36,11,500,500.0,100.0,MEDIUM,33.43,3.85,29584.23,STORE
2025-07-01 07:00:00,FPO_Karnal,Tomato,17.39,67.05,951,35.11,6,2500,956.09,38.24,LOW,41.36,2.62,39337.56,STORE
2025-07-01 08:00:00,FPO_Karnal,Apple,31.99,81.36,1197,91.76,9,1500,984.11,65.61,MEDIUM,109.08,4.91,130562.94,STORE
2025-07-01 09:00:00,FPO_Surat,Potato,31.64,80.04,605,28.12,2,2000,541.92,27.1,LOW,39.85,1.52,24109.18,STORE
2025-07-01 10:00:00,FPO_Karnal,Onion,25.25,78.28,1839,29.83,14,1500,1500.0,100.0,HIGH,34.06,3.67,62638.55,SELL NOW
2025-07-01 11:00:00,FPO_Jaipur,Potato,40.77,44.8,1000,25.64,12,1500,886.61,59.11,MEDIUM,26.08,4.53,26075.21,SELL NOW
2025-07-01 12:00:00,FPO_Nagpur,Potato,16.62,73.64,443,20.31,9,500,500.0,100.0,LOW,22.88,4.62,10136.28,STORE
2025-07-01 13:00:00,FPO_Nashik,Onion,35.5,30.0,566,25.43,7,500,290.4,58.08,LOW,25.07,4.02,14187.15,SELL NOW
2025-07-01 14:00:00,FPO_Ahmedabad,Cabbage,26.25,33.04,319,23.58,9,2000,265.96,13.3,LOW,27.66,3.51,8823.6,STORE
2025-07-01 15:00:00,FPO_Karnal,Onion,22.3,81.86,1049,30.32,4,1000,1000.0,100.0,LOW,34.94,3.1,36648.34,STORE
2025-07-01 16:00:00,FPO_Indore,Potato,42.4,43.3,1663,23.45,7,500,500.0,100.0,MEDIUM,29.51,3.07,49067.35,STORE
2025-07-01 17:00:00,FPO_Karnal,Onion,32.42,62.31,1994,34.87,1,1000,1000.0,100.0,LOW,28.03,2.99,55897.43,SELL NOW
2025-07-01 18:00:00,FPO_Karnal,Cabbage,26.21,86.07,1727,19.81,8,2000,1299.64,64.98,MEDIUM,18.44,3.95,31838.83,SELL NOW
2025-07-01 19:00:00,FPO_Lucknow,Tomato,26.09,73.76,1805,22.38,7,1500,1379.59,91.97,MEDIUM,32.64,4.06,58914.56,STORE
2025-07-01 20:00:00,FPO_Jaipur,Onion,29.65,70.55,632,21.85,7,1500,740.94,49.4,LOW,19.34,3.3,12223.78,SELL NOW
2025-07-01 21:00:00,FPO_Ahmedabad,Onion,25.23,64.18,382,28.89,2,1000,371.54,37.15,LOW,28.05,4.09,10715.56,SELL NOW
2025-07-01 22:00:00,FPO_Lucknow,Potato,35.8,66.89,1684,17.63,10,2000,1575.63,78.78,MEDIUM,19.01,3.35,32004.53,SELL NOW
2025-07-01 23:00:00,FPO_Lucknow,Tomato,28.53,55.62,958,26.34,9,2000,845.9,42.3,LOW,36.45,1.84,34920.64,STORE
2025-07-02 00:00:00,FPO_Indore,Mango,34.11,57.81,1341,60.12,11,500,500.0,100.0,MEDIUM,66.44,4.48,89095.75,STORE
2025-07-02 01:00:00,FPO_Nagpur,Mango,29.25,66.3,230,51.09,8,1000,400.0,40.0,LOW,52.7,4.55,12120.38,SELL NOW
2025-07-02 02:00:00,FPO_Indore,Apple,33.22,68.49,1176,97.22,1,500,500.0,100.0,LOW,97.92,2.43,115152.4,SELL NOW
2025-07-02 03:00:00,FPO_Nagpur,Onion,36.07,62.63,1372,31.81,11,1000,1000.0,100.0,HIGH,31.4,4.25,43082.64,SELL NOW
2025-07-02 04:00:00,FPO_Nagpur,Onion,38.09,31.46,727,30.34,1,500,307.92,61.58,LOW,27.07,3.29,19677.15,SELL NOW
2025-07-02 05:00:00,FPO_Ahmedabad,Tomato,30.95,88.47,1496,26.13,14,500,500.0,100.0,HIGH,25.07,1.93,37506.98,SELL NOW
2025-07-02 06:00:00,FPO_Karnal,Cabbage,22.8,79.06,1063,24.82,5,2000,932.74,46.64,LOW,36.63,2.89,38935.65,STORE
2025-07-02 07:00:00,FPO_Ahmedabad,Mango,26.96,61.94,1608,58.64,2,2000,978.98,48.95,LOW,69.08,1.77,111087.6,STORE
2025-07-02 08:00:00,FPO_Jaipur,Apple,27.84,79.53,301,95.02,1,1500,217.43,14.5,LOW,96.3,4.25,28987.15,SELL NOW
2025-07-02 09:00:00,FPO_Nagpur,Tomato,24.56,59.62,1295,22.17,10,1500,1246.7,83.11,LOW,22.7,2.19,29399.28,SELL NOW
2025-07-02 10:00:00,FPO_Lucknow,Onion,23.56,69.76,1928,43.44,12,2000,1754.05,87.7,MEDIUM,52.14,2.08,100523.45,STORE
2025-07-02 11:00:00,FPO_Karnal,Mango,29.05,36.15,822,63.14,13,2000,919.97,46.0,LOW,63.12,2.23,51885.8,SELL NOW
2025-07-02 12:00:00,FPO_Nashik,Apple,22.1,68.85,1004,105.41,11,500,500.0,100.0,MEDIUM,111.74,2.29,112188.64,SELL NOW
2025-07-02 13:00:00,FPO_Jaipur,Potato,20.94,60.78,607,25.02,8,1500,533.46,35.56,LOW,22.49,3.86,13648.6,SELL NOW
2025-07-02 14:00:00,FPO_Ahmedabad,Mango,17.83,68.27,1570,66.96,12,2000,1489.51,74.48,LOW,70.81,3.74,111170.38,SELL NOW
2025-07-02 15:00:00,FPO_Indore,Apple,30.88,90.65,1590,102.87,13,1000,1000.0,100.0,HIGH,103.51,1.95,164577.39,SELL NOW
2025-07-02 16:00:00,FPO_Jaipur,Tomato,30.05,64.73,1029,17.48,4,1000,679.55,67.96,LOW,22.77,4.04,23430.59,STORE
2025-07-02 17:00:00,FPO_Jaipur,Potato,26.05,58.14,988,17.81,2,1500,827.62,55.17,LOW,27.26,2.72,26934.27,STORE
2025-07-02 18:00:00,FPO_Karnal,Apple,33.97,58.3,817,101.18,14,1000,978.32,97.83,HIGH,101.15,3.1,82643.07,SELL NOW
2025-07-02 19:00:00,FPO_Jaipur,Apple,22.01,43.76,748,101.04,5,500,500.0,100.0,LOW,98.72,1.94,73838.93,SELL NOW
2025-07-02 20:00:00,FPO_Jaipur,Onion,30.29,71.06,490,30.66,12,1500,987.43,65.83,MEDIUM,32.17,3.98,15761.52,SELL NOW
2025-07-02 21:00:00,FPO_Nashik,Cabbage,28.32,73.02,621,19.42,11,2000,734.55,36.73,LOW,29.11,2.82,18076.57,STORE
2025-07-02 22:00:00,FPO_Surat,Mango,23.56,65.98,380,57.19,13,1000,674.56,67.46,LOW,60.85,3.71,23124.69,SELL NOW
2025-07-02 23:00:00,FPO_Indore,Onion,25.04,78.8,854,31.24,13,500,500.0,100.0,HIGH,33.86,3.0,28919.71,SELL NOW
2025-07-03 00:00:00,FPO_Indore,Potato,24.58,78.94,313,22.18,12,2000,667.79,33.39,LOW,30.95,1.67,9687.56,STORE
2025-07-03 01:00:00,FPO_Indore,Cabbage,29.52,66.05,1461,28.88,6,2500,1014.18,40.57,LOW,34.47,3.96,50359.75,STORE
2025-07-03 02:00:00,FPO_Nagpur,Apple,31.56,73.78,1317,94.63,8,500,500.0,100.0,MEDIUM,109.23,3.43,143854.91,STORE
2025-07-03 03:00:00,FPO_Lucknow,Onion,25.44,95.0,459,32.43,7,1000,712.3,71.23,MEDIUM,29.97,3.02,13758.03,SELL NOW
2025-07-03 04:00:00,FPO_Surat,Cabbage,23.73,52.67,1330,22.14,7,500,500.0,100.0,LOW,25.09,2.21,33369.59,STORE
2025-07-03 05:00:00,FPO_Indore,Mango,28.82,76.6,443,58.22,1,2500,276.84,11.07,LOW,54.31,3.69,24057.81,SELL NOW
2025-07-03 06:00:00,FPO_Jaipur,Potato,18.09,66.3,622,21.72,3,2500,518.63,20.75,LOW,19.27,2.46,11984.72,SELL NOW
2025-07-03 07:00:00,FPO_Jaipur,Tomato,28.21,80.69,534,19.34,3,500,500.0,100.0,MEDIUM,28.91,3.0,15438.15,STORE
2025-07-03 08:00:00,FPO_Indore,Onion,37.37,53.1,1246,30.64,7,2000,936.79,46.84,LOW,29.12,1.7,36287.24,SELL NOW
2025-07-03 09:00:00,FPO_Karnal,Potato,23.78,68.0,470,28.29,12,2000,659.12,32.96,LOW,39.12,4.22,18385.3,STORE
2025-07-03 10:00:00,FPO_Indore,Tomato,26.94,54.81,1363,21.92,14,2500,1122.45,44.9,LOW,19.38,1.82,26411.46,SELL NOW
2025-07-03 11:00:00,FPO_Jaipur,Onion,34.15,38.5,1689,39.29,2,1500,970.68,64.71,LOW,41.83,4.62,70644.17,SELL NOW
2025-07-03 12:00:00,FPO_Nagpur,Potato,32.53,86.07,653,18.76,10,1500,824.63,54.98,MEDIUM,15.79,4.54,10312.63,SELL NOW
2025-07-03 13:00:00,FPO_Ahmedabad,Potato,28.37,58.48,1607,24.95,7,2000,1287.52,64.38,LOW,31.22,4.9,50171.12,STORE
2025-07-03 14:00:00,FPO_Ahmedabad,Cabbage,27.65,52.36,793,18.38,9,1500,614.9,40.99,LOW,22.41,4.68,17768.02,STORE
2025-07-03 15:00:00,FPO_Surat,Onion,20.59,56.35,1600,40.8,1,2000,1163.08,58.15,LOW,50.08,4.9,80135.79,STORE
2025-07-03 16:00:00,FPO_Surat,Potato,30.95,92.37,1209,16.7,12,1000,1000.0,100.0,HIGH,23.92,4.61,28917.85,SELL NOW
2025-07-03 17:00:00,FPO_Indore,Apple,19.94,84.66,1661,101.04,14,2000,1628.99,81.45,MEDIUM,104.65,1.89,173826.92,SELL NOW
2025-07-03 18:00:00,FPO_Nashik,Onion,15.61,61.73,1055,27.32,2,1000,795.71,79.57,LOW,30.9,3.03,32594.34,STORE
2025-07-03 19:00:00,FPO_Indore,Potato,34.05,77.92,1645,21.75,11,2500,1363.3,54.53,MEDIUM,18.42,1.77,30307.39,SELL NOW
2025-07-03 20:00:00,FPO_Karnal,Cabbage,30.32,48.87,1379,25.56,6,1500,975.07,65.0,LOW,30.47,3.41,42018.49,STORE
2025-07-03 21:00:00,FPO_Indore,Tomato,33.28,72.85,1558,26.37,2,2500,1156.18,46.25,LOW,28.89,3.35,45005.38,SELL NOW
2025-07-03 22:00:00,FPO_Surat,Tomato,23.58,58.54,1754,24.6,14,500,500.0,100.0,MEDIUM,30.9,4.73,54191.23,STORE
2025-07-03 23:00:00,FPO_Ahmedabad,Apple,30.8,71.54,1804,99.76,12,500,500.0,100.0,HIGH,106.51,4.89,192142.72,SELL NOW
2025-07-04 00:00:00,FPO_Jaipur,Onion,25.37,44.39,331,29.66,2,2500,187.9,7.52,LOW,29.44,2.41,9745.69,SELL NOW
2025-07-04 01:00:00,FPO_Indore,Cabbage,26.04,56.07,967,26.62,5,2000,782.55,39.13,LOW,26.0,3.54,25143.19,SELL NOW
2025-07-04 02:00:00,FPO_Jaipur,Potato,33.84,67.73,1944,24.42,7,2000,1412.44,70.62,MEDIUM,27.81,3.13,54057.76,STORE
2025-07-04 03:00:00,FPO_Jaipur,Potato,27.1,67.57,700,26.05,4,1500,662.97,44.2,LOW,27.75,3.41,19422.22,SELL NOW
2025-07-04 04:00:00,FPO_Nashik,Tomato,23.82,43.06,1745,30.81,13,2500,1631.94,65.28,LOW,26.51,3.36,46253.3,SELL NOW
2025-07-04 05:00:00,FPO_Jaipur,Cabbage,19.81,50.42,1363,25.66,6,500,500.0,100.0,LOW,23.64,4.7,32225.69,SELL NOW
2025-07-04 06:00:00,FPO_Ahmedabad,Apple,30.16,71.35,334,98.72,12,2500,588.3,23.53,LOW,107.09,4.64,35769.56,SELL NOW
2025-07-04 07:00:00,FPO_Nagpur,Tomato,34.36,69.59,966,20.34,3,2500,745.49,29.82,LOW,25.58,1.93,24707.5,STORE
2025-07-04 08:00:00,FPO_Nagpur,Tomato,23.3,74.83,1011,28.78,4,1500,760.31,50.69,LOW,31.64,2.71,31989.81,SELL NOW
2025-07-04 09:00:00,FPO_Lucknow,Apple,32.13,67.85,1630,105.47,4,2000,1188.94,59.45,LOW,114.72,4.13,186999.33,SELL NOW
2025-07-04 10:00:00,FPO_Karnal,Onion,22.34,49.2,969,26.16,4,500,500.0,100.0,LOW,28.86,3.89,27961.88,STORE
2025-07-04 11:00:00,FPO_Indore,Potato,32.5,59.69,293,18.66,12,1500,551.06,36.74,LOW,25.19,3.71,7381.17,STORE
2025-07-04 12:00:00,FPO_Karnal,Onion,28.2,72.97,1464,36.53,1,500,500.0,100.0,LOW,39.34,4.98,57597.55,SELL NOW
2025-07-04 13:00:00,FPO_Ahmedabad,Cabbage,29.61,49.97,1972,33.16,13,500,500.0,100.0,MEDIUM,36.46,2.68,71908.36,SELL NOW
2025-07-04 14:00:00,FPO_Jaipur,Mango,23.82,48.11,364,55.83,4,2000,204.72,10.24,LOW,74.53,3.3,27129.78,STORE
2025-07-04 15:00:00,FPO_Nagpur,Mango,30.15,60.46,524,72.76,4,2000,407.94,20.4,LOW,72.29,4.93,37878.09,SELL NOW
2025-07-04 16:00:00,FPO_Karnal,Mango,24.41,69.07,1883,62.09,6,1500,1298.15,86.54,LOW,67.84,3.93,127745.28,SELL NOW
2025-07-04 17:00:00,FPO_Ahmedabad,Apple,25.52,37.36,1441,104.62,9,1000,1000.0,100.0,LOW,110.26,3.77,158890.09,SELL NOW
2025-07-04 18:00:00,FPO_Nagpur,Tomato,18.89,61.36,1139,26.24,10,1500,1278.7,85.25,LOW,34.99,2.04,39852.63,STORE
2025-07-04 19:00:00,FPO_Jaipur,Onion,23.37,72.78,819,31.29,6,1500,654.65,43.64,LOW,33.93,2.36,27787.19,SELL NOW
2025-07-04 20:00:00,FPO_Karnal,Potato,24.85,75.73,430,24.13,6,1000,550.34,55.03,LOW,37.13,2.82,15967.9,STORE
2025-07-04 21:00:00,FPO_Nagpur,Mango,29.88,49.94,781,55.5,7,500,500.0,100.0,LOW,56.7,3.13,44280.56,SELL NOW
2025-07-04 22:00:00,FPO_Indore,Onion,31.57,70.58,932,38.27,7,2500,861.15,34.45,LOW,39.03,3.24,36371.32,SELL NOW
2025-07-04 23:00:00,FPO_Surat,Mango,24.35,79.91,1809,59.8,1,1000,1000.0,100.0,LOW,67.02,4.66,121240.8,STORE
2025-07-05 00:00:00,FPO_Indore,Mango,27.01,74.1,1402,57.5,8,2500,1236.04,49.44,LOW,66.65,1.88,93444.61,STORE
2025-07-05 01:00:00,FPO_Lucknow,Potato,38.12,58.82,1303,16.21,1,500,500.0,100.0,LOW,12.97,2.37,16898.64,SELL NOW
2025-07-05 02:00:00,FPO_Lucknow,Cabbage,28.79,30.0,1577,27.81,9,1000,1000.0,100.0,LOW,26.96,2.0,42516.03,SELL NOW
2025-07-05 03:00:00,FPO_Nagpur,Cabbage,24.78,68.14,870,26.28,14,2000,1026.3,51.32,MEDIUM,30.13,4.07,26215.3,STORE
2025-07-05 04:00:00,FPO_Surat,Cabbage,17.92,88.68,1904,20.12,14,1500,1500.0,100.0,HIGH,26.1,4.9,49686.53,SELL NOW
2025-07-05 05:00:00,FPO_Ahmedabad,Apple,22.88,77.36,1384,100.7,4,1000,1000.0,100.0,LOW,110.44,4.63,152853.51,SELL NOW
2025-07-05 06:00:00,FPO_Indore,Tomato,22.64,76.32,1650,30.44,9,1000,1000.0,100.0,MEDIUM,34.02,4.03,56126.76,STORE
2025-07-05 07:00:00,FPO_Ahmedabad,Apple,39.87,67.53,602,98.03,8,500,500.0,100.0,HIGH,106.8,1.58,64292.41,SELL NOW
2025-07-05 08:00:00,FPO_Surat,Onion,22.91,78.45,1255,31.87,9,2000,1140.36,57.02,LOW,25.85,2.71,32441.05,SELL NOW
2025-07-05 09:00:00,FPO_Ahmedabad,Apple,28.31,69.55,320,100.02,14,1000,795.62,79.56,MEDIUM,97.02,4.52,31045.87,SELL NOW
2025-07-05 10:00:00,FPO_Surat,Onion,30.22,38.81,926,28.9,6,2000,854.85,42.74,LOW,31.86,3.79,29505.56,STORE
2025-07-05 11:00:00,FPO_Nagpur,Onion,34.64,78.37,1738,25.2,9,2500,1270.06,50.8,MEDIUM,33.42,2.23,58087.34,STORE
2025-07-05 12:00:00,FPO_Ahmedabad,Tomato,28.05,52.08,584,29.0,4,1000,402.74,40.27,LOW,30.38,3.13,17744.58,SELL NOW
2025-07-05 13:00:00,FPO_Indore,Potato,24.94,66.01,1963,11.63,3,2000,1368.66,68.43,LOW,13.17,1.81,25861.06,STORE
2025-07-05 14:00:00,FPO_Jaipur,Tomato,24.54,76.09,1648,35.19,3,1500,1290.37,86.02,LOW,40.1,3.32,66080.25,STORE
2025-07-05 15:00:00,FPO_Lucknow,Cabbage,30.14,53.76,675,30.94,8,500,500.0,100.0,LOW,32.8,4.65,22139.09,SELL NOW
2025-07-05 16:00:00,FPO_Jaipur,Cabbage,23.89,50.22,759,19.88,2,2000,349.8,17.49,LOW,29.9,1.64,22690.53,STORE
2025-07-05 17:00:00,FPO_Ahmedabad,Apple,21.37,72.16,1390,92.81,12,500,500.0,100.0,MEDIUM,96.3,3.65,133858.35,SELL NOW
2025-07-05 18:00:00,FPO_Jaipur,Onion,24.94,48.3,588,35.85,6,1000,652.15,65.21,LOW,51.14,2.32,30070.6,STORE
2025-07-05 19:00:00,FPO_Indore,Mango,20.05,62.11,1556,59.17,9,1000,1000.0,100.0,LOW,62.93,4.97,97916.14,SELL NOW
2025-07-05 20:00:00,FPO_Indore,Mango,39.1,81.93,1746,60.3,9,2500,1462.67,58.51,HIGH,61.4,1.73,107212.93,SELL NOW
2025-07-05 21:00:00,FPO_Ahmedabad,Onion,31.58,89.4,1973,30.12,8,500,500.0,100.0,HIGH,33.56,3.66,66222.66,SELL NOW
2025-07-05 22:00:00,FPO_Nagpur,Tomato,37.73,38.28,989,21.43,8,1500,813.6,54.24,LOW,29.9,2.4,29572.4,STORE
2025-07-05 23:00:00,FPO_Jaipur,Potato,30.91,61.72,952,25.93,1,1500,670.66,44.71,LOW,28.1,4.59,26755.67,SELL NOW
2025-07-06 00:00:00,FPO_Nagpur,Tomato,37.15,84.05,1694,30.24,11,2000,1398.41,69.92,HIGH,19.19,1.93,32507.93,SELL NOW
2025-07-06 01:00:00,FPO_Nagpur,Onion,30.2,59.03,903,30.09,7,1500,740.81,49.39,LOW,30.72,3.0,27744.26,SELL NOW
2025-07-06 02:00:00,FPO_Surat,Onion,32.36,76.88,1747,18.66,14,500,500.0,100.0,HIGH,10.07,2.15,17588.2,SELL NOW
2025-07-06 03:00:00,FPO_Nashik,Potato,15.2,78.01,252,24.52,1,1000,333.77,33.38,LOW,30.1,4.3,7584.68,STORE
2025-07-06 04:00:00,FPO_Ahmedabad,Apple,22.51,55.84,766,101.89,9,500,500.0,100.0,LOW,99.29,2.73,76052.79,SELL NOW
2025-07-06 05:00:00,FPO_Lucknow,Apple,28.22,71.43,1020,99.53,3,500,500.0,100.0,LOW,102.76,2.15,104820.01,SELL NOW
2025-07-06 06:00:00,FPO_Indore,Potato,28.37,72.34,1244,26.83,1,1000,1000.0,100.0,LOW,22.47,4.04,27952.11,SELL NOW
2025-07-06 07:00:00,FPO_Indore,Apple,27.54,78.65,1242,105.64,8,500,500.0,100.0,MEDIUM,108.22,4.36,134407.74,SELL NOW
2025-07-06 08:00:00,FPO_Ahmedabad,Mango,30.72,40.62,1061,61.68,7,1500,798.54,53.24,LOW,65.53,3.12,69524.86,SELL NOW
2025-07-06 09:00:00,FPO_Surat,Apple,30.97,84.39,1679,92.44,2,2000,1174.16,58.71,LOW,92.97,2.83,156092.04,SELL NOW
2025-07-06 10:00:00,FPO_Karnal,Apple,33.19,75.3,521,93.67,14,2000,842.1,42.11,MEDIUM,96.45,3.71,50248.96,SELL NOW
2025-07-06 11:00:00,FPO_Karnal,Apple,32.01,48.04,1026,96.51,7,500,500.0,100.0,LOW,91.09,3.78,93462.72,SELL NOW
2025-07-06 12:00:00,FPO_Karnal,Mango,35.22,63.08,632,58.76,5,1000,486.47,48.65,LOW,61.98,3.81,39172.39,SELL NOW
2025-07-06 13:00:00,FPO_Surat,Apple,35.27,77.57,1282,104.21,7,2500,1012.13,40.49,MEDIUM,104.02,2.47,133347.83,SELL NOW
2025-07-06 14:00:00,FPO_Lucknow,Cabbage,29.05,48.84,1374,26.65,10,500,500.0,100.0,LOW,30.09,4.79,41343.67,STORE
2025-07-06 15:00:00,FPO_Indore,Mango,40.49,51.13,1994,59.17,12,500,500.0,100.0,HIGH,61.57,2.25,122769.07,SELL NOW
2025-07-06 16:00:00,FPO_Ahmedabad,Potato,36.16,65.28,1663,25.14,7,2500,1112.35,44.49,LOW,26.95,2.81,44815.9,SELL NOW
2025-07-06 17:00:00,FPO_Surat,Tomato,23.16,58.46,257,24.12,2,2000,172.42,8.62,LOW,24.89,2.49,6395.77,SELL NOW
2025-07-06 18:00:00,FPO_Indore,Potato,30.36,68.76,1217,25.13,2,2000,912.25,45.61,LOW,29.5,4.76,35904.29,STORE
2025-07-06 19:00:00,FPO_Nagpur,Tomato,16.94,77.34,1951,29.14,7,2500,1711.72,68.47,LOW,40.47,4.4,78966.69,STORE
2025-07-06 20:00:00,FPO_Jaipur,Potato,17.95,69.08,1797,24.62,3,1000,1000.0,100.0,LOW,26.95,4.34,48427.73,SELL NOW
2025-07-06 21:00:00,FPO_Jaipur,Cabbage,25.0,64.85,1881,29.23,4,500,500.0,100.0,LOW,34.93,1.52,65711.73,STORE
2025-07-06 22:00:00,FPO_Surat,Tomato,22.75,77.41,950,27.76,14,1500,992.76,66.18,MEDIUM,38.59,3.9,36657.14,STORE
2025-07-06 23:00:00,FPO_Indore,Tomato,25.04,63.43,1516,18.04,7,2000,1383.17,69.16,LOW,23.06,2.31,34955.15,STORE
2025-07-07 00:00:00,FPO_Nashik,Onion,29.97,53.81,381,26.7,14,2000,574.44,28.72,LOW,33.48,4.89,12754.59,STORE
2025-07-07 01:00:00,FPO_Lucknow,Tomato,35.35,82.33,806,31.91,2,2000,588.15,29.41,LOW,30.62,3.36,24680.97,SELL NOW
2025-07-07 02:00:00,FPO_Karnal,Tomato,35.03,30.0,1301,25.18,13,1000,1000.0,100.0,LOW,29.99,3.48,39011.2,STORE
2025-07-07 03:00:00,FPO_Lucknow,Onion,30.48,65.96,1160,26.68,2,2500,809.05,32.36,LOW,31.44,2.75,36468.36,STORE
2025-07-07 04:00:00,FPO_Lucknow,Apple,21.48,59.55,1877,100.31,9,1000,1000.0,100.0,LOW,112.19,3.38,210588.49,STORE
2025-07-07 05:00:00,FPO_Surat,Apple,24.66,51.15,304,105.47,11,2000,652.57,32.63,LOW,102.23,4.12,31077.9,SELL NOW
2025-07-07 06:00:00,FPO_Nagpur,Onion,31.82,69.48,1484,32.29,1,500,500.0,100.0,LOW,46.16,3.47,68498.3,STORE
2025-07-07 07:00:00,FPO_Lucknow,Mango,23.04,71.9,806,68.7,12,2000,1063.42,53.17,LOW,77.45,3.74,62426.67,STORE
2025-07-07 08:00:00,FPO_Jaipur,Tomato,20.4,52.56,1446,30.01,12,500,500.0,100.0,LOW,37.84,3.15,54710.45,STORE
2025-07-07 09:00:00,FPO_Nagpur,Tomato,30.95,44.06,1189,29.81,3,500,500.0,100.0,LOW,27.07,4.01,32187.3,SELL NOW
2025-07-07 10:00:00,FPO_Ahmedabad,Onion,27.71,45.41,683,28.83,10,2000,538.8,26.94,LOW,27.31,4.65,18650.74,SELL NOW
2025-07-07 11:00:00,FPO_Lucknow,Onion,26.73,92.2,1925,22.24,4,2000,1395.91,69.8,MEDIUM,28.37,1.68,54608.78,STORE
2025-07-07 12:00:00,FPO_Lucknow,Mango,34.66,93.86,328,60.74,5,500,369.41,73.88,HIGH,53.33,1.88,17493.63,SELL NOW
2025-07-07 13:00:00,FPO_Ahmedabad,Cabbage,34.53,65.44,518,25.21,3,1000,334.03,33.4,LOW,20.68,3.9,10712.29,SELL NOW
2025-07-07 14:00:00,FPO_Lucknow,Apple,38.69,44.43,906,103.32,9,1000,653.79,65.38,LOW,110.3,2.82,99929.73,SELL NOW
2025-07-07 15:00:00,FPO_Ahmedabad,Potato,24.09,62.82,708,23.52,5,1000,700.52,70.05,LOW,32.47,2.49,22992.28,STORE
2025-07-07 16:00:00,FPO_Nagpur,Cabbage,30.58,31.99,219,26.35,7,1500,238.48,15.9,LOW,40.06,2.13,8772.54,STORE
2025-07-07 17:00:00,FPO_Jaipur,Apple,28.11,69.72,951,105.68,14,500,500.0,100.0,HIGH,107.01,3.5,101762.94,SELL NOW
2025-07-07 18:00:00,FPO_Ahmedabad,Tomato,30.03,50.09,434,26.69,11,1500,718.06,47.87,LOW,25.36,2.72,11006.59,SELL NOW
2025-07-07 19:00:00,FPO_Nashik,Cabbage,21.19,46.85,1820,29.19,13,1500,1500.0,100.0,LOW,28.35,3.28,51603.39,SELL NOW
2025-07-07 20:00:00,FPO_Surat,Onion,19.59,79.66,805,36.44,7,500,500.0,100.0,LOW,41.7,4.85,33570.22,STORE
2025-07-07 21:00:00,FPO_Surat,Mango,27.76,62.69,753,57.23,11,1500,813.03,54.2,LOW,59.23,4.15,44598.74,SELL NOW
2025-07-07 22:00:00,FPO_Ahmedabad,Apple,22.94,77.99,1573,97.96,9,500,500.0,100.0,MEDIUM,94.19,4.29,148153.83,SELL NOW
2025-07-07 23:00:00,FPO_Surat,Mango,33.63,83.1,652,56.16,2,2500,398.02,15.92,LOW,61.78,1.93,40282.7,STORE
2025-07-08 00:00:00,FPO_Lucknow,Apple,19.0,63.66,785,93.21,3,2500,508.73,20.35,LOW,91.08,2.64,71500.64,SELL NOW
2025-07-08 01:00:00,FPO_Karnal,Cabbage,19.49,64.92,1183,34.22,4,500,500.0,100.0,LOW,40.94,1.87,48435.62,STORE
2025-07-08 02:00:00,FPO_Karnal,Tomato,25.5,80.87,1732,43.93,8,500,500.0,100.0,MEDIUM,50.46,4.89,87390.66,STORE
2025-07-08 03:00:00,FPO_Surat,Potato,18.77,56.92,1850,23.05,1,500,500.0,100.0,LOW,24.57,3.89,45451.43,SELL NOW
2025-07-08 04:00:00,FPO_Nagpur,Mango,38.06,82.32,622,58.35,9,1000,630.31,63.03,HIGH,62.77,1.57,39045.76,SELL NOW
2025-07-08 05:00:00,FPO_Indore,Mango,26.9,34.65,1413,68.69,5,500,500.0,100.0,LOW,70.23,3.16,99235.78,SELL NOW
2025-07-08 06:00:00,FPO_Nagpur,Potato,24.38,59.68,1348,25.01,4,2000,927.66,46.38,LOW,27.65,2.42,37273.86,STORE
2025-07-08 07:00:00,FPO_Indore,Mango,30.81,67.81,205,56.23,13,2500,519.45,20.78,LOW,52.82,3.39,10828.71,SELL NOW
2025-07-08 08:00:00,FPO_Karnal,Mango,33.3,46.92,657,55.61,8,2500,703.18,28.13,LOW,41.64,2.13,27354.52,SELL NOW
2025-07-08 09:00:00,FPO_Karnal,Apple,29.24,70.54,753,104.09,14,500,500.0,100.0,HIGH,106.47,1.7,80168.24,SELL NOW
2025-07-08 10:00:00,FPO_Ahmedabad,Apple,27.59,67.58,1793,101.92,9,2500,1476.1,59.04,LOW,99.94,2.63,179199.39,SELL NOW
2025-07-08 11:00:00,FPO_Jaipur,Potato,22.1,54.02,721,27.61,3,500,455.43,91.09,LOW,26.34,2.53,18988.7,SELL NOW
2025-07-08 12:00:00,FPO_Nashik,Tomato,31.79,53.44,1312,31.52,14,500,500.0,100.0,MEDIUM,29.94,4.01,39287.35,SELL NOW
2025-07-08 13:00:00,FPO_Nagpur,Cabbage,36.5,51.92,1045,18.9,4,2500,654.18,26.17,LOW,26.65,3.16,27850.49,STORE
2025-07-08 14:00:00,FPO_Lucknow,Cabbage,26.68,41.5,1334,21.13,1,2500,761.16,30.45,LOW,29.51,2.52,39367.39,STORE
2025-07-08 15:00:00,FPO_Indore,Mango,22.91,89.15,750,55.61,12,2000,1124.82,56.24,MEDIUM,60.32,3.5,45237.31,SELL NOW
2025-07-08 16:00:00,FPO_Surat,Tomato,29.09,61.84,1620,29.09,14,1500,1500.0,100.0,MEDIUM,30.45,1.75,49331.16,SELL NOW
2025-07-08 17:00:00,FPO_Lucknow,Potato,28.02,44.71,1902,21.38,3,2000,1162.63,58.13,LOW,26.04,3.82,49524.3,STORE
2025-07-08 18:00:00,FPO_Jaipur,Potato,20.7,63.17,210,19.72,10,2000,681.99,34.1,LOW,28.21,2.02,5924.66,STORE
2025-07-08 19:00:00,FPO_Indore,Apple,24.98,68.6,1845,98.45,5,2500,1371.21,54.85,LOW,109.75,2.48,202493.28,STORE
2025-07-08 20:00:00,FPO_Nagpur,Mango,38.73,52.73,696,63.37,13,2000,834.01,41.7,MEDIUM,62.59,2.49,43562.69,SELL NOW
2025-07-08 21:00:00,FPO_Ahmedabad,Onion,19.91,59.53,1239,29.1,8,2500,1287.75,51.51,LOW,24.5,3.13,30359.44,SELL NOW
2025-07-08 22:00:00,FPO_Lucknow,Potato,23.86,84.56,1256,18.59,14,1000,1000.0,100.0,HIGH,23.14,4.84,29067.87,SELL NOW
2025-07-08 23:00:00,FPO_Jaipur,Mango,22.31,47.48,944,53.47,1,500,500.0,100.0,LOW,47.5,2.64,44836.98,SELL NOW
2025-07-09 00:00:00,FPO_Nagpur,Tomato,22.84,56.28,688,23.49,1,1500,540.67,36.04,LOW,27.87,2.48,19174.71,STORE
2025-07-09 01:00:00,FPO_Karnal,Apple,25.33,34.92,1411,105.34,3,1000,1000.0,100.0,LOW,109.45,2.09,154440.54,SELL NOW
2025-07-09 02:00:00,FPO_Karnal,Cabbage,30.69,92.35,935,21.66,9,500,500.0,100.0,HIGH,23.99,2.87,22434.65,SELL NOW
2025-07-09 03:00:00,FPO_Nagpur,Tomato,35.85,74.87,1794,37.07,9,500,500.0,100.0,HIGH,49.02,2.14,87939.93,SELL NOW
2025-07-09 04:00:00,FPO_Nagpur,Potato,29.22,64.26,657,25.15,1,1500,343.63,22.91,LOW,28.53,1.98,18746.38,STORE
2025-07-09 05:00:00,FPO_Nagpur,Potato,23.89,54.23,1274,17.92,4,2000,791.48,39.57,LOW,23.68,4.5,30170.69,STORE
2025-07-09 06:00:00,FPO_Indore,Tomato,37.24,53.48,1494,24.94,12,500,500.0,100.0,HIGH,33.72,1.68,50378.25,SELL NOW
2025-07-09 07:00:00,FPO_Nagpur,Potato,15.59,60.96,663,11.46,8,1500,701.01,46.73,LOW,14.11,3.99,9353.9,STORE
2025-07-09 08:00:00,FPO_Lucknow,Mango,32.04,72.44,242,57.8,2,2500,285.81,11.43,LOW,58.83,2.21,14236.73,SELL NOW
2025-07-09 09:00:00,FPO_Jaipur,Potato,21.84,49.05,738,31.74,4,500,500.0,100.0,LOW,32.93,1.54,24298.69,SELL NOW
2025-07-09 10:00:00,FPO_Indore,Apple,27.69,58.05,767,108.17,7,500,500.0,100.0,LOW,113.28,4.28,86883.05,SELL NOW
2025-07-09 11:00:00,FPO_Nagpur,Mango,31.38,77.86,320,68.04,7,2000,346.82,17.34,LOW,72.65,3.96,23248.35,SELL NOW
2025-07-09 12:00:00,FPO_Nashik,Onion,18.37,89.14,824,33.05,5,2000,789.3,39.46,LOW,44.61,2.67,36755.37,STORE
2025-07-09 13:00:00,FPO_Surat,Potato,28.85,73.15,515,21.11,7,2500,660.13,26.41,LOW,20.94,1.78,10782.36,SELL NOW
2025-07-09 14:00:00,FPO_Nashik,Potato,29.31,55.07,1221,22.49,6,500,500.0,100.0,LOW,24.31,2.76,29685.25,SELL NOW
2025-07-09 15:00:00,FPO_Jaipur,Apple,36.77,62.67,1338,102.72,2,2000,820.8,41.04,LOW,110.5,2.13,147842.88,SELL NOW
2025-07-09 16:00:00,FPO_Karnal,Apple,44.29,71.18,820,99.92,9,1500,669.01,44.6,HIGH,106.2,4.76,87084.92,SELL NOW
2025-07-09 17:00:00,FPO_Ahmedabad,Cabbage,18.68,60.63,653,21.07,5,500,500.0,100.0,LOW,23.78,3.35,15531.58,STORE
2025-07-09 18:00:00,FPO_Ahmedabad,Tomato,36.5,75.68,886,27.64,2,1500,765.0,51.0,LOW,29.66,4.87,26281.56,SELL NOW
2025-07-09 19:00:00,FPO_Surat,Tomato,27.77,54.05,823,21.24,6,1000,619.72,61.97,LOW,21.73,2.73,17882.7,SELL NOW
2025-07-09 20:00:00,FPO_Karnal,Tomato,23.15,89.2,811,30.97,10,2500,991.3,39.65,MEDIUM,29.45,3.45,23885.49,SELL NOW
2025-07-09 21:00:00,FPO_Indore,Apple,30.21,63.69,1743,95.46,5,2000,1255.76,62.79,LOW,98.33,2.17,171392.31,SELL NOW
2025-07-09 22:00:00,FPO_Indore,Tomato,20.19,55.53,1158,30.85,2,1000,781.2,78.12,LOW,36.77,4.33,42577.62,STORE
2025-07-09 23:00:00,FPO_Indore,Tomato,20.54,73.87,846,22.6,13,2000,1067.21,53.36,LOW,27.45,1.64,23220.28,STORE
2025-07-10 00:00:00,FPO_Ahmedabad,Onion,17.59,50.31,962,29.17,10,1000,1000.0,100.0,LOW,31.76,3.93,30550.07,SELL NOW
2025-07-10 01:00:00,FPO_Nashik,Tomato,31.28,67.22,1560,29.37,10,2000,1308.54,65.43,MEDIUM,33.97,2.87,52988.84,STORE
2025-07-10 02:00:00,FPO_Ahmedabad,Potato,29.96,86.02,439,21.18,7,2500,541.8,21.67,LOW,19.41,3.52,8522.22,SELL NOW
2025-07-10 03:00:00,FPO_Lucknow,Cabbage,23.11,46.75,933,28.2,10,500,500.0,100.0,LOW,34.03,3.57,31753.08,STORE
2025-07-10 04:00:00,FPO_Nagpur,Apple,37.14,82.87,1609,102.24,13,1500,1493.87,99.59,HIGH,98.08,3.99,157810.64,SELL NOW
2025-07-10 05:00:00,FPO_Indore,Mango,24.02,45.63,1368,57.89,2,1000,803.94,80.39,LOW,62.17,2.21,85043.04,SELL NOW
2025-07-10 06:00:00,FPO_Nashik,Cabbage,35.7,77.31,576,22.05,7,1500,577.88,38.53,MEDIUM,28.01,3.36,16132.52,STORE
2025-07-10 07:00:00,FPO_Jaipur,Onion,28.73,50.8,203,26.69,14,1500,589.07,39.27,LOW,30.22,2.99,6134.34,STORE
2025-07-10 08:00:00,FPO_Surat,Apple,23.94,82.88,993,95.98,6,2000,827.74,41.39,LOW,99.01,2.49,98314.89,SELL NOW
2025-07-10 09:00:00,FPO_Jaipur,Apple,27.31,56.36,1045,110.49,12,500,500.0,100.0,MEDIUM,108.19,3.24,113060.12,SELL NOW
2025-07-10 10:00:00,FPO_Nagpur,Potato,20.48,59.65,1551,18.85,12,2000,1599.41,79.97,LOW,21.63,4.83,33544.41,STORE
2025-07-10 11:00:00,FPO_Nashik,Cabbage,29.3,50.92,396,30.46,4,1500,540.53,36.04,LOW,43.37,4.82,17175.39,STORE
2025-07-10 12:00:00,FPO_Ahmedabad,Cabbage,28.18,30.0,588,25.82,4,2500,443.87,17.75,LOW,28.48,2.48,16745.83,STORE
2025-07-10 13:00:00,FPO_Ahmedabad,Tomato,31.16,47.86,1863,26.22,12,500,500.0,100.0,MEDIUM,27.84,4.59,51868.77,SELL NOW
2025-07-10 14:00:00,FPO_Lucknow,Potato,33.27,39.73,460,22.97,6,500,354.2,70.84,LOW,17.89,4.57,8229.19,SELL NOW
2025-07-10 15:00:00,FPO_Lucknow,Tomato,28.69,34.37,802,29.27,9,1500,716.68,47.78,LOW,34.1,2.37,27347.98,STORE
2025-07-10 16:00:00,FPO_Ahmedabad,Tomato,19.14,69.41,1994,19.21,10,2000,1793.89,89.69,LOW,24.4,3.6,48650.47,STORE
2025-07-10 17:00:00,FPO_Jaipur,Apple,33.59,87.87,293,99.61,6,2500,397.03,15.88,LOW,100.23,4.54,29368.01,SELL NOW
2025-07-10 18:00:00,FPO_Surat,Cabbage,28.09,91.96,1480,25.03,6,1000,1000.0,100.0,HIGH,26.81,3.3,39676.7,SELL NOW
2025-07-10 19:00:00,FPO_Indore,Tomato,16.64,47.56,335,26.35,11,2000,668.24,33.41,LOW,22.71,2.79,7607.05,SELL NOW
2025-07-10 20:00:00,FPO_Jaipur,Onion,29.86,63.35,724,19.39,1,500,394.16,78.83,LOW,23.0,3.78,16653.48,STORE
2025-07-10 21:00:00,FPO_Surat,Onion,30.31,82.47,1933,28.34,5,2000,1594.41,79.72,MEDIUM,33.83,2.1,65385.28,STORE
2025-07-10 22:00:00,FPO_Lucknow,Cabbage,25.85,45.33,697,33.07,1,1000,418.08,41.81,LOW,24.78,2.07,17271.07,SELL NOW
2025-07-10 23:00:00,FPO_Nagpur,Onion,26.81,83.05,1401,32.75,11,2500,1406.78,56.27,MEDIUM,35.57,4.41,49831.9,SELL NOW
2025-07-11 00:00:00,FPO_Surat,Apple,24.43,83.3,311,94.74,14,2500,666.46,26.66,MEDIUM,106.39,1.65,33086.89,STORE
2025-07-11 01:00:00,FPO_Ahmedabad,Potato,30.5,35.81,1487,26.47,9,1000,1000.0,100.0,LOW,30.22,4.31,44935.17,STORE
2025-07-11 02:00:00,FPO_Lucknow,Mango,28.84,30.0,1637,54.46,10,1000,1000.0,100.0,LOW,59.92,2.52,98094.97,STORE
2025-07-11 03:00:00,FPO_Lucknow,Tomato,22.55,59.0,568,29.34,4,1500,470.63,31.38,LOW,37.64,3.19,21378.37,STORE
2025-07-11 04:00:00,FPO_Indore,Mango,37.71,79.07,1135,61.39,2,500,500.0,100.0,MEDIUM,67.23,3.4,76305.51,SELL NOW
2025-07-11 05:00:00,FPO_Ahmedabad,Potato,24.01,42.2,1814,20.16,9,1500,1500.0,100.0,LOW,21.37,4.18,38766.76,SELL NOW
2025-07-11 06:00:00,FPO_Indore,Potato,15.0,34.43,1601,27.21,6,2000,1282.38,64.12,LOW,22.11,4.59,35405.4,SELL NOW
2025-07-11 07:00:00,FPO_Ahmedabad,Apple,25.18,65.97,967,103.77,14,1000,973.16,97.32,MEDIUM,120.28,4.31,116313.21,STORE
2025-07-11 08:00:00,FPO_Indore,Onion,34.19,74.49,785,26.12,11,1500,823.99,54.93,MEDIUM,32.85,3.5,25789.64,STORE
2025-07-11 09:00:00,FPO_Surat,Onion,26.76,54.8,1606,28.55,13,500,500.0,100.0,MEDIUM,35.77,2.72,57446.67,STORE
2025-07-11 10:00:00,FPO_Jaipur,Potato,18.19,56.02,872,17.72,10,500,500.0,100.0,LOW,25.92,3.34,22600.76,STORE
2025-07-11 11:00:00,FPO_Nagpur,Apple,21.83,74.4,710,97.13,3,1000,600.54,60.05,LOW,105.73,1.61,75067.13,SELL NOW
2025-07-11 12:00:00,FPO_Nagpur,Apple,21.51,51.95,912,103.25,13,1500,1140.24,76.02,LOW,110.23,2.36,100527.95,SELL NOW
2025-07-11 13:00:00,FPO_Ahmedabad,Cabbage,24.55,53.08,1019,24.93,12,2500,1141.6,45.66,LOW,28.08,2.78,28609.6,STORE
2025-07-11 14:00:00,FPO_Nashik,Tomato,26.43,69.16,576,33.15,2,1000,661.12,66.11,LOW,34.55,2.62,19900.0,SELL NOW
2025-07-11 15:00:00,FPO_Karnal,Onion,30.96,70.83,744,22.1,6,2000,435.72,21.79,LOW,28.76,1.83,21395.18,STORE
2025-07-11 16:00:00,FPO_Lucknow,Potato,28.77,61.64,272,23.38,10,1500,618.3,41.22,LOW,27.11,1.68,7372.74,STORE
2025-07-11 17:00:00,FPO_Lucknow,Cabbage,29.06,87.27,1173,29.16,6,1500,1081.27,72.08,MEDIUM,32.72,2.97,38382.02,STORE
2025-07-11 18:00:00,FPO_Ahmedabad,Mango,38.68,76.25,703,60.51,14,1000,848.77,84.88,HIGH,68.43,1.76,48109.45,SELL NOW
2025-07-11 19:00:00,FPO_Surat,Onion,33.16,59.74,1575,23.19,12,1500,1331.97,88.8,MEDIUM,36.67,2.5,57754.42,STORE
2025-07-11 20:00:00,FPO_Indore,Tomato,32.64,45.64,1004,22.75,12,1500,939.6,62.64,LOW,21.04,3.16,21128.59,SELL NOW
2025-07-11 21:00:00,FPO_Nashik,Apple,17.12,79.87,909,104.54,9,2000,1033.28,51.66,LOW,109.94,2.23,99938.38,SELL NOW
2025-07-11 22:00:00,FPO_Jaipur,Potato,23.49,80.4,524,19.34,5,2000,514.79,25.74,LOW,17.31,1.78,9068.08,SELL NOW
2025-07-11 23:00:00,FPO_Indore,Onion,18.42,63.51,587,26.1,11,2500,649.39,25.98,LOW,30.08,3.01,17656.56,STORE
2025-07-12 00:00:00,FPO_Indore,Mango,23.39,69.15,1027,58.31,12,2000,1055.96,52.8,LOW,52.9,3.07,54328.3,SELL NOW
2025-07-12 01:00:00,FPO_Ahmedabad,Tomato,32.77,75.52,439,26.73,9,2500,538.18,21.53,LOW,26.25,4.7,11522.63,SELL NOW
2025-07-12 02:00:00,FPO_Ahmedabad,Tomato,25.64,89.05,1175,33.93,13,2000,1337.76,66.89,HIGH,37.03,1.95,43514.8,SELL NOW
2025-07-12 03:00:00,FPO_Surat,Cabbage,34.43,78.31,1297,16.27,5,2500,858.7,34.35,LOW,24.62,3.65,31936.24,STORE
2025-07-12 04:00:00,FPO_Lucknow,Onion,32.16,71.68,230,32.88,2,2000,241.52,12.08,LOW,28.48,2.62,6549.79,SELL NOW
2025-07-12 05:00:00,FPO_Ahmedabad,Mango,28.3,78.95,678,67.3,1,2000,365.65,18.28,LOW,72.47,1.93,49135.34,SELL NOW
2025-07-12 06:00:00,FPO_Ahmedabad,Tomato,34.58,82.27,1237,32.73,9,1000,1000.0,100.0,HIGH,35.55,2.88,43972.84,SELL NOW
2025-07-12 07:00:00,FPO_Ahmedabad,Potato,36.19,69.06,916,33.62,10,2000,918.33,45.92,MEDIUM,43.94,3.0,40246.33,STORE
2025-07-12 08:00:00,FPO_Surat,Tomato,30.73,78.76,1539,25.71,7,2500,1222.79,48.91,MEDIUM,26.69,2.77,41078.75,SELL NOW
2025-07-12 09:00:00,FPO_Lucknow,Mango,29.38,54.86,267,64.46,3,1000,212.69,21.27,LOW,69.63,4.18,18591.7,SELL NOW
2025-07-12 10:00:00,FPO_Jaipur,Apple,31.8,80.53,1863,99.57,12,2500,1687.88,67.52,HIGH,101.79,4.44,189633.75,SELL NOW
2025-07-12 11:00:00,FPO_Jaipur,Apple,19.56,54.98,1205,97.41,6,2000,943.5,47.17,LOW,95.52,2.02,115103.28,SELL NOW
2025-07-12 12:00:00,FPO_Karnal,Cabbage,27.29,49.88,737,13.9,10,2000,791.2,39.56,LOW,14.04,2.09,10346.65,SELL NOW
2025-07-12 13:00:00,FPO_Karnal,Onion,27.86,63.07,1919,27.68,4,2500,1318.63,52.75,LOW,26.89,2.97,51608.18,SELL NOW
2025-07-12 14:00:00,FPO_Ahmedabad,Mango,25.79,44.87,1872,65.33,14,1500,1500.0,100.0,LOW,59.6,2.62,111564.88,SELL NOW
2025-07-12 15:00:00,FPO_Karnal,Cabbage,23.26,56.05,490,16.42,9,1000,669.88,66.99,LOW,27.15,4.37,13305.03,STORE
2025-07-12 16:00:00,FPO_Lucknow,Tomato,33.99,70.68,1841,38.49,2,1000,1000.0,100.0,MEDIUM,39.7,4.99,73081.08,SELL NOW
2025-07-12 17:00:00,FPO_Surat,Tomato,29.02,69.17,1174,30.05,14,2000,1410.22,70.51,MEDIUM,35.44,2.13,41604.55,STORE
2025-07-12 18:00:00,FPO_Jaipur,Apple,29.57,74.59,223,94.47,11,1000,617.38,61.74,MEDIUM,91.94,4.17,20502.81,SELL NOW
2025-07-12 19:00:00,FPO_Indore,Cabbage,36.55,74.83,614,26.14,12,2500,630.55,25.22,MEDIUM,29.37,3.63,18036.21,STORE
2025-07-12 20:00:00,FPO_Jaipur,Apple,26.83,70.61,1050,103.43,12,2000,947.09,47.35,LOW,108.97,3.76,114414.65,SELL NOW
2025-07-12 21:00:00,FPO_Jaipur,Potato,25.67,52.23,1161,19.56,4,1000,723.2,72.32,LOW,22.99,2.43,26692.49,STORE
2025-07-12 22:00:00,FPO_Lucknow,Apple,36.17,78.85,1929,96.88,1,500,500.0,100.0,MEDIUM,95.73,1.84,184662.31,SELL NOW
2025-07-12 23:00:00,FPO_Karnal,Potato,19.06,63.36,880,31.87,7,1000,869.75,86.98,LOW,38.92,3.4,34245.5,STORE
2025-07-13 00:00:00,FPO_Indore,Tomato,28.31,68.6,1259,26.3,14,2500,1295.93,51.84,MEDIUM,19.06,3.65,23994.77,SELL NOW
2025-07-13 01:00:00,FPO_Lucknow,Cabbage,23.57,66.56,300,24.28,4,1000,419.57,41.96,LOW,19.4,4.87,5819.81,SELL NOW
2025-07-13 02:00:00,FPO_Ahmedabad,Potato,29.76,88.62,745,28.62,5,1500,655.98,43.73,LOW,31.04,3.86,23122.46,SELL NOW
2025-07-13 03:00:00,FPO_Surat,Cabbage,31.43,47.08,238,24.64,12,1500,438.41,29.23,LOW,15.66,3.05,3726.48,SELL NOW
2025-07-13 04:00:00,FPO_Nagpur,Cabbage,31.77,59.85,410,28.82,1,2000,238.19,11.91,LOW,27.9,4.98,11438.25,SELL NOW
2025-07-13 05:00:00,FPO_Jaipur,Potato,34.16,72.97,941,19.64,2,1500,739.89,49.33,LOW,20.28,2.81,19087.44,SELL NOW
2025-07-13 06:00:00,FPO_Nagpur,Onion,26.48,65.33,791,26.51,12,2500,729.0,29.16,LOW,37.12,2.07,29358.75,STORE
2025-07-13 07:00:00,FPO_Surat,Apple,26.86,57.73,949,101.9,4,500,500.0,100.0,LOW,101.6,3.66,96422.23,SELL NOW
2025-07-13 08:00:00,FPO_Surat,Potato,31.16,36.23,371,17.1,2,500,302.43,60.49,LOW,17.48,2.43,6486.58,SELL NOW
2025-07-13 09:00:00,FPO_Lucknow,Tomato,33.33,60.7,1037,30.04,14,2000,1086.32,54.32,MEDIUM,23.79,4.73,24668.9,SELL NOW
2025-07-13 10:00:00,FPO_Lucknow,Cabbage,20.2,70.44,641,20.41,14,2000,926.89,46.34,LOW,23.79,3.0,15250.95,STORE
2025-07-13 11:00:00,FPO_Lucknow,Mango,29.88,73.15,1282,61.99,13,1500,1187.22,79.15,HIGH,65.04,2.02,83378.14,SELL NOW
2025-07-13 12:00:00,FPO_Nagpur,Potato,25.63,62.48,1633,28.18,1,2500,1169.11,46.76,LOW,25.71,2.0,41987.22,SELL NOW
2025-07-13 13:00:00,FPO_Lucknow,Apple,28.52,67.67,733,90.03,10,1500,753.15,50.21,LOW,97.6,3.77,71542.23,SELL NOW
2025-07-13 14:00:00,FPO_Surat,Cabbage,25.86,47.85,564,22.94,1,2500,289.34,11.57,LOW,30.19,2.78,17025.81,STORE
2025-07-13 15:00:00,FPO_Ahmedabad,Onion,23.66,70.84,566,20.2,6,2500,737.49,29.5,LOW,20.4,2.77,11549.17,SELL NOW
2025-07-13 16:00:00,FPO_Lucknow,Tomato,21.89,65.14,1567,26.53,2,500,500.0,100.0,LOW,19.91,3.64,31197.35,SELL NOW
2025-07-13 17:00:00,FPO_Nashik,Onion,27.09,67.48,1973,31.68,3,2500,1536.27,61.45,LOW,29.32,2.28,57848.99,SELL NOW
2025-07-13 18:00:00,FPO_Karnal,Mango,30.15,61.71,495,58.3,5,1000,457.58,45.76,LOW,68.97,2.01,34141.15,STORE
2025-07-13 19:00:00,FPO_Nagpur,Potato,24.38,68.19,1564,11.3,3,2500,1133.58,45.34,LOW,14.99,3.8,23447.0,STORE
2025-07-13 20:00:00,FPO_Nashik,Cabbage,35.14,74.52,805,29.49,6,500,500.0,100.0,MEDIUM,28.66,1.52,23074.28,SELL NOW
2025-07-13 21:00:00,FPO_Lucknow,Potato,42.75,68.83,955,14.7,7,1500,732.32,48.82,MEDIUM,24.53,4.68,23428.53,STORE
2025-07-13 22:00:00,FPO_Surat,Apple,30.48,37.66,722,104.18,10,2500,635.63,25.43,LOW,106.25,2.14,76713.82,SELL NOW
2025-07-13 23:00:00,FPO_Ahmedabad,Potato,27.75,69.14,1852,18.27,6,1000,1000.0,100.0,MEDIUM,21.33,3.07,39508.41,STORE
2025-07-14 00:00:00,FPO_Jaipur,Tomato,22.53,59.18,464,23.65,2,2000,319.95,16.0,LOW,38.6,2.24,17911.54,STORE
2025-07-14 01:00:00,FPO_Indore,Mango,30.22,54.38,1747,60.05,9,1500,1414.72,94.31,LOW,67.66,2.26,118201.97,STORE
2025-07-14 02:00:00,FPO_Karnal,Onion,36.86,85.24,1889,35.33,2,2000,1489.91,74.5,MEDIUM,36.9,4.42,69710.99,SELL NOW
2025-07-14 03:00:00,FPO_Indore,Mango,39.69,51.01,1261,69.78,6,1000,931.18,93.12,MEDIUM,74.63,3.55,94105.39,SELL NOW
2025-07-14 04:00:00,FPO_Lucknow,Cabbage,36.38,52.7,1354,22.95,9,500,500.0,100.0,MEDIUM,28.7,2.59,38865.22,STORE
2025-07-14 05:00:00,FPO_Karnal,Potato,33.06,31.38,581,15.49,9,500,500.0,100.0,LOW,22.6,2.38,13129.27,STORE
2025-07-14 06:00:00,FPO_Karnal,Cabbage,30.46,86.61,1448,26.73,2,1500,995.35,66.36,LOW,24.55,2.25,35542.76,SELL NOW
2025-07-14 07:00:00,FPO_Ahmedabad,Onion,21.71,78.37,1366,23.3,9,2500,1245.95,49.84,LOW,34.45,3.44,47061.56,STORE
2025-07-14 08:00:00,FPO_Karnal,Cabbage,27.4,60.02,630,28.72,8,2500,639.16,25.57,LOW,38.84,4.06,24469.42,STORE
2025-07-14 09:00:00,FPO_Nagpur,Apple,26.7,74.19,588,102.22,14,2000,928.67,46.43,MEDIUM,100.57,2.39,59137.0,SELL NOW
2025-07-14 10:00:00,FPO_Nashik,Mango,27.44,31.62,253,66.77,7,500,375.45,75.09,LOW,69.7,2.66,17634.53,SELL NOW
2025-07-14 11:00:00,FPO_Nashik,Onion,23.68,72.13,223,35.27,13,2500,837.79,33.51,LOW,38.64,4.02,8617.03,SELL NOW
2025-07-14 12:00:00,FPO_Nashik,Onion,32.55,52.14,594,30.7,11,2500,732.0,29.28,LOW,34.5,4.08,20492.71,STORE
2025-07-14 13:00:00,FPO_Nagpur,Onion,26.36,90.11,832,30.16,8,500,500.0,100.0,HIGH,37.03,2.23,30811.65,SELL NOW
2025-07-14 14:00:00,FPO_Indore,Tomato,25.87,70.51,318,23.56,10,500,433.19,86.64,MEDIUM,24.9,2.84,7919.62,SELL NOW
2025-07-14 15:00:00,FPO_Ahmedabad,Mango,23.7,66.97,1896,55.46,8,1000,1000.0,100.0,LOW,60.62,4.54,114942.9,SELL NOW
2025-07-14 16:00:00,FPO_Karnal,Cabbage,29.39,52.69,1182,24.79,1,2000,826.26,41.31,LOW,30.96,4.09,36593.58,STORE
2025-07-14 17:00:00,FPO_Nagpur,Onion,36.98,52.78,1809,24.61,9,500,500.0,100.0,MEDIUM,30.09,2.07,54436.9,STORE
2025-07-14 18:00:00,FPO_Nashik,Mango,27.94,73.89,1408,58.66,6,1000,1000.0,100.0,MEDIUM,64.04,2.85,90167.25,SELL NOW
2025-07-14 19:00:00,FPO_Lucknow,Onion,29.69,52.55,391,27.65,1,500,299.26,59.85,LOW,33.42,4.91,13068.03,STORE
2025-07-14 20:00:00,FPO_Jaipur,Apple,39.61,51.96,1955,102.96,1,1500,1142.06,76.14,LOW,107.04,3.34,209259.0,SELL NOW
2025-07-14 21:00:00,FPO_Karnal,Apple,35.22,86.11,686,99.89,13,1500,980.89,65.39,HIGH,93.3,4.02,64002.3,SELL NOW
2025-07-14 22:00:00,FPO_Nagpur,Apple,31.53,69.31,832,104.97,7,1500,591.05,39.4,LOW,102.9,1.82,85616.9,SELL NOW
2025-07-14 23:00:00,FPO_Surat,Potato,31.27,48.56,920,20.49,10,500,500.0,100.0,MEDIUM,17.02,4.41,15662.4,SELL NOW
2025-07-15 00:00:00,FPO_Nagpur,Onion,24.38,73.28,583,24.15,2,2500,296.1,11.84,LOW,21.78,3.62,12699.63,SELL NOW
2025-07-15 01:00:00,FPO_Ahmedabad,Potato,23.79,60.81,1011,24.75,6,2500,885.9,35.44,LOW,22.8,2.11,23048.83,SELL NOW
2025-07-15 02:00:00,FPO_Ahmedabad,Mango,28.85,38.51,545,59.38,13,1500,784.07,52.27,LOW,67.56,2.83,36821.55,STORE
2025-07-15 03:00:00,FPO_Nagpur,Potato,29.0,57.51,672,20.65,5,2000,389.52,19.48,LOW,30.32,1.79,20375.56,STORE
2025-07-15 04:00:00,FPO_Nashik,Mango,22.9,49.27,875,57.89,5,1000,478.83,47.88,LOW,64.11,4.22,56092.24,STORE
2025-07-15 05:00:00,FPO_Jaipur,Mango,32.22,68.84,202,59.94,10,1500,515.15,34.34,LOW,57.98,4.11,11711.25,SELL NOW
2025-07-15 06:00:00,FPO_Karnal,Mango,26.34,55.17,1273,58.65,12,1000,1000.0,100.0,MEDIUM,57.04,3.22,72607.86,SELL NOW
2025-07-15 07:00:00,FPO_Ahmedabad,Cabbage,34.76,66.36,1124,27.58,6,1000,751.72,75.17,MEDIUM,27.35,3.08,30745.99,SELL NOW
2025-07-15 08:00:00,FPO_Karnal,Potato,27.67,74.99,1075,25.7,14,1500,1216.83,81.12,HIGH,25.04,3.12,26915.34,SELL NOW
2025-07-15 09:00:00,FPO_Nashik,Cabbage,27.14,95.0,1727,23.15,11,2500,1521.31,60.85,HIGH,32.75,1.63,56560.79,SELL NOW
2025-07-15 10:00:00,FPO_Karnal,Onion,22.38,94.7,1183,40.0,8,2000,1136.13,56.81,MEDIUM,36.21,2.79,42838.67,SELL NOW
2025-07-15 11:00:00,FPO_Lucknow,Potato,23.03,68.35,1434,19.15,5,1500,1101.05,73.4,LOW,23.72,1.95,34011.34,STORE
2025-07-15 12:00:00,FPO_Ahmedabad,Onion,35.91,64.21,1172,30.09,8,1000,814.11,81.41,MEDIUM,26.72,2.15,31316.14,SELL NOW
2025-07-15 13:00:00,FPO_Nashik,Onion,29.61,56.07,1751,21.89,5,500,500.0,100.0,LOW,27.37,4.87,47922.22,STORE
2025-07-15 14:00:00,FPO_Nashik,Mango,30.34,40.35,1903,59.48,10,500,500.0,100.0,LOW,60.57,2.42,115258.61,SELL NOW
2025-07-15 15:00:00,FPO_Jaipur,Potato,37.6,30.71,1506,20.98,6,1000,989.45,98.95,LOW,18.37,3.19,27668.85,SELL NOW
2025-07-15 16:00:00,FPO_Jaipur,Onion,20.09,52.36,578,29.75,8,1500,717.23,47.82,LOW,29.96,4.61,17317.75,SELL NOW
2025-07-15 17:00:00,FPO_Lucknow,Apple,32.03,89.56,1549,104.88,2,2500,1006.31,40.25,LOW,110.39,2.95,170989.63,SELL NOW
2025-07-15 18:00:00,FPO_Nashik,Onion,18.47,89.05,1521,38.4,7,1500,1325.52,88.37,MEDIUM,33.26,3.35,50585.14,SELL NOW
2025-07-15 19:00:00,FPO_Indore,Apple,25.37,66.07,1920,105.54,3,2000,1297.35,64.87,LOW,105.4,2.09,202372.52,SELL NOW
2025-07-15 20:00:00,FPO_Nashik,Potato,21.13,71.98,337,21.49,9,500,500.0,100.0,MEDIUM,23.55,2.5,7936.76,SELL NOW
2025-07-15 21:00:00,FPO_Jaipur,Cabbage,33.15,55.93,324,25.98,10,1000,554.67,55.47,LOW,22.1,3.27,7161.26,SELL NOW
2025-07-15 22:00:00,FPO_Indore,Potato,16.66,64.55,1133,29.62,7,2500,1117.79,44.71,LOW,27.85,2.78,31558.39,SELL NOW
2025-07-15 23:00:00,FPO_Ahmedabad,Cabbage,26.62,53.36,1615,19.99,3,1500,1322.91,88.19,LOW,30.26,1.63,48867.18,STORE
2025-07-16 00:00:00,FPO_Ahmedabad,Cabbage,21.05,53.33,1625,28.92,8,2000,1363.07,68.15,LOW,25.31,2.9,41129.89,SELL NOW
2025-07-16 01:00:00,FPO_Karnal,Potato,22.87,74.19,679,17.56,10,1500,797.35,53.16,LOW,17.88,4.35,12141.72,SELL NOW
2025-07-16 02:00:00,FPO_Nagpur,Onion,23.8,55.92,1624,35.72,2,2000,959.01,47.95,LOW,41.14,1.91,66807.98,STORE
2025-07-16 03:00:00,FPO_Jaipur,Tomato,35.91,72.38,769,27.33,10,1500,709.73,47.32,MEDIUM,29.96,1.57,23036.1,SELL NOW
2025-07-16 04:00:00,FPO_Nagpur,Onion,25.99,62.79,1585,25.6,12,2500,1446.64,57.87,LOW,25.75,1.92,40806.24,SELL NOW
2025-07-16 05:00:00,FPO_Indore,Onion,38.36,86.27,265,26.71,8,2500,497.28,19.89,MEDIUM,33.63,3.9,8913.17,STORE
2025-07-16 06:00:00,FPO_Jaipur,Mango,39.62,73.29,1651,57.51,7,1000,1000.0,100.0,HIGH,50.12,4.28,82751.75,SELL NOW
2025-07-16 07:00:00,FPO_Lucknow,Mango,40.68,68.66,1051,64.76,12,2500,1142.05,45.68,HIGH,71.26,1.67,74897.47,SELL NOW
2025-07-16 08:00:00,FPO_Nashik,Onion,27.65,43.55,1937,36.7,5,2000,1189.55,59.48,LOW,34.95,4.61,67696.61,SELL NOW
2025-07-16 09:00:00,FPO_Lucknow,Apple,29.26,57.64,1744,97.99,4,1000,1000.0,100.0,LOW,88.21,3.7,153839.63,SELL NOW
2025-07-16 10:00:00,FPO_Indore,Cabbage,30.27,64.25,631,20.64,11,2500,786.12,31.44,LOW,34.42,3.31,21716.21,STORE
2025-07-16 11:00:00,FPO_Jaipur,Mango,25.8,65.82,1328,70.15,10,500,500.0,100.0,MEDIUM,73.34,2.39,97390.05,SELL NOW
2025-07-16 12:00:00,FPO_Surat,Onion,30.55,74.95,1312,34.1,12,2000,1300.95,65.05,MEDIUM,40.94,2.8,53711.59,STORE
2025-07-16 13:00:00,FPO_Indore,Tomato,22.39,68.09,800,24.12,14,1000,1000.0,100.0,MEDIUM,32.5,4.81,26001.31,STORE
2025-07-16 14:00:00,FPO_Surat,Apple,16.75,49.5,1055,101.8,10,2000,1115.1,55.76,LOW,100.18,4.69,105684.69,SELL NOW
2025-07-16 15:00:00,FPO_Nashik,Potato,32.28,73.88,205,19.94,1,1000,107.22,10.72,LOW,21.64,3.69,4435.8,SELL NOW
2025-07-16 16:00:00,FPO_Ahmedabad,Onion,25.9,58.08,357,23.57,13,2000,624.02,31.2,LOW,26.4,3.53,9423.52,STORE
2025-07-16 17:00:00,FPO_Ahmedabad,Onion,22.14,55.29,1602,28.45,4,500,500.0,100.0,LOW,27.94,2.24,44752.9,SELL NOW
2025-07-16 18:00:00,FPO_Indore,Cabbage,22.9,48.46,529,18.15,6,2500,733.41,29.34,LOW,27.09,4.84,14329.57,STORE
2025-07-16 19:00:00,FPO_Nagpur,Apple,37.09,59.73,1326,97.6,6,1500,946.52,63.1,LOW,107.25,4.14,142219.72,SELL NOW
2025-07-16 20:00:00,FPO_Jaipur,Mango,30.78,56.64,422,58.07,2,1500,311.5,20.77,LOW,60.42,2.84,25496.66,SELL NOW
2025-07-16 21:00:00,FPO_Jaipur,Mango,18.87,82.41,601,57.3,9,1500,780.82,52.05,LOW,62.8,4.36,37740.2,SELL NOW
2025-07-16 22:00:00,FPO_Ahmedabad,Mango,20.88,60.99,1906,64.55,13,1000,1000.0,100.0,MEDIUM,71.83,2.24,136903.85,STORE
2025-07-16 23:00:00,FPO_Karnal,Potato,26.25,72.98,744,24.02,13,2500,946.44,37.86,MEDIUM,28.43,2.25,21151.46,STORE
2025-07-17 00:00:00,FPO_Lucknow,Apple,30.86,37.96,708,96.8,1,1000,394.96,39.5,LOW,96.92,4.27,68621.21,SELL NOW
2025-07-17 01:00:00,FPO_Karnal,Apple,23.23,76.17,1916,101.61,4,1000,1000.0,100.0,LOW,92.2,3.46,176648.23,SELL NOW
2025-07-17 02:00:00,FPO_Nashik,Mango,26.96,74.62,383,66.53,4,1000,573.16,57.32,LOW,70.0,3.45,26810.78,SELL NOW
2025-07-17 03:00:00,FPO_Lucknow,Mango,28.69,43.16,1114,55.85,2,1000,715.79,71.58,LOW,62.83,3.51,69988.25,STORE
2025-07-17 04:00:00,FPO_Lucknow,Cabbage,28.81,51.92,1310,18.43,8,2500,1236.46,49.46,LOW,16.71,1.94,21890.0,SELL NOW
2025-07-17 05:00:00,FPO_Indore,Tomato,15.0,55.06,780,22.58,11,1500,877.09,58.47,LOW,26.44,2.72,20619.62,STORE
2025-07-17 06:00:00,FPO_Ahmedabad,Tomato,29.33,61.96,1603,29.88,2,2000,1018.99,50.95,LOW,35.11,3.51,56282.15,STORE
2025-07-17 07:00:00,FPO_Karnal,Onion,17.6,54.43,737,37.45,2,1000,518.79,51.88,LOW,42.7,2.37,31473.24,STORE
2025-07-17 08:00:00,FPO_Karnal,Onion,26.28,61.33,1636,34.24,2,2500,1078.76,43.15,LOW,37.86,3.26,61944.79,STORE
2025-07-17 09:00:00,FPO_Ahmedabad,Apple,24.99,74.8,717,106.42,1,500,500.0,100.0,LOW,104.43,3.45,74874.77,SELL NOW
2025-07-17 10:00:00,FPO_Karnal,Apple,21.53,56.63,967,89.0,13,2000,876.38,43.82,LOW,98.03,4.8,94798.29,STORE
2025-07-17 11:00:00,FPO_Surat,Potato,33.06,69.46,1917,17.83,5,1000,1000.0,100.0,MEDIUM,20.61,2.36,39507.43,STORE
2025-07-17 12:00:00,FPO_Ahmedabad,Potato,21.26,67.63,494,16.41,11,1000,660.88,66.09,LOW,16.73,3.04,8262.42,SELL NOW
2025-07-17 13:00:00,FPO_Indore,Tomato,24.86,30.0,1214,30.79,4,2000,731.4,36.57,LOW,25.58,4.94,31058.8,SELL NOW
2025-07-17 14:00:00,FPO_Nagpur,Onion,33.27,52.88,459,29.0,2,2000,307.64,15.38,LOW,34.02,2.15,15617.23,STORE
2025-07-17 15:00:00,FPO_Lucknow,Tomato,24.69,79.78,1607,13.0,1,1000,1000.0,100.0,LOW,28.28,4.23,45452.66,STORE
2025-07-17 16:00:00,FPO_Indore,Tomato,23.45,51.58,1025,31.8,1,2500,754.7,30.19,LOW,33.62,2.12,34461.92,SELL NOW
2025-07-17 17:00:00,FPO_Jaipur,Onion,26.39,48.94,1527,35.84,2,500,500.0,100.0,LOW,36.4,4.48,55588.99,SELL NOW
2025-07-17 18:00:00,FPO_Nashik,Potato,31.24,80.54,515,32.05,1,2500,379.4,15.18,LOW,34.98,3.21,18016.87,SELL NOW
2025-07-17 19:00:00,FPO_Nagpur,Cabbage,36.68,67.3,945,25.83,9,1500,781.87,52.12,MEDIUM,28.45,4.9,26883.15,STORE
2025-07-17 20:00:00,FPO_Jaipur,Cabbage,22.38,86.86,918,28.1,2,1500,655.52,43.7,LOW,29.26,2.1,26858.14,SELL NOW
2025-07-17 21:00:00,FPO_Lucknow,Cabbage,22.87,58.03,1300,19.29,3,1500,1001.04,66.74,LOW,32.67,3.91,42472.48,STORE
2025-07-17 22:00:00,FPO_Karnal,Onion,26.34,83.03,879,21.79,9,1000,899.13,89.91,MEDIUM,25.01,3.93,21986.92,STORE
2025-07-17 23:00:00,FPO_Ahmedabad,Mango,29.38,51.67,1053,66.22,5,500,500.0,100.0,LOW,62.7,4.02,66025.64,SELL NOW
2025-07-18 00:00:00,FPO_Lucknow,Mango,23.38,30.0,1602,62.74,14,500,500.0,100.0,LOW,59.85,1.85,95874.99,SELL NOW
2025-07-18 01:00:00,FPO_Indore,Mango,32.13,75.1,660,66.24,13,1000,647.89,64.79,HIGH,74.94,2.51,49460.1,SELL NOW
2025-07-18 02:00:00,FPO_Nashik,Apple,22.5,73.6,1279,98.72,8,1000,1000.0,100.0,MEDIUM,103.14,2.68,131918.33,SELL NOW
2025-07-18 03:00:00,FPO_Indore,Potato,16.59,75.09,1006,33.85,7,1000,928.83,92.88,LOW,35.09,2.64,35302.93,SELL NOW
2025-07-18 04:00:00,FPO_Nagpur,Potato,31.19,61.9,1304,23.57,14,500,500.0,100.0,HIGH,24.39,3.86,31806.32,SELL NOW
2025-07-18 05:00:00,FPO_Nagpur,Apple,31.89,87.0,1902,96.23,6,1000,1000.0,100.0,HIGH,102.72,1.69,195369.13,SELL NOW
2025-07-18 06:00:00,FPO_Nashik,Tomato,34.27,77.98,1399,26.41,13,2000,1514.06,75.7,HIGH,25.46,4.06,35624.4,SELL NOW
2025-07-18 07:00:00,FPO_Surat,Cabbage,16.05,77.37,992,16.98,2,2000,758.93,37.95,LOW,19.23,3.34,19078.75,STORE
2025-07-18 08:00:00,FPO_Jaipur,Mango,24.01,66.82,1129,55.29,14,2000,1279.39,63.97,MEDIUM,61.93,2.11,69921.22,STORE
2025-07-18 09:00:00,FPO_Jaipur,Cabbage,26.49,44.8,1606,23.06,13,1000,1000.0,100.0,LOW,22.35,2.29,35891.59,SELL NOW
2025-07-18 10:00:00,FPO_Nagpur,Mango,38.54,66.01,348,67.75,4,2000,198.24,9.91,LOW,77.11,1.84,26833.59,STORE
2025-07-18 11:00:00,FPO_Nagpur,Cabbage,27.04,70.39,967,24.67,9,1000,1000.0,100.0,MEDIUM,19.48,3.11,18839.96,SELL NOW
2025-07-18 12:00:00,FPO_Karnal,Tomato,19.92,95.0,1504,33.42,7,2000,1328.03,66.4,MEDIUM,36.61,3.58,55065.5,SELL NOW
2025-07-18 13:00:00,FPO_Ahmedabad,Cabbage,29.78,68.99,544,24.5,3,1000,414.07,41.41,LOW,27.88,3.53,15167.53,STORE
2025-07-18 14:00:00,FPO_Karnal,Cabbage,35.86,49.31,1632,19.87,6,2500,1216.82,48.67,LOW,12.25,4.87,19991.67,SELL NOW
2025-07-18 15:00:00,FPO_Karnal,Onion,34.58,72.01,1941,32.73,8,1500,1499.93,100.0,HIGH,32.01,2.54,62139.41,SELL NOW
2025-07-18 16:00:00,FPO_Surat,Cabbage,31.37,83.86,1173,20.78,8,2500,1087.9,43.52,MEDIUM,26.76,4.17,31388.03,STORE
2025-07-18 17:00:00,FPO_Jaipur,Onion,29.58,90.63,1121,28.01,8,1500,981.46,65.43,MEDIUM,27.41,4.03,30727.67,SELL NOW
2025-07-18 18:00:00,FPO_Surat,Potato,15.0,63.4,229,32.16,13,1500,740.69,49.38,LOW,33.84,1.71,7748.33,SELL NOW
2025-07-18 19:00:00,FPO_Surat,Apple,28.15,62.01,929,103.02,8,2000,855.8,42.79,LOW,103.99,4.76,96606.53,SELL NOW
2025-07-18 20:00:00,FPO_Nashik,Cabbage,29.07,43.83,1645,20.9,10,1500,1361.23,90.75,LOW,28.77,4.76,47323.25,STORE
2025-07-18 21:00:00,FPO_Jaipur,Potato,27.04,55.95,1181,25.66,6,1500,965.55,64.37,LOW,30.37,2.89,35871.36,STORE
2025-07-18 22:00:00,FPO_Ahmedabad,Onion,32.24,71.49,430,25.31,11,2500,733.99,29.36,MEDIUM,26.06,2.96,11206.18,SELL NOW
2025-07-18 23:00:00,FPO_Indore,Cabbage,26.94,42.14,1582,16.23,10,1500,1339.66,89.31,LOW,15.65,4.37,24751.99,SELL NOW
2025-07-19 00:00:00,FPO_Nagpur,Cabbage,25.79,95.0,1385,30.46,11,1000,1000.0,100.0,HIGH,37.79,3.23,52344.28,SELL NOW
2025-07-19 01:00:00,FPO_Nagpur,Tomato,34.23,59.65,928,29.47,3,1000,553.83,55.38,LOW,33.2,4.3,30805.39,STORE
2025-07-19 02:00:00,FPO_Ahmedabad,Potato,25.52,66.81,1451,21.01,9,2000,1277.05,63.85,LOW,29.05,1.63,42153.0,STORE
2025-07-19 03:00:00,FPO_Surat,Mango,28.39,70.13,1444,51.67,14,2500,1451.73,58.07,MEDIUM,57.76,2.38,83407.1,STORE
2025-07-19 04:00:00,FPO_Karnal,Mango,33.39,81.94,945,58.42,14,500,500.0,100.0,HIGH,45.08,1.82,42603.27,SELL NOW
2025-07-19 05:00:00,FPO_Nashik,Tomato,21.94,69.0,1296,28.96,14,2500,1264.68,50.59,LOW,37.32,3.09,48369.58,STORE
2025-07-19 06:00:00,FPO_Surat,Onion,21.28,48.98,598,24.17,3,500,500.0,100.0,LOW,27.8,4.49,16622.24,STORE
2025-07-19 07:00:00,FPO_Nagpur,Mango,36.15,71.33,294,60.21,12,1500,732.48,48.83,MEDIUM,64.44,3.49,18945.86,SELL NOW
2025-07-19 08:00:00,FPO_Lucknow,Mango,24.44,81.91,674,67.75,12,500,500.0,100.0,HIGH,60.72,3.32,40925.98,SELL NOW
2025-07-19 09:00:00,FPO_Karnal,Apple,32.15,51.58,1318,101.13,4,1500,920.02,61.33,LOW,101.7,2.78,134036.74,SELL NOW
2025-07-19 10:00:00,FPO_Nagpur,Potato,17.35,77.0,1978,24.92,10,2500,1732.71,69.31,LOW,28.21,1.72,55805.35,STORE
2025-07-19 11:00:00,FPO_Lucknow,Onion,15.0,68.81,974,27.8,1,2500,855.68,34.23,LOW,24.39,4.18,23751.3,SELL NOW
2025-07-19 12:00:00,FPO_Surat,Cabbage,30.19,66.43,1347,19.74,2,2000,952.99,47.65,LOW,29.38,3.5,39575.77,STORE
2025-07-19 13:00:00,FPO_Ahmedabad,Potato,27.23,55.4,999,19.19,6,2000,890.58,44.53,LOW,25.92,4.76,25898.81,STORE
2025-07-19 14:00:00,FPO_Ahmedabad,Onion,30.24,61.67,1723,35.27,14,1500,1324.93,88.33,MEDIUM,36.27,3.01,62487.82,SELL NOW
2025-07-19 15:00:00,FPO_Karnal,Mango,39.25,71.58,1143,59.51,13,1500,1097.99,73.2,HIGH,71.58,2.91,81818.87,SELL NOW
2025-07-19 16:00:00,FPO_Nagpur,Apple,20.58,58.64,1222,98.99,14,1000,1000.0,100.0,MEDIUM,103.84,4.91,126889.85,SELL NOW
2025-07-19 17:00:00,FPO_Jaipur,Potato,28.23,50.31,820,19.47,12,1000,790.04,79.0,LOW,29.33,1.99,24053.62,STORE
2025-07-19 18:00:00,FPO_Lucknow,Mango,36.86,49.7,1059,53.64,1,1000,454.92,45.49,LOW,52.56,2.38,55663.99,SELL NOW
2025-07-19 19:00:00,FPO_Nashik,Onion,21.44,69.21,1163,36.84,12,2500,1234.89,49.4,LOW,42.23,3.21,49110.14,STORE
2025-07-19 20:00:00,FPO_Nagpur,Potato,24.49,72.34,1271,20.96,9,500,500.0,100.0,MEDIUM,30.67,3.33,38984.4,STORE
2025-07-19 21:00:00,FPO_Nashik,Cabbage,17.4,63.98,1012,22.34,8,1500,1053.68,70.25,LOW,31.26,3.42,31637.71,STORE
2025-07-19 22:00:00,FPO_Nagpur,Potato,41.43,92.23,294,22.4,2,2000,166.06,8.3,MEDIUM,30.44,2.24,8950.38,STORE
2025-07-19 23:00:00,FPO_Jaipur,Mango,15.0,39.49,1700,57.35,14,1500,1500.0,100.0,LOW,66.57,4.74,113175.55,STORE
2025-07-20 00:00:00,FPO_Jaipur,Potato,32.79,70.7,232,23.56,2,500,77.35,15.47,LOW,34.2,3.96,7934.67,STORE
2025-07-20 01:00:00,FPO_Karnal,Cabbage,20.08,37.39,1341,21.58,8,1500,959.91,63.99,LOW,13.04,2.4,17484.6,SELL NOW
2025-07-20 02:00:00,FPO_Karnal,Apple,21.69,63.44,1867,100.62,12,2000,1672.2,83.61,LOW,101.49,2.53,189475.81,SELL NOW
2025-07-20 03:00:00,FPO_Jaipur,Apple,34.38,68.75,1474,99.74,11,2000,1205.83,60.29,MEDIUM,94.03,4.58,138593.26,SELL NOW
2025-07-20 04:00:00,FPO_Indore,Mango,23.54,62.35,1526,69.28,8,500,500.0,100.0,LOW,63.63,2.83,97104.48,SELL NOW
2025-07-20 05:00:00,FPO_Jaipur,Onion,31.91,35.72,321,39.55,1,2000,50.0,5.0,LOW,39.95,3.45,12822.44,SELL NOW
2025-07-20 06:00:00,FPO_Ahmedabad,Mango,36.28,63.57,417,63.94,14,2500,603.64,24.15,MEDIUM,64.79,1.92,27019.04,SELL NOW
2025-07-20 07:00:00,FPO_Ahmedabad,Apple,29.2,65.04,1276,99.56,5,2000,899.88,44.99,LOW,109.36,2.38,139546.07,SELL NOW
2025-07-20 08:00:00,FPO_Indore,Tomato,33.34,78.46,1349,32.02,11,500,500.0,100.0,HIGH,29.06,2.96,39197.84,SELL NOW
2025-07-20 09:00:00,FPO_Surat,Tomato,28.48,43.59,1382,31.86,2,500,500.0,100.0,LOW,35.75,3.8,49409.32,STORE
2025-07-20 10:00:00,FPO_Lucknow,Potato,28.76,86.61,1894,19.65,1,1500,1319.76,87.98,MEDIUM,30.64,2.48,58024.71,STORE
2025-07-20 11:00:00,FPO_Surat,Cabbage,24.19,30.0,994,16.75,3,2000,574.19,28.71,LOW,18.99,4.83,18873.14,STORE
2025-07-20 12:00:00,FPO_Nashik,Potato,39.57,45.56,1824,12.48,13,2000,1343.63,67.18,MEDIUM,25.24,2.27,46046.03,STORE
2025-07-20 13:00:00,FPO_Surat,Tomato,32.46,67.64,375,27.4,3,500,341.89,68.38,LOW,21.03,4.23,7885.67,SELL NOW
2025-07-20 14:00:00,FPO_Nagpur,Apple,31.13,69.66,491,97.48,13,1500,772.87,51.52,MEDIUM,96.23,2.78,47248.36,SELL NOW
2025-07-20 15:00:00,FPO_Surat,Potato,32.62,87.68,1382,19.28,10,1500,1321.83,88.12,HIGH,29.99,4.42,41451.74,SELL NOW
2025-07-20 16:00:00,FPO_Nagpur,Mango,23.94,67.9,690,55.98,9,2500,671.37,26.85,LOW,55.59,4.73,38357.56,SELL NOW
2025-07-20 17:00:00,FPO_Indore,Cabbage,33.59,63.48,960,20.76,10,2500,813.06,32.52,LOW,22.56,2.15,21657.92,SELL NOW
2025-07-20 18:00:00,FPO_Ahmedabad,Mango,37.34,71.67,1580,63.27,1,500,500.0,100.0,MEDIUM,74.63,3.22,117917.03,STORE
2025-07-20 19:00:00,FPO_Karnal,Cabbage,19.72,30.0,833,9.85,11,1500,948.33,63.22,LOW,16.18,2.04,13474.86,STORE
2025-07-20 20:00:00,FPO_Nagpur,Apple,31.25,49.89,1460,102.94,2,1500,877.75,58.52,LOW,97.72,3.97,142670.38,SELL NOW
2025-07-20 21:00:00,FPO_Ahmedabad,Potato,28.38,47.37,1651,20.62,9,2500,1207.98,48.32,LOW,26.71,4.41,44091.34,STORE
2025-07-20 22:00:00,FPO_Lucknow,Cabbage,24.88,79.28,324,32.2,14,2500,669.21,26.77,MEDIUM,31.67,2.86,10261.0,SELL NOW
2025-07-20 23:00:00,FPO_Nashik,Mango,21.44,84.5,1538,61.33,5,500,500.0,100.0,MEDIUM,61.87,2.89,95148.44,SELL NOW
2025-07-21 00:00:00,FPO_Lucknow,Potato,34.31,92.97,1502,13.33,9,1500,1375.52,91.7,HIGH,15.87,2.21,23833.24,SELL NOW
2025-07-21 01:00:00,FPO_Indore,Potato,29.25,73.54,803,12.64,6,500,500.0,100.0,MEDIUM,12.75,2.57,10238.17,SELL NOW
2025-07-21 02:00:00,FPO_Surat,Mango,26.76,78.38,1137,54.29,10,2500,1118.26,44.73,LOW,59.74,2.63,67921.4,STORE
2025-07-21 03:00:00,FPO_Surat,Tomato,31.25,66.41,1328,29.32,10,2000,1094.61,54.73,MEDIUM,27.96,2.04,37137.45,SELL NOW
2025-07-21 04:00:00,FPO_Jaipur,Cabbage,27.24,57.51,1265,16.44,3,2500,793.78,31.75,LOW,20.95,2.58,26507.17,STORE
2025-07-21 05:00:00,FPO_Jaipur,Mango,23.78,48.81,1620,60.55,8,1500,1227.65,81.84,LOW,67.34,4.68,109083.7,STORE
2025-07-21 06:00:00,FPO_Jaipur,Apple,28.77,47.46,1864,103.51,13,500,500.0,100.0,MEDIUM,106.18,2.64,197920.64,SELL NOW
2025-07-21 07:00:00,FPO_Lucknow,Onion,27.83,44.43,1683,27.36,9,1500,1342.25,89.48,LOW,30.71,2.46,51678.87,STORE
2025-07-21 08:00:00,FPO_Nagpur,Mango,17.35,75.97,690,55.56,2,2500,683.8,27.35,LOW,59.01,2.85,40718.08,SELL NOW
2025-07-21 09:00:00,FPO_Nashik,Potato,24.22,58.85,764,11.25,9,2500,873.76,34.95,LOW,14.89,4.86,11375.11,STORE
2025-07-21 10:00:00,FPO_Jaipur,Potato,20.41,54.15,367,29.55,4,1000,289.25,28.92,LOW,32.03,4.18,11756.73,SELL NOW
2025-07-21 11:00:00,FPO_Indore,Mango,18.09,34.59,1825,69.13,8,2500,1365.52,54.62,LOW,71.38,2.21,130263.3,SELL NOW
2025-07-21 12:00:00,FPO_Indore,Onion,30.81,51.3,958,36.1,5,1500,649.84,43.32,LOW,38.49,4.13,36873.24,SELL NOW
2025-07-21 13:00:00,FPO_Jaipur,Mango,23.99,60.69,1397,58.62,13,500,500.0,100.0,MEDIUM,62.55,4.18,87378.43,SELL NOW
2025-07-21 14:00:00,FPO_Surat,Onion,34.25,41.95,1595,29.73,6,500,500.0,100.0,LOW,30.57,4.83,48758.95,SELL NOW
2025-07-21 15:00:00,FPO_Jaipur,Onion,17.03,95.0,1822,33.43,4,1000,1000.0,100.0,LOW,35.7,4.62,65037.48,SELL NOW
2025-07-21 16:00:00,FPO_Nashik,Apple,26.21,44.89,1373,100.73,5,1500,904.94,60.33,LOW,108.69,1.83,149233.58,SELL NOW
2025-07-21 17:00:00,FPO_Jaipur,Cabbage,24.3,82.29,448,9.42,12,2500,744.48,29.78,LOW,22.45,3.09,10059.35,STORE
2025-07-21 18:00:00,FPO_Nashik,Potato,18.53,63.19,1850,26.59,1,2000,1348.2,67.41,LOW,41.9,3.96,77507.58,STORE
2025-07-21 19:00:00,FPO_Indore,Potato,28.03,56.5,379,28.09,12,500,500.0,100.0,MEDIUM,31.76,4.91,12038.43,STORE
2025-07-21 20:00:00,FPO_Jaipur,Onion,19.06,61.26,1343,35.36,3,1500,933.94,62.26,LOW,33.2,1.8,44591.98,SELL NOW
2025-07-21 21:00:00,FPO_Lucknow,Potato,29.34,65.21,227,24.26,14,1000,673.26,67.33,MEDIUM,26.04,2.79,5911.94,SELL NOW
2025-07-21 22:00:00,FPO_Karnal,Tomato,32.32,68.4,316,32.79,4,2000,304.99,15.25,LOW,36.52,3.22,11540.06,STORE
2025-07-21 23:00:00,FPO_Lucknow,Onion,29.61,50.27,902,22.94,1,1500,583.5,38.9,LOW,31.35,2.95,28274.76,STORE
2025-07-22 00:00:00,FPO_Indore,Potato,30.36,73.39,856,21.53,13,2500,1015.13,40.61,MEDIUM,20.94,3.1,17928.82,SELL NOW
2025-07-22 01:00:00,FPO_Nashik,Tomato,34.19,60.81,1031,24.66,3,500,500.0,100.0,LOW,27.04,2.79,27874.68,SELL NOW
2025-07-22 02:00:00,FPO_Lucknow,Apple,27.84,45.03,461,107.26,4,2500,482.54,19.3,LOW,105.2,4.9,48498.29,SELL NOW
2025-07-22 03:00:00,FPO_Nashik,Potato,23.04,58.58,1877,22.92,14,1000,1000.0,100.0,MEDIUM,34.25,4.31,64289.91,STORE
2025-07-22 04:00:00,FPO_Lucknow,Tomato,24.35,86.3,825,27.2,14,500,500.0,100.0,HIGH,32.92,4.08,27157.55,SELL NOW
2025-07-22 05:00:00,FPO_Lucknow,Mango,24.48,68.29,984,54.91,9,2000,928.66,46.43,LOW,56.14,2.94,55238.41,SELL NOW
2025-07-22 06:00:00,FPO_Nashik,Cabbage,21.74,65.07,1261,19.7,3,500,500.0,100.0,LOW,23.02,4.59,29033.22,STORE
2025-07-22 07:00:00,FPO_Nagpur,Mango,32.71,59.03,396,54.36,11,2500,658.94,26.36,LOW,50.61,1.83,20040.6,SELL NOW
2025-07-22 08:00:00,FPO_Lucknow,Tomato,31.16,60.21,1748,31.73,3,1500,1260.79,84.05,LOW,37.0,2.0,64674.58,STORE
2025-07-22 09:00:00,FPO_Jaipur,Onion,18.01,68.3,1847,32.99,4,1500,1411.91,94.13,LOW,37.92,4.84,70030.79,STORE
2025-07-22 10:00:00,FPO_Karnal,Onion,23.04,61.02,1660,31.25,9,1500,1358.77,90.58,LOW,25.39,3.48,42153.76,SELL NOW
2025-07-22 11:00:00,FPO_Indore,Potato,21.45,71.81,1872,25.96,9,1000,1000.0,100.0,MEDIUM,25.31,2.06,47378.32,SELL NOW
2025-07-22 12:00:00,FPO_Nagpur,Mango,29.9,69.85,883,55.97,1,1000,455.48,45.55,LOW,57.48,4.82,50752.98,SELL NOW
2025-07-22 13:00:00,FPO_Nashik,Onion,34.46,47.11,1862,20.78,8,1500,1467.59,97.84,LOW,22.34,4.91,41589.8,SELL NOW
2025-07-22 14:00:00,FPO_Nagpur,Onion,30.69,72.92,1073,33.42,10,2000,938.31,46.92,MEDIUM,33.88,4.59,36357.0,SELL NOW
2025-07-22 15:00:00,FPO_Ahmedabad,Mango,23.79,50.68,1633,59.72,13,2500,1558.57,62.34,LOW,63.36,2.33,103460.24,SELL NOW
2025-07-22 16:00:00,FPO_Ahmedabad,Apple,26.09,50.06,532,104.16,1,2000,413.74,20.69,LOW,114.14,2.47,60720.24,SELL NOW
2025-07-22 17:00:00,FPO_Lucknow,Onion,19.64,64.62,1754,32.13,2,1500,1292.35,86.16,LOW,37.52,2.92,65818.63,STORE
2025-07-22 18:00:00,FPO_Lucknow,Cabbage,20.1,68.87,1688,24.63,10,2500,1532.12,61.28,LOW,33.52,3.53,56587.56,STORE
2025-07-22 19:00:00,FPO_Jaipur,Tomato,33.08,74.22,919,29.03,11,1000,823.86,82.39,HIGH,33.85,4.97,31108.26,SELL NOW
2025-07-22 20:00:00,FPO_Karnal,Potato,36.66,32.65,1381,29.05,5,500,500.0,100.0,LOW,30.45,4.85,42051.1,SELL NOW
2025-07-22 21:00:00,FPO_Indore,Onion,23.71,76.84,1383,28.55,11,500,500.0,100.0,MEDIUM,30.66,4.72,42407.65,SELL NOW
2025-07-22 22:00:00,FPO_Nagpur,Cabbage,28.29,71.19,1557,28.68,13,2500,1619.59,64.78,MEDIUM,35.7,1.81,55581.2,STORE
2025-07-22 23:00:00,FPO_Ahmedabad,Cabbage,32.32,54.11,1975,26.55,11,2000,1709.97,85.5,MEDIUM,32.25,4.15,63691.12,STORE
2025-07-23 00:00:00,FPO_Lucknow,Onion,18.02,61.46,1599,21.63,14,2500,1573.3,62.93,LOW,31.29,4.57,50036.73,STORE
2025-07-23 01:00:00,FPO_Surat,Apple,21.71,67.97,278,93.43,12,2000,760.39,38.02,LOW,96.46,2.67,26817.16,SELL NOW
2025-07-23 02:00:00,FPO_Surat,Tomato,39.96,30.0,396,27.8,13,2000,389.21,19.46,LOW,23.82,2.27,9434.64,SELL NOW
2025-07-23 03:00:00,FPO_Indore,Potato,22.25,46.23,1343,19.51,6,500,500.0,100.0,LOW,21.54,4.12,28925.04,STORE
2025-07-23 04:00:00,FPO_Nagpur,Onion,25.83,82.42,1983,25.25,2,1000,1000.0,100.0,LOW,20.79,1.82,41220.8,SELL NOW
2025-07-23 05:00:00,FPO_Lucknow,Potato,24.38,55.96,1874,27.35,10,1500,1500.0,100.0,LOW,29.68,4.79,55622.16,SELL NOW
2025-07-23 06:00:00,FPO_Lucknow,Mango,16.03,63.71,425,52.52,5,1000,591.29,59.13,LOW,49.65,2.05,21103.14,SELL NOW
2025-07-23 07:00:00,FPO_Ahmedabad,Cabbage,28.5,63.25,794,24.01,3,1500,423.94,28.26,LOW,26.54,3.1,21073.63,STORE
2025-07-23 08:00:00,FPO_Ahmedabad,Cabbage,27.85,75.72,1633,20.63,7,500,500.0,100.0,MEDIUM,24.37,4.94,39791.35,STORE
2025-07-23 09:00:00,FPO_Lucknow,Onion,29.09,58.9,1761,37.41,12,1500,1481.89,98.79,MEDIUM,39.81,4.96,70103.06,SELL NOW
2025-07-23 10:00:00,FPO_Nashik,Onion,27.49,60.17,1863,42.59,12,2000,1663.77,83.19,MEDIUM,44.21,4.22,82362.96,SELL NOW
2025-07-23 11:00:00,FPO_Lucknow,Mango,25.24,67.86,1112,58.44,1,2500,769.36,30.77,LOW,59.52,4.44,66191.16,SELL NOW
2025-07-23 12:00:00,FPO_Indore,Apple,24.9,77.7,934,104.24,5,1500,916.68,61.11,LOW,112.91,4.89,105458.81,SELL NOW
2025-07-23 13:00:00,FPO_Lucknow,Onion,25.0,82.45,1562,36.35,12,1000,1000.0,100.0,HIGH,40.76,4.75,63665.17,SELL NOW
2025-07-23 14:00:00,FPO_Jaipur,Cabbage,22.07,60.22,1779,29.49,3,500,500.0,100.0,LOW,24.89,3.68,44281.31,SELL NOW
2025-07-23 15:00:00,FPO_Karnal,Potato,23.0,57.64,1819,25.96,11,500,500.0,100.0,LOW,29.62,4.07,53878.38,STORE
2025-07-23 16:00:00,FPO_Jaipur,Tomato,22.17,62.81,1118,19.14,2,2500,681.97,27.28,LOW,29.72,3.58,33232.07,STORE
2025-07-23 17:00:00,FPO_Jaipur,Potato,31.44,85.03,736,27.88,12,2000,734.11,36.71,MEDIUM,28.57,3.27,21030.58,SELL NOW
2025-07-23 18:00:00,FPO_Nashik,Apple,29.84,76.67,419,101.8,12,2000,517.09,25.85,MEDIUM,102.87,4.58,43103.64,SELL NOW
2025-07-23 19:00:00,FPO_Nashik,Tomato,28.16,57.8,492,26.85,3,500,432.4,86.48,LOW,33.01,4.08,16242.87,STORE
2025-07-23 20:00:00,FPO_Surat,Potato,39.65,40.79,1427,21.61,10,2000,1178.93,58.95,LOW,20.33,4.51,29016.04,SELL NOW
2025-07-23 21:00:00,FPO_Lucknow,Potato,22.45,81.6,1928,23.29,4,2500,1197.23,47.89,LOW,20.39,1.84,39303.14,SELL NOW
2025-07-23 22:00:00,FPO_Jaipur,Mango,34.71,83.29,1737,58.73,11,500,500.0,100.0,HIGH,53.91,3.52,93633.27,SELL NOW
2025-07-23 23:00:00,FPO_Nashik,Apple,26.44,48.34,401,98.23,2,2000,299.18,14.96,LOW,104.62,2.65,41954.37,SELL NOW
2025-07-24 00:00:00,FPO_Ahmedabad,Cabbage,28.94,58.32,231,20.11,2,1500,325.3,21.69,LOW,27.46,3.3,6343.04,STORE
2025-07-24 01:00:00,FPO_Lucknow,Mango,32.03,78.15,1312,62.55,3,1500,839.23,55.95,LOW,62.62,3.65,82163.26,SELL NOW
2025-07-24 02:00:00,FPO_Indore,Tomato,25.13,70.79,1425,27.19,2,2000,1036.6,51.83,LOW,24.42,4.46,34797.29,SELL NOW
2025-07-24 03:00:00,FPO_Karnal,Cabbage,21.66,35.09,1913,21.04,14,1500,1500.0,100.0,LOW,28.39,1.61,54301.75,STORE
2025-07-24 04:00:00,FPO_Nagpur,Mango,22.65,48.08,1928,60.49,6,2500,1348.88,53.96,LOW,62.86,2.07,121194.72,SELL NOW
2025-07-24 05:00:00,FPO_Lucknow,Apple,15.36,73.72,1895,100.21,2,1000,1000.0,100.0,LOW,93.18,4.73,176575.22,SELL NOW
2025-07-24 06:00:00,FPO_Nagpur,Onion,31.64,68.74,1516,32.53,1,2500,1066.62,42.66,LOW,37.39,4.89,56680.73,STORE
2025-07-24 07:00:00,FPO_Jaipur,Onion,31.5,74.99,915,29.85,8,2500,870.66,34.83,LOW,34.31,1.69,31391.22,STORE
2025-07-24 08:00:00,FPO_Karnal,Tomato,37.5,76.71,952,31.08,10,2000,938.3,46.92,MEDIUM,41.03,2.66,39057.24,STORE
2025-07-24 09:00:00,FPO_Nagpur,Onion,30.49,68.63,1216,28.63,4,2500,1028.63,41.15,LOW,35.83,1.53,43570.91,STORE
2025-07-24 10:00:00,FPO_Jaipur,Mango,31.93,71.31,314,58.99,2,2000,228.59,11.43,LOW,66.47,4.15,20872.66,STORE
2025-07-24 11:00:00,FPO_Ahmedabad,Tomato,27.51,56.46,921,29.39,4,500,500.0,100.0,LOW,28.0,3.89,25788.09,SELL NOW
2025-07-24 12:00:00,FPO_Nagpur,Cabbage,30.79,66.71,1445,26.94,11,2000,1313.32,65.67,MEDIUM,23.17,3.48,33482.76,SELL NOW
2025-07-24 13:00:00,FPO_Karnal,Apple,34.54,69.7,381,106.06,2,2000,288.36,14.42,LOW,111.62,3.92,42527.58,SELL NOW
2025-07-24 14:00:00,FPO_Surat,Tomato,29.09,90.59,970,33.24,11,500,500.0,100.0,HIGH,36.33,3.38,35241.0,SELL NOW
2025-07-24 15:00:00,FPO_Lucknow,Cabbage,24.87,52.63,668,24.78,5,1000,566.12,56.61,LOW,31.01,2.34,20717.28,STORE
2025-07-24 16:00:00,FPO_Jaipur,Tomato,26.68,75.86,625,20.95,7,500,500.0,100.0,MEDIUM,24.58,4.14,15360.98,STORE
2025-07-24 17:00:00,FPO_Lucknow,Potato,32.51,63.27,1775,25.42,6,2000,1280.66,64.03,LOW,35.64,4.24,63266.81,STORE
2025-07-24 18:00:00,FPO_Karnal,Potato,25.05,76.17,1033,24.64,2,1500,722.28,48.15,LOW,25.48,4.49,26324.12,SELL NOW
2025-07-24 19:00:00,FPO_Nashik,Tomato,33.33,63.19,1283,29.09,11,2000,1238.71,61.94,MEDIUM,32.29,4.84,41434.06,STORE
2025-07-24 20:00:00,FPO_Jaipur,Onion,39.45,82.66,684,33.87,13,500,500.0,100.0,HIGH,33.7,4.12,23050.92,SELL NOW
2025-07-24 21:00:00,FPO_Nagpur,Potato,33.41,53.86,210,20.16,4,2000,107.85,5.39,LOW,18.78,1.69,3944.25,SELL NOW
2025-07-24 22:00:00,FPO_Jaipur,Apple,32.48,67.13,1855,92.02,8,500,500.0,100.0,MEDIUM,101.65,1.57,188560.29,STORE
2025-07-24 23:00:00,FPO_Lucknow,Cabbage,30.09,71.59,1608,20.63,12,2500,1433.9,57.36,MEDIUM,23.06,4.09,37082.83,STORE
2025-07-25 00:00:00,FPO_Ahmedabad,Mango,23.34,54.78,1633,45.52,14,1000,1000.0,100.0,MEDIUM,60.84,1.7,99354.54,STORE
2025-07-25 01:00:00,FPO_Jaipur,Potato,22.79,69.57,241,24.22,14,1000,763.15,76.32,MEDIUM,20.5,2.61,4940.89,SELL NOW
2025-07-25 02:00:00,FPO_Nagpur,Tomato,22.73,80.1,1925,27.67,7,500,500.0,100.0,MEDIUM,31.16,1.98,59975.02,STORE
2025-07-25 03:00:00,FPO_Nashik,Onion,31.33,63.99,322,34.3,7,1000,423.48,42.35,LOW,38.11,4.89,12270.4,STORE
2025-07-25 04:00:00,FPO_Surat,Mango,25.66,76.26,900,63.77,12,1500,1070.45,71.36,MEDIUM,73.0,2.61,65702.09,STORE
2025-07-25 05:00:00,FPO_Indore,Cabbage,27.83,54.89,451,22.55,12,1500,718.49,47.9,LOW,21.14,1.69,9534.96,SELL NOW
2025-07-25 06:00:00,FPO_Ahmedabad,Cabbage,30.51,48.55,1172,20.88,4,1000,960.33,96.03,LOW,20.9,4.82,24491.59,SELL NOW
2025-07-25 07:00:00,FPO_Surat,Potato,22.96,75.43,803,18.06,1,500,464.33,92.87,LOW,13.99,3.63,11232.48,SELL NOW
2025-07-25 08:00:00,FPO_Nashik,Cabbage,24.99,56.61,1707,34.58,7,1500,1385.27,92.35,LOW,44.9,1.63,76645.44,STORE
2025-07-25 09:00:00,FPO_Jaipur,Cabbage,29.94,39.85,412,24.24,6,1000,420.15,42.01,LOW,18.63,4.42,7677.59,SELL NOW
2025-07-25 10:00:00,FPO_Lucknow,Onion,26.25,53.6,1937,28.63,8,2000,1381.16,69.06,LOW,32.24,2.03,62445.02,STORE
2025-07-25 11:00:00,FPO_Karnal,Onion,26.82,85.21,467,31.46,11,1500,755.73,50.38,MEDIUM,46.95,4.31,21923.47,STORE
2025-07-25 12:00:00,FPO_Lucknow,Onion,21.8,80.9,1205,22.07,13,2500,1264.57,50.58,MEDIUM,30.76,3.61,37061.16,STORE
2025-07-25 13:00:00,FPO_Surat,Tomato,26.9,48.19,1890,26.01,5,1500,1473.11,98.21,LOW,35.17,2.12,66473.74,STORE
2025-07-25 14:00:00,FPO_Nagpur,Cabbage,37.91,43.07,906,20.72,8,1000,637.97,63.8,LOW,32.29,4.13,29250.25,STORE
2025-07-25 15:00:00,FPO_Lucknow,Cabbage,25.32,58.86,739,19.67,10,1000,782.84,78.28,LOW,23.53,3.09,17391.77,STORE
2025-07-25 16:00:00,FPO_Ahmedabad,Cabbage,21.12,80.61,905,23.69,11,1000,1000.0,100.0,MEDIUM,27.52,3.73,24908.36,STORE
2025-07-25 17:00:00,FPO_Lucknow,Apple,33.75,62.06,1210,100.24,14,500,500.0,100.0,HIGH,103.22,4.54,124898.07,SELL NOW
2025-07-25 18:00:00,FPO_Nagpur,Onion,31.14,62.19,1958,23.73,8,500,500.0,100.0,MEDIUM,26.34,2.41,51573.18,STORE
2025-07-25 19:00:00,FPO_Indore,Mango,29.28,55.79,818,58.17,9,2000,696.58,34.83,LOW,58.11,2.78,47533.67,SELL NOW
2025-07-25 20:00:00,FPO_Jaipur,Potato,20.09,60.93,1884,22.4,1,2000,1296.06,64.8,LOW,32.31,4.99,60878.06,STORE
2025-07-25 21:00:00,FPO_Karnal,Mango,20.94,77.71,1358,62.26,3,1500,1081.55,72.1,LOW,62.62,3.28,85043.73,SELL NOW
2025-07-25 22:00:00,FPO_Surat,Tomato,18.78,66.28,697,26.64,12,1000,1000.0,100.0,MEDIUM,28.22,3.45,19671.96,SELL NOW
2025-07-25 23:00:00,FPO_Jaipur,Tomato,30.59,61.97,1220,29.65,12,2000,1259.19,62.96,MEDIUM,26.03,2.5,31754.14,SELL NOW
2025-07-26 00:00:00,FPO_Lucknow,Cabbage,34.12,74.76,1830,23.24,11,1000,1000.0,100.0,HIGH,30.39,2.96,55613.64,SELL NOW
2025-07-26 01:00:00,FPO_Nashik,Mango,30.79,66.07,981,66.41,6,1500,879.2,58.61,LOW,77.37,3.26,75900.3,STORE
2025-07-26 02:00:00,FPO_Jaipur,Cabbage,39.7,79.25,325,27.72,13,500,500.0,100.0,HIGH,19.57,2.4,6358.7,SELL NOW
2025-07-26 03:00:00,FPO_Indore,Apple,25.35,54.8,1582,96.64,4,2000,1019.78,50.99,LOW,107.38,2.33,169878.81,STORE
2025-07-26 04:00:00,FPO_Lucknow,Tomato,26.06,69.08,1726,25.52,8,2500,1438.82,57.55,LOW,32.21,3.6,55601.59,STORE
2025-07-26 05:00:00,FPO_Karnal,Tomato,28.64,78.31,1040,29.96,10,2500,1033.01,41.32,MEDIUM,39.31,2.14,40886.04,STORE
2025-07-26 06:00:00,FPO_Nagpur,Mango,26.62,88.3,1182,57.37,14,2500,1253.73,50.15,HIGH,62.24,3.44,73569.85,SELL NOW
2025-07-26 07:00:00,FPO_Indore,Tomato,30.99,48.6,1541,18.35,14,2500,1390.72,55.63,LOW,24.35,3.97,37526.81,STORE
2025-07-26 08:00:00,FPO_Lucknow,Apple,24.16,62.39,211,101.48,1,2500,201.76,8.07,LOW,106.14,2.19,22395.45,SELL NOW
2025-07-26 09:00:00,FPO_Indore,Apple,19.63,45.26,1700,98.08,12,2500,1483.55,59.34,LOW,96.09,4.11,163348.0,SELL NOW
2025-07-26 10:00:00,FPO_Jaipur,Apple,17.26,50.45,1517,103.4,5,2500,1273.48,50.94,LOW,105.79,2.76,160489.23,SELL NOW
2025-07-26 11:00:00,FPO_Karnal,Potato,30.88,65.28,1663,22.2,14,2000,1553.84,77.69,MEDIUM,22.76,4.97,37842.65,SELL NOW
2025-07-26 12:00:00,FPO_Nagpur,Apple,24.84,34.6,715,103.23,4,2500,597.2,23.89,LOW,111.66,4.93,79836.14,SELL NOW
2025-07-26 13:00:00,FPO_Lucknow,Apple,20.98,71.29,1614,112.6,12,2500,1640.76,65.63,LOW,114.25,4.3,184396.08,SELL NOW
2025-07-26 14:00:00,FPO_Ahmedabad,Potato,24.29,73.36,515,28.41,1,1500,355.96,23.73,LOW,33.85,2.7,17434.47,STORE
2025-07-26 15:00:00,FPO_Surat,Cabbage,39.72,63.85,1903,23.25,10,2000,1416.32,70.82,MEDIUM,20.81,4.78,39595.24,SELL NOW
2025-07-26 16:00:00,FPO_Nagpur,Onion,21.33,52.39,1231,32.12,6,1500,1112.33,74.16,LOW,44.33,5.0,54570.62,STORE
2025-07-26 17:00:00,FPO_Ahmedabad,Tomato,32.36,61.34,1731,28.59,10,1000,1000.0,100.0,MEDIUM,32.89,3.12,56938.54,STORE
2025-07-26 18:00:00,FPO_Indore,Apple,30.53,95.0,1347,101.34,13,2500,1361.51,54.46,HIGH,97.57,3.65,131431.55,SELL NOW
2025-07-26 19:00:00,FPO_Nashik,Tomato,36.05,57.19,1595,20.16,3,500,500.0,100.0,LOW,28.21,1.52,45000.38,STORE
2025-07-26 20:00:00,FPO_Nagpur,Mango,27.26,53.18,513,65.27,11,2500,560.83,22.43,LOW,69.53,1.65,35667.22,SELL NOW
2025-07-26 21:00:00,FPO_Indore,Tomato,18.64,30.32,1408,16.47,11,2500,1291.84,51.67,LOW,23.43,3.25,32988.62,STORE
2025-07-26 22:00:00,FPO_Ahmedabad,Cabbage,33.96,80.66,746,24.91,5,1500,603.48,40.23,LOW,43.66,3.63,32570.45,STORE
2025-07-26 23:00:00,FPO_Jaipur,Potato,26.5,46.4,1808,13.22,6,1000,1000.0,100.0,LOW,21.95,2.59,39677.06,STORE
2025-07-27 00:00:00,FPO_Jaipur,Tomato,35.65,66.32,1748,24.48,4,1500,1282.51,85.5,MEDIUM,32.95,1.85,57601.14,STORE
2025-07-27 01:00:00,FPO_Nashik,Tomato,32.9,95.0,238,29.05,10,2000,394.09,19.7,MEDIUM,30.27,4.24,7204.72,SELL NOW
2025-07-27 02:00:00,FPO_Surat,Tomato,33.98,70.54,1307,32.34,10,1000,1000.0,100.0,HIGH,35.88,2.97,46894.53,SELL NOW
2025-07-27 03:00:00,FPO_Nagpur,Onion,42.21,70.37,1244,35.11,12,1000,1000.0,100.0,HIGH,36.33,3.77,45191.5,SELL NOW
2025-07-27 04:00:00,FPO_Nagpur,Onion,29.69,60.11,452,29.03,6,1000,538.11,53.81,LOW,25.48,3.78,11518.33,SELL NOW
2025-07-27 05:00:00,FPO_Nagpur,Mango,36.66,69.71,502,64.95,7,1500,529.92,35.33,LOW,65.81,3.41,33035.19,SELL NOW
2025-07-27 06:00:00,FPO_Surat,Potato,25.57,66.14,1178,21.69,2,2500,741.53,29.66,LOW,30.36,2.12,35767.68,STORE
2025-07-27 07:00:00,FPO_Indore,Tomato,31.24,73.1,457,24.44,14,2500,772.47,30.9,MEDIUM,29.35,3.66,13412.55,STORE
2025-07-27 08:00:00,FPO_Karnal,Tomato,24.99,30.0,1199,29.87,7,2500,950.02,38.0,LOW,27.03,2.63,32413.26,SELL NOW
2025-07-27 09:00:00,FPO_Karnal,Tomato,30.88,70.69,741,23.41,7,2500,647.54,25.9,LOW,25.87,4.37,19172.06,STORE
2025-07-27 10:00:00,FPO_Nashik,Tomato,30.25,71.5,839,27.33,2,2500,625.52,25.02,LOW,26.41,2.18,22154.76,SELL NOW
2025-07-27 11:00:00,FPO_Nagpur,Onion,15.64,95.0,751,27.61,3,2000,605.28,30.26,LOW,32.94,2.52,24736.1,STORE
2025-07-27 12:00:00,FPO_Indore,Cabbage,24.33,64.94,660,17.25,3,500,358.83,71.77,LOW,16.83,3.04,11107.23,SELL NOW
2025-07-27 13:00:00,FPO_Jaipur,Cabbage,29.38,68.32,1832,26.65,1,1000,1000.0,100.0,LOW,26.87,4.09,49231.06,SELL NOW
2025-07-27 14:00:00,FPO_Ahmedabad,Mango,15.0,70.94,423,60.72,1,500,472.1,94.42,LOW,57.29,4.02,24234.68,SELL NOW
2025-07-27 15:00:00,FPO_Indore,Apple,27.42,71.37,291,105.75,10,2000,619.88,30.99,LOW,117.08,2.68,34069.02,STORE
2025-07-27 16:00:00,FPO_Surat,Potato,34.05,46.5,479,12.66,11,2500,435.51,17.42,LOW,15.4,3.29,7374.84,STORE
2025-07-27 17:00:00,FPO_Karnal,Cabbage,35.8,77.28,1393,21.43,6,2000,1207.65,60.38,MEDIUM,23.87,2.32,33247.06,STORE
2025-07-27 18:00:00,FPO_Karnal,Tomato,23.31,51.24,1957,33.64,9,2000,1563.32,78.17,LOW,38.31,4.2,74969.46,STORE
2025-07-27 19:00:00,FPO_Jaipur,Cabbage,36.19,71.1,1852,27.65,9,500,500.0,100.0,HIGH,32.68,2.19,60523.98,SELL NOW
2025-07-27 20:00:00,FPO_Jaipur,Mango,35.25,52.11,447,63.62,11,1000,580.26,58.03,LOW,63.2,4.37,28248.3,SELL NOW
2025-07-27 21:00:00,FPO_Surat,Apple,15.11,61.66,1584,107.26,14,1500,1500.0,100.0,LOW,111.44,4.78,176522.7,SELL NOW
2025-07-27 22:00:00,FPO_Ahmedabad,Cabbage,28.69,57.94,1572,21.18,1,1500,952.6,63.51,LOW,24.64,4.97,38731.62,STORE
2025-07-27 23:00:00,FPO_Jaipur,Mango,29.36,61.27,1065,55.68,12,1000,1000.0,100.0,MEDIUM,63.79,4.5,67933.47,STORE
2025-07-28 00:00:00,FPO_Nashik,Onion,37.11,63.75,1658,34.28,7,2500,1361.3,54.45,LOW,41.04,2.28,68042.56,STORE
2025-07-28 01:00:00,FPO_Ahmedabad,Apple,29.72,70.58,1629,103.17,6,2000,1246.91,62.35,LOW,106.12,2.96,172872.48,SELL NOW
2025-07-28 02:00:00,FPO_Jaipur,Mango,36.36,63.56,1824,59.37,4,2500,1150.85,46.03,LOW,62.49,1.81,113990.44,SELL NOW
2025-07-28 03:00:00,FPO_Lucknow,Cabbage,23.32,78.12,277,24.23,11,2000,729.92,36.5,LOW,26.17,2.08,7249.11,SELL NOW
2025-07-28 04:00:00,FPO_Indore,Onion,18.41,57.0,657,25.15,3,1500,672.43,44.83,LOW,28.69,1.67,18848.91,STORE
2025-07-28 05:00:00,FPO_Jaipur,Mango,24.11,71.45,785,67.89,9,1000,720.85,72.08,LOW,70.73,3.74,55522.69,SELL NOW
2025-07-28 06:00:00,FPO_Nashik,Mango,37.46,52.51,1615,70.13,10,500,500.0,100.0,MEDIUM,73.93,3.37,119391.06,SELL NOW
2025-07-28 07:00:00,FPO_Nagpur,Cabbage,33.56,91.74,1237,30.59,5,500,500.0,100.0,HIGH,26.25,4.71,32465.49,SELL NOW
2025-07-28 08:00:00,FPO_Jaipur,Apple,41.93,71.51,244,103.26,8,1000,395.27,39.53,MEDIUM,103.06,3.12,25147.66,SELL NOW
2025-07-28 09:00:00,FPO_Karnal,Onion,19.34,54.54,237,32.95,4,1500,274.04,18.27,LOW,43.13,3.75,10222.53,STORE
2025-07-28 10:00:00,FPO_Karnal,Tomato,34.25,91.02,615,29.66,4,2000,442.96,22.15,LOW,29.36,2.91,18055.36,SELL NOW
2025-07-28 11:00:00,FPO_Karnal,Potato,32.53,72.78,444,13.19,6,500,500.0,100.0,MEDIUM,15.49,4.4,6878.24,STORE
2025-07-28 12:00:00,FPO_Nagpur,Apple,26.29,54.6,1285,97.62,6,1500,1007.67,67.18,LOW,101.68,4.74,130654.37,SELL NOW
2025-07-28 13:00:00,FPO_Karnal,Onion,32.66,63.03,692,34.1,3,1000,464.78,46.48,LOW,36.24,3.01,25077.72,SELL NOW
2025-07-28 14:00:00,FPO_Lucknow,Mango,28.84,47.93,1831,55.77,2,2500,1114.4,44.58,LOW,55.94,1.79,102426.0,SELL NOW
2025-07-28 15:00:00,FPO_Jaipur,Onion,30.76,47.93,522,30.78,11,1500,601.83,40.12,LOW,38.38,2.07,20034.61,STORE
2025-07-28 16:00:00,FPO_Surat,Potato,32.08,83.13,1475,27.78,9,1500,1109.0,73.93,HIGH,25.6,4.02,37759.11,SELL NOW
2025-07-28 17:00:00,FPO_Karnal,Cabbage,33.88,51.52,667,30.86,2,2500,486.97,19.48,LOW,23.57,2.64,15722.3,SELL NOW
2025-07-28 18:00:00,FPO_Ahmedabad,Potato,28.52,44.94,1284,26.69,9,1500,1029.16,68.61,LOW,36.13,4.25,46390.25,STORE
2025-07-28 19:00:00,FPO_Surat,Tomato,38.66,74.54,1342,29.42,12,500,500.0,100.0,HIGH,25.97,4.12,34850.08,SELL NOW
2025-07-28 20:00:00,FPO_Nagpur,Tomato,26.71,89.9,286,31.99,11,500,500.0,100.0,HIGH,38.61,3.93,11042.48,SELL NOW
2025-07-28 21:00:00,FPO_Lucknow,Potato,39.3,82.36,1818,20.79,14,500,500.0,100.0,HIGH,21.85,4.35,39731.36,SELL NOW
2025-07-28 22:00:00,FPO_Ahmedabad,Apple,21.23,95.0,279,108.52,8,1500,562.26,37.48,LOW,119.03,4.15,33208.45,SELL NOW
2025-07-28 23:00:00,FPO_Ahmedabad,Apple,22.09,95.0,427,92.05,11,1500,691.95,46.13,MEDIUM,93.81,3.71,40055.27,SELL NOW
2025-07-29 00:00:00,FPO_Ahmedabad,Mango,22.44,51.49,682,60.34,13,1500,886.49,59.1,LOW,60.63,1.51,41351.53,SELL NOW
2025-07-29 01:00:00,FPO_Ahmedabad,Tomato,33.74,60.33,822,25.64,10,1000,765.49,76.55,MEDIUM,33.08,3.3,27193.57,STORE
2025-07-29 02:00:00,FPO_Surat,Mango,23.17,41.44,1533,63.41,7,2500,1191.48,47.66,LOW,72.61,3.58,111312.54,STORE
2025-07-29 03:00:00,FPO_Surat,Tomato,36.94,47.56,1806,26.3,12,1500,1473.0,98.2,MEDIUM,37.4,4.86,67545.64,STORE
2025-07-29 04:00:00,FPO_Jaipur,Potato,24.84,81.09,1147,34.09,5,2500,883.44,35.34,LOW,24.53,3.78,28136.79,SELL NOW
2025-07-29 05:00:00,FPO_Karnal,Apple,30.4,69.15,684,104.58,13,2000,806.29,40.31,MEDIUM,97.68,3.51,66812.4,SELL NOW
2025-07-29 06:00:00,FPO_Indore,Apple,31.84,86.85,1039,95.01,3,500,500.0,100.0,MEDIUM,92.56,3.39,96171.33,SELL NOW
2025-07-29 07:00:00,FPO_Jaipur,Potato,21.91,52.02,224,8.67,2,1000,125.92,12.59,LOW,6.08,1.86,1362.17,SELL NOW
2025-07-29 08:00:00,FPO_Jaipur,Mango,19.66,56.77,1425,54.31,11,2500,1261.52,50.46,LOW,54.84,3.0,78153.32,SELL NOW
2025-07-29 09:00:00,FPO_Lucknow,Mango,29.7,73.9,1448,62.81,8,500,500.0,100.0,MEDIUM,66.06,1.97,95656.63,SELL NOW
2025-07-29 10:00:00,FPO_Lucknow,Onion,26.34,80.85,978,28.68,2,1000,676.77,67.68,LOW,32.64,1.68,31923.19,STORE
2025-07-29 11:00:00,FPO_Karnal,Tomato,30.99,40.48,1733,25.13,8,500,500.0,100.0,LOW,30.9,2.65,53550.52,STORE
2025-07-29 12:00:00,FPO_Indore,Mango,19.93,61.39,1130,56.38,5,1500,902.91,60.19,LOW,55.9,3.76,63161.45,SELL NOW
2025-07-29 13:00:00,FPO_Lucknow,Potato,25.86,70.99,994,26.15,9,1500,896.54,59.77,LOW,28.7,4.53,28526.76,SELL NOW
2025-07-29 14:00:00,FPO_Karnal,Mango,26.91,76.74,1852,58.34,4,500,500.0,100.0,MEDIUM,61.03,4.34,113030.34,SELL NOW
2025-07-29 15:00:00,FPO_Karnal,Apple,15.0,79.71,1802,97.82,8,1000,1000.0,100.0,LOW,100.91,2.53,181837.49,SELL NOW
2025-07-29 16:00:00,FPO_Surat,Tomato,33.97,63.88,1782,32.97,13,500,500.0,100.0,HIGH,33.44,1.66,59598.52,SELL NOW
2025-07-29 17:00:00,FPO_Nashik,Cabbage,23.46,46.47,952,32.81,11,2000,1051.32,52.57,LOW,36.87,2.91,35103.72,STORE
2025-07-29 18:00:00,FPO_Surat,Onion,36.99,36.12,1913,24.43,7,1000,1000.0,100.0,LOW,22.24,2.6,42553.02,SELL NOW
2025-07-29 19:00:00,FPO_Indore,Tomato,23.84,62.27,1743,33.89,12,1000,1000.0,100.0,MEDIUM,45.49,2.8,79295.15,STORE
2025-07-29 20:00:00,FPO_Lucknow,Apple,24.87,60.67,1406,99.45,8,500,500.0,100.0,LOW,98.05,3.46,137862.87,SELL NOW
2025-07-29 21:00:00,FPO_Indore,Apple,20.55,53.06,1300,104.59,5,2500,969.54,38.78,LOW,109.57,1.61,142438.19,SELL NOW
2025-07-29 22:00:00,FPO_Jaipur,Apple,34.88,78.4,625,103.28,2,500,489.5,97.9,MEDIUM,104.66,2.8,65409.7,SELL NOW
2025-07-29 23:00:00,FPO_Jaipur,Apple,30.72,47.79,1290,100.1,7,2500,834.81,33.39,LOW,100.64,3.46,129828.79,SELL NOW
2025-07-30 00:00:00,FPO_Indore,Potato,36.4,55.07,859,22.31,3,1000,658.47,65.85,LOW,17.75,3.01,15248.56,SELL NOW
2025-07-30 01:00:00,FPO_Nashik,Onion,26.76,82.5,1717,33.34,13,1500,1500.0,100.0,HIGH,33.63,3.84,57747.04,SELL NOW
2025-07-30 02:00:00,FPO_Nashik,Cabbage,27.75,53.38,884,19.52,10,1500,841.85,56.12,LOW,21.31,2.15,18834.59,SELL NOW
2025-07-30 03:00:00,FPO_Surat,Apple,17.91,69.85,746,94.29,10,500,500.0,100.0,LOW,94.39,2.04,70416.42,SELL NOW
2025-07-30 04:00:00,FPO_Indore,Apple,24.26,64.86,1300,110.4,10,2500,1049.43,41.98,LOW,116.78,2.58,151813.12,SELL NOW
2025-07-30 05:00:00,FPO_Lucknow,Mango,29.02,68.65,1115,65.84,12,500,500.0,100.0,MEDIUM,77.2,1.86,86073.53,STORE
2025-07-30 06:00:00,FPO_Surat,Onion,30.32,78.22,1920,34.96,11,2000,1705.4,85.27,HIGH,37.61,2.33,72208.13,SELL NOW
2025-07-30 07:00:00,FPO_Nagpur,Tomato,38.94,69.88,254,27.22,10,500,500.0,100.0,HIGH,32.78,1.8,8325.52,SELL NOW
2025-07-30 08:00:00,FPO_Nashik,Onion,16.89,44.2,1829,21.81,13,500,500.0,100.0,LOW,31.0,2.91,56701.69,STORE
2025-07-30 09:00:00,FPO_Ahmedabad,Onion,29.38,46.74,1696,27.35,2,500,500.0,100.0,LOW,25.0,3.99,42400.44,SELL NOW
2025-07-30 10:00:00,FPO_Surat,Cabbage,25.74,69.42,1879,27.05,3,500,500.0,100.0,LOW,38.91,2.5,73121.02,STORE
2025-07-30 11:00:00,FPO_Jaipur,Onion,28.45,51.21,1470,35.75,14,2500,1610.35,64.41,LOW,32.16,1.51,47271.44,SELL NOW
2025-07-30 12:00:00,FPO_Surat,Cabbage,28.62,79.33,1662,27.14,14,2500,1524.81,60.99,HIGH,30.14,3.45,50085.24,SELL NOW
2025-07-30 13:00:00,FPO_Indore,Apple,26.85,69.64,1935,102.28,4,2500,1381.77,55.27,LOW,108.65,3.92,210242.66,SELL NOW
2025-07-30 14:00:00,FPO_Ahmedabad,Apple,21.2,39.26,1971,99.14,10,2000,1425.2,71.26,LOW,109.87,2.87,216555.13,STORE
2025-07-30 15:00:00,FPO_Indore,Potato,20.09,93.34,513,25.25,13,2000,970.21,48.51,MEDIUM,28.2,2.54,14465.27,STORE
2025-07-30 16:00:00,FPO_Karnal,Cabbage,26.41,59.51,1543,20.45,11,500,500.0,100.0,MEDIUM,23.97,3.22,36987.65,STORE
2025-07-30 17:00:00,FPO_Jaipur,Cabbage,19.48,61.86,419,25.62,7,2500,485.11,19.4,LOW,36.77,1.85,15407.72,STORE
2025-07-30 18:00:00,FPO_Jaipur,Tomato,27.32,71.34,1594,26.85,10,2000,1321.59,66.08,MEDIUM,22.33,3.75,35601.77,SELL NOW
2025-07-30 19:00:00,FPO_Nashik,Mango,26.48,63.7,1439,67.23,12,1500,1255.11,83.67,MEDIUM,65.2,4.07,93815.67,SELL NOW
2025-07-30 20:00:00,FPO_Surat,Onion,15.0,79.42,248,15.72,1,500,297.58,59.52,LOW,12.6,3.97,3124.31,SELL NOW
2025-07-30 21:00:00,FPO_Nashik,Tomato,39.6,49.73,662,27.24,6,1000,328.49,32.85,LOW,24.82,2.65,16429.37,SELL NOW
2025-07-30 22:00:00,FPO_Ahmedabad,Cabbage,28.46,82.21,317,26.25,13,2500,544.78,21.79,MEDIUM,24.62,4.45,7805.83,SELL NOW
2025-07-30 23:00:00,FPO_Surat,Tomato,15.0,75.21,281,18.73,6,500,387.58,77.52,LOW,27.9,4.81,7838.84,STORE
2025-07-31 00:00:00,FPO_Karnal,Potato,29.48,53.38,1486,25.7,8,500,500.0,100.0,LOW,36.3,2.54,53947.27,STORE
2025-07-31 01:00:00,FPO_Indore,Mango,26.78,68.77,1812,59.34,2,1000,1000.0,100.0,LOW,64.24,2.42,116411.51,SELL NOW
2025-07-31 02:00:00,FPO_Karnal,Cabbage,20.09,83.18,1946,20.23,2,1500,1218.81,81.25,LOW,28.13,3.96,54745.69,STORE
2025-07-31 03:00:00,FPO_Jaipur,Cabbage,29.86,72.82,695,30.09,1,2000,414.86,20.74,LOW,37.18,3.98,25840.05,STORE
2025-07-31 04:00:00,FPO_Ahmedabad,Onion,22.35,67.21,833,26.28,3,2000,585.18,29.26,LOW,29.29,3.29,24398.36,STORE
2025-07-31 05:00:00,FPO_Nagpur,Mango,29.16,74.34,1036,64.04,7,1000,986.42,98.64,MEDIUM,71.68,4.73,74256.71,STORE
2025-07-31 06:00:00,FPO_Ahmedabad,Potato,23.79,75.6,801,22.93,8,1000,747.12,74.71,LOW,29.72,2.01,23805.16,STORE
2025-07-31 07:00:00,FPO_Lucknow,Apple,22.57,57.41,969,97.95,7,2000,966.96,48.35,LOW,104.18,3.17,100952.52,SELL NOW
2025-07-31 08:00:00,FPO_Ahmedabad,Tomato,27.91,67.35,872,22.95,9,1500,1034.79,68.99,LOW,26.4,1.62,23021.21,STORE
2025-07-31 09:00:00,FPO_Karnal,Onion,18.27,77.73,375,26.43,8,1500,727.48,48.5,LOW,30.37,1.68,11388.53,STORE
2025-07-31 10:00:00,FPO_Lucknow,Cabbage,27.5,66.99,1004,29.4,8,500,500.0,100.0,MEDIUM,31.55,1.69,31677.27,SELL NOW
2025-07-31 11:00:00,FPO_Lucknow,Apple,31.94,54.24,1312,105.77,11,1000,1000.0,100.0,MEDIUM,99.97,3.22,131155.35,SELL NOW
2025-07-31 12:00:00,FPO_Surat,Potato,35.62,69.2,838,25.47,2,1000,440.86,44.09,LOW,28.15,3.56,23593.74,STORE
2025-07-31 13:00:00,FPO_Surat,Mango,34.53,59.14,1582,59.85,1,1000,881.93,88.19,LOW,63.12,1.51,99861.32,SELL NOW
2025-07-31 14:00:00,FPO_Lucknow,Tomato,36.12,73.73,1509,31.46,6,2000,1047.25,52.36,MEDIUM,29.99,3.71,45260.83,SELL NOW
2025-07-31 15:00:00,FPO_Nagpur,Onion,25.27,86.4,496,31.58,7,2000,638.05,31.9,LOW,32.19,3.21,15964.03,SELL NOW
2025-07-31 16:00:00,FPO_Surat,Cabbage,21.85,75.16,1483,21.99,6,2000,1137.21,56.86,LOW,28.5,2.28,42258.38,STORE
2025-07-31 17:00:00,FPO_Ahmedabad,Cabbage,32.89,52.64,674,20.42,7,1500,581.77,38.78,LOW,27.8,1.55,18739.66,STORE
2025-07-31 18:00:00,FPO_Karnal,Apple,24.9,69.53,1979,98.43,8,2000,1701.98,85.1,LOW,93.13,2.05,184304.31,SELL NOW
2025-07-31 19:00:00,FPO_Ahmedabad,Apple,28.04,30.0,1846,96.83,2,500,500.0,100.0,LOW,96.35,3.6,177856.66,SELL NOW
2025-07-31 20:00:00,FPO_Nagpur,Tomato,32.48,63.51,735,28.65,1,2000,282.6,14.13,LOW,35.63,3.81,26188.12,STORE
2025-07-31 21:00:00,FPO_Jaipur,Mango,40.13,79.1,1785,68.03,10,1500,1362.53,90.84,HIGH,64.71,3.76,115501.46,SELL NOW
2025-07-31 22:00:00,FPO_Nashik,Potato,31.17,71.03,1260,23.4,8,1000,1000.0,100.0,MEDIUM,25.75,2.04,32441.68,STORE
2025-07-31 23:00:00,FPO_Karnal,Mango,29.23,66.65,1404,67.35,8,500,500.0,100.0,MEDIUM,64.12,4.69,90024.52,SELL NOW
2025-08-01 00:00:00,FPO_Surat,Mango,21.27,95.0,1988,60.0,14,1500,1500.0,100.0,HIGH,58.56,2.94,116408.67,SELL NOW
2025-08-01 01:00:00,FPO_Karnal,Mango,35.02,39.43,224,59.16,8,2500,159.21,6.37,LOW,63.93,4.19,14319.21,SELL NOW
2025-08-01 02:00:00,FPO_Ahmedabad,Tomato,30.45,42.79,548,20.42,14,1000,763.32,76.33,LOW,26.56,2.08,14556.33,STORE
2025-08-01 03:00:00,FPO_Nashik,Tomato,25.92,72.23,836,31.2,10,2000,912.52,45.63,LOW,39.44,3.15,32969.8,STORE
2025-08-01 04:00:00,FPO_Indore,Potato,25.3,78.47,1766,18.72,7,1500,1488.21,99.21,MEDIUM,35.7,3.33,63050.5,STORE
2025-08-01 05:00:00,FPO_Indore,Mango,25.56,79.08,1972,55.7,2,2500,1269.05,50.76,LOW,57.75,4.2,113881.18,SELL NOW
2025-08-01 06:00:00,FPO_Surat,Tomato,28.26,56.41,426,22.93,4,1500,351.63,23.44,LOW,25.24,3.68,10752.8,STORE
2025-08-01 07:00:00,FPO_Nagpur,Potato,19.25,52.34,1571,23.77,9,2000,1428.79,71.44,LOW,33.17,2.9,52113.56,STORE
2025-08-01 08:00:00,FPO_Indore,Cabbage,35.31,50.13,237,22.11,8,1500,414.83,27.66,LOW,30.74,2.49,7285.7,STORE
2025-08-01 09:00:00,FPO_Karnal,Potato,34.21,69.83,1606,30.23,4,2500,995.86,39.83,LOW,35.96,4.91,57746.4,STORE
2025-08-01 10:00:00,FPO_Indore,Mango,27.0,50.25,769,65.6,8,1500,706.11,47.07,LOW,66.67,2.5,51268.4,SELL NOW
2025-08-01 11:00:00,FPO_Jaipur,Onion,25.57,81.72,435,27.33,10,500,500.0,100.0,MEDIUM,34.04,1.95,14805.28,STORE
2025-08-01 12:00:00,FPO_Jaipur,Mango,27.86,64.67,1404,48.13,13,500,500.0,100.0,MEDIUM,48.18,2.55,67650.83,SELL NOW
2025-08-01 13:00:00,FPO_Surat,Onion,28.88,54.44,313,30.59,6,2000,272.2,13.61,LOW,30.29,2.64,9482.06,SELL NOW
2025-08-01 14:00:00,FPO_Jaipur,Potato,26.2,54.51,505,20.45,11,2500,723.87,28.95,LOW,24.84,1.95,12541.71,STORE
2025-08-01 15:00:00,FPO_Indore,Cabbage,33.99,42.02,331,29.45,9,2500,307.66,12.31,LOW,42.79,3.98,14164.84,STORE
2025-08-01 16:00:00,FPO_Nagpur,Cabbage,19.46,53.09,547,25.07,1,2500,381.85,15.27,LOW,26.65,3.67,14575.53,SELL NOW
2025-08-01 17:00:00,FPO_Lucknow,Tomato,23.73,56.71,1403,33.75,6,2500,1150.92,46.04,LOW,37.05,2.61,51978.52,SELL NOW
2025-08-01 18:00:00,FPO_Lucknow,Cabbage,32.65,71.12,614,27.47,11,2500,911.5,36.46,MEDIUM,22.59,4.98,13867.66,SELL NOW
2025-08-01 19:00:00,FPO_Surat,Apple,29.95,63.51,1182,93.62,4,1000,889.21,88.92,LOW,92.09,3.79,108851.51,SELL NOW
2025-08-01 20:00:00,FPO_Nashik,Potato,23.92,52.1,1813,18.27,3,1500,1320.46,88.03,LOW,23.08,3.96,41850.47,STORE
2025-08-01 21:00:00,FPO_Lucknow,Tomato,30.4,46.62,931,25.73,5,2500,703.09,28.12,LOW,31.12,3.45,28974.63,STORE
2025-08-01 22:00:00,FPO_Lucknow,Cabbage,23.24,61.45,853,24.16,10,500,500.0,100.0,LOW,36.86,3.43,31441.13,STORE
2025-08-01 23:00:00,FPO_Jaipur,Potato,26.14,34.21,584,20.65,11,1500,635.76,42.38,LOW,18.42,1.57,10755.6,SELL NOW
2025-08-02 00:00:00,FPO_Jaipur,Mango,34.26,60.23,711,63.59,8,2000,637.12,31.86,LOW,67.28,4.2,47836.34,SELL NOW
2025-08-02 01:00:00,FPO_Indore,Cabbage,33.6,81.73,1266,27.51,11,2000,970.36,48.52,MEDIUM,28.25,4.69,35759.4,SELL NOW
2025-08-02 02:00:00,FPO_Surat,Onion,29.73,61.99,1703,27.89,10,2500,1372.4,54.9,LOW,32.32,1.93,55034.68,STORE
2025-08-02 03:00:00,FPO_Nashik,Potato,21.69,67.39,1341,25.31,6,1000,1000.0,100.0,LOW,25.64,4.28,34379.85,SELL NOW
2025-08-02 04:00:00,FPO_Surat,Tomato,25.73,65.57,1794,22.14,1,1000,1000.0,100.0,LOW,16.47,3.37,29555.7,SELL NOW
2025-08-02 05:00:00,FPO_Ahmedabad,Mango,28.58,44.22,260,63.5,6,1500,428.32,28.55,LOW,69.7,2.5,18123.13,SELL NOW
2025-08-02 06:00:00,FPO_Karnal,Apple,36.73,91.36,752,104.34,7,1000,726.55,72.65,HIGH,103.63,4.72,77933.03,SELL NOW
2025-08-02 07:00:00,FPO_Nashik,Mango,17.31,58.89,387,61.38,13,2000,731.65,36.58,LOW,63.21,1.56,24461.63,SELL NOW
2025-08-02 08:00:00,FPO_Nashik,Cabbage,22.77,64.95,652,27.63,6,2500,730.1,29.2,LOW,30.97,2.46,20190.31,STORE
2025-08-02 09:00:00,FPO_Nagpur,Onion,34.77,55.17,1046,33.29,3,500,500.0,100.0,LOW,36.16,4.6,37820.49,SELL NOW
2025-08-02 10:00:00,FPO_Surat,Mango,36.16,82.07,386,65.24,11,2000,706.11,35.31,MEDIUM,53.39,3.18,20608.12,SELL NOW
2025-08-02 11:00:00,FPO_Indore,Apple,27.58,43.12,1137,103.71,9,2000,1095.52,54.78,LOW,98.74,3.6,112272.95,SELL NOW
2025-08-02 12:00:00,FPO_Nagpur,Tomato,37.23,84.53,1687,34.04,13,1500,1500.0,100.0,HIGH,35.65,4.12,60143.27,SELL NOW
2025-08-02 13:00:00,FPO_Nashik,Potato,23.6,60.44,1963,14.14,10,1000,1000.0,100.0,LOW,28.65,2.02,56246.13,STORE
2025-08-02 14:00:00,FPO_Nashik,Onion,18.94,57.0,363,30.66,10,500,500.0,100.0,LOW,29.0,2.25,10525.67,SELL NOW
2025-08-02 15:00:00,FPO_Nashik,Apple,32.74,55.58,1647,99.77,4,500,500.0,100.0,LOW,100.9,5.0,166182.38,SELL NOW
2025-08-02 16:00:00,FPO_Lucknow,Cabbage,35.77,92.13,301,25.76,5,1000,524.79,52.48,MEDIUM,35.49,2.33,10681.63,STORE
2025-08-02 17:00:00,FPO_Surat,Cabbage,35.67,40.93,1490,29.5,5,2500,1006.88,40.28,LOW,36.03,3.39,53678.42,STORE
2025-08-02 18:00:00,FPO_Karnal,Cabbage,22.82,56.98,1859,25.64,3,1000,1000.0,100.0,LOW,30.76,2.55,57187.25,STORE
2025-08-02 19:00:00,FPO_Karnal,Onion,29.2,45.64,1376,30.44,12,2500,1163.26,46.53,LOW,34.05,4.48,46851.81,STORE
2025-08-02 20:00:00,FPO_Nagpur,Mango,33.04,37.81,1652,62.34,2,500,500.0,100.0,LOW,55.82,4.87,92210.92,SELL NOW
2025-08-02 21:00:00,FPO_Nashik,Onion,29.81,84.58,890,22.47,8,1500,965.72,64.38,MEDIUM,17.57,1.99,15634.51,SELL NOW
2025-08-02 22:00:00,FPO_Karnal,Cabbage,36.68,64.59,1650,32.78,7,2000,1172.68,58.63,MEDIUM,31.2,3.6,51484.74,SELL NOW
2025-08-02 23:00:00,FPO_Jaipur,Apple,25.57,47.59,777,99.48,5,500,500.0,100.0,LOW,100.48,4.34,78073.34,SELL NOW
2025-08-03 00:00:00,FPO_Surat,Potato,27.58,77.44,810,29.39,13,500,500.0,100.0,HIGH,38.42,4.38,31119.21,SELL NOW
2025-08-03 01:00:00,FPO_Karnal,Potato,29.42,58.99,735,17.73,1,500,193.46,38.69,LOW,20.89,3.04,15353.25,STORE
2025-08-03 02:00:00,FPO_Indore,Onion,33.0,55.3,1556,25.44,10,2000,1333.95,66.7,LOW,25.26,2.29,39298.89,SELL NOW
2025-08-03 03:00:00,FPO_Surat,Cabbage,26.83,73.63,960,23.86,1,2500,641.49,25.66,LOW,25.46,2.85,24440.33,SELL NOW
2025-08-03 04:00:00,FPO_Indore,Tomato,33.56,58.67,1900,28.18,8,1500,1299.62,86.64,MEDIUM,38.05,4.13,72297.91,STORE
2025-08-03 05:00:00,FPO_Karnal,Onion,37.63,50.56,1095,27.46,4,1500,841.12,56.07,LOW,31.1,4.98,34053.61,STORE
2025-08-03 06:00:00,FPO_Jaipur,Cabbage,24.89,75.43,1663,20.98,13,1500,1500.0,100.0,HIGH,27.32,3.44,45424.9,SELL NOW
2025-08-03 07:00:00,FPO_Indore,Mango,27.01,62.88,1829,61.85,4,2500,1077.24,43.09,LOW,62.43,2.18,114188.16,SELL NOW
2025-08-03 08:00:00,FPO_Lucknow,Potato,33.81,76.2,1170,29.25,14,1000,1000.0,100.0,HIGH,22.61,1.65,26455.29,SELL NOW
2025-08-03 09:00:00,FPO_Karnal,Potato,39.57,58.96,323,30.3,9,1000,284.23,28.42,LOW,36.57,4.8,11810.87,STORE
2025-08-03 10:00:00,FPO_Lucknow,Potato,31.82,80.29,1525,20.53,2,1500,1107.12,73.81,LOW,25.15,3.19,38349.26,STORE
2025-08-03 11:00:00,FPO_Karnal,Tomato,23.28,65.21,867,22.6,5,500,500.0,100.0,LOW,30.44,4.01,26392.07,STORE
2025-08-03 12:00:00,FPO_Ahmedabad,Cabbage,29.19,80.89,548,23.69,6,500,500.0,100.0,MEDIUM,27.11,3.81,14854.17,STORE
2025-08-03 13:00:00,FPO_Ahmedabad,Cabbage,33.76,80.4,448,33.56,6,2000,347.14,17.36,LOW,48.66,4.62,21798.3,STORE
2025-08-03 14:00:00,FPO_Ahmedabad,Cabbage,23.12,83.54,1494,30.14,10,1000,1000.0,100.0,MEDIUM,28.43,2.43,42480.38,SELL NOW
2025-08-03 15:00:00,FPO_Indore,Cabbage,21.53,66.02,1652,26.93,12,500,500.0,100.0,MEDIUM,24.49,3.05,40460.18,SELL NOW
2025-08-03 16:00:00,FPO_Lucknow,Tomato,25.93,70.74,1793,25.66,14,1500,1500.0,100.0,HIGH,27.75,4.7,49750.58,SELL NOW
2025-08-03 17:00:00,FPO_Lucknow,Apple,31.96,61.54,906,104.56,3,2000,744.79,37.24,LOW,106.08,3.55,96112.85,SELL NOW
2025-08-03 18:00:00,FPO_Lucknow,Onion,19.78,51.53,912,41.31,10,1000,928.98,92.9,LOW,43.34,1.75,39523.91,SELL NOW
2025-08-03 19:00:00,FPO_Jaipur,Onion,23.84,95.0,1807,29.29,6,2000,1378.33,68.92,MEDIUM,31.8,2.18,57453.96,SELL NOW
2025-08-03 20:00:00,FPO_Lucknow,Cabbage,29.64,53.72,1206,15.15,10,500,500.0,100.0,MEDIUM,16.54,2.33,19949.44,SELL NOW
2025-08-03 21:00:00,FPO_Jaipur,Mango,34.54,78.57,446,54.87,10,1500,408.2,27.21,MEDIUM,55.14,4.98,24594.07,SELL NOW
2025-08-03 22:00:00,FPO_Ahmedabad,Potato,29.74,75.89,680,22.31,5,1500,593.55,39.57,LOW,20.36,2.28,13844.36,SELL NOW
2025-08-03 23:00:00,FPO_Ahmedabad,Tomato,30.25,67.72,297,27.22,12,1500,629.83,41.99,MEDIUM,33.0,4.54,9801.6,STORE
2025-08-04 00:00:00,FPO_Indore,Mango,34.03,62.68,528,66.8,8,500,436.09,87.22,MEDIUM,75.76,1.77,40002.13,STORE
2025-08-04 01:00:00,FPO_Karnal,Mango,37.58,62.82,1816,57.04,4,2500,1164.96,46.6,LOW,76.52,2.14,138952.88,STORE
2025-08-04 02:00:00,FPO_Ahmedabad,Cabbage,36.91,55.14,1648,24.13,13,1500,1328.89,88.59,HIGH,28.97,4.55,47746.52,SELL NOW
2025-08-04 03:00:00,FPO_Karnal,Tomato,15.75,66.42,1800,24.76,10,2500,1480.79,59.23,LOW,33.41,4.65,60132.81,STORE
2025-08-04 04:00:00,FPO_Karnal,Onion,28.59,47.28,1647,33.89,10,1500,1341.33,89.42,LOW,37.98,2.12,62552.4,STORE
2025-08-04 05:00:00,FPO_Surat,Potato,33.48,76.21,1228,17.7,3,2500,949.13,37.97,LOW,24.23,2.3,29752.51,STORE
2025-08-04 06:00:00,FPO_Indore,Onion,38.2,61.57,658,28.83,6,1000,717.2,71.72,MEDIUM,31.47,3.36,20704.25,SELL NOW
2025-08-04 07:00:00,FPO_Nashik,Mango,31.85,50.57,995,52.38,10,1000,969.89,96.99,MEDIUM,53.94,1.68,53669.94,SELL NOW
2025-08-04 08:00:00,FPO_Nashik,Potato,22.84,45.85,792,19.36,14,1500,932.67,62.18,LOW,21.17,4.81,16767.91,SELL NOW
2025-08-04 09:00:00,FPO_Nagpur,Apple,23.64,63.02,697,108.31,9,2000,879.48,43.97,LOW,120.8,2.77,84195.36,STORE
2025-08-04 10:00:00,FPO_Surat,Mango,23.81,63.54,286,68.88,14,2000,563.17,28.16,LOW,80.79,3.21,23106.87,STORE
2025-08-04 11:00:00,FPO_Indore,Onion,29.85,57.23,601,33.37,8,500,500.0,100.0,MEDIUM,32.18,1.87,19340.94,SELL NOW
2025-08-04 12:00:00,FPO_Nagpur,Onion,25.12,72.54,1516,32.21,10,1000,1000.0,100.0,MEDIUM,37.71,1.61,57162.71,STORE
2025-08-04 13:00:00,FPO_Nagpur,Cabbage,15.0,70.23,1504,21.85,8,1000,1000.0,100.0,LOW,23.54,3.14,35409.86,SELL NOW
2025-08-04 14:00:00,FPO_Surat,Onion,20.93,65.85,396,31.0,3,2000,398.29,19.91,LOW,42.96,1.93,17012.56,STORE
2025-08-04 15:00:00,FPO_Nashik,Tomato,25.33,51.11,963,28.83,1,1500,541.49,36.1,LOW,25.89,3.71,24935.72,SELL NOW
2025-08-04 16:00:00,FPO_Indore,Mango,19.83,53.9,1306,60.09,3,500,500.0,100.0,LOW,68.78,4.28,89823.64,STORE
2025-08-04 17:00:00,FPO_Nashik,Potato,20.72,44.05,226,26.03,14,1000,596.38,59.64,LOW,29.53,1.61,6674.6,STORE
2025-08-04 18:00:00,FPO_Nagpur,Onion,40.31,62.13,1917,25.28,3,500,500.0,100.0,MEDIUM,19.01,3.64,36435.77,SELL NOW
2025-08-04 19:00:00,FPO_Indore,Cabbage,27.95,73.41,334,37.81,14,1000,720.32,72.03,MEDIUM,50.42,4.35,16839.88,STORE
2025-08-04 20:00:00,FPO_Nagpur,Cabbage,25.68,46.83,1313,33.12,12,2500,1279.98,51.2,LOW,27.47,3.04,36066.9,SELL NOW
2025-08-04 21:00:00,FPO_Lucknow,Onion,32.0,56.58,405,25.94,6,2500,426.18,17.05,LOW,23.84,4.86,9654.91,SELL NOW
2025-08-04 22:00:00,FPO_Surat,Tomato,34.88,64.21,1250,28.54,13,500,500.0,100.0,HIGH,25.32,1.89,31652.02,SELL NOW
2025-08-04 23:00:00,FPO_Karnal,Cabbage,41.44,73.39,1601,22.01,3,2000,973.34,48.67,MEDIUM,31.51,2.63,50453.86,STORE
2025-08-05 00:00:00,FPO_Indore,Potato,38.23,42.85,1794,25.18,2,2000,967.32,48.37,LOW,25.13,2.31,45087.66,SELL NOW
2025-08-05 01:00:00,FPO_Indore,Mango,30.61,95.0,1807,59.55,12,1000,1000.0,100.0,HIGH,56.74,4.99,102527.99,SELL NOW
2025-08-05 02:00:00,FPO_Karnal,Apple,18.8,76.29,1638,90.59,9,2500,1446.63,57.87,LOW,96.66,2.53,158323.44,SELL NOW
2025-08-05 03:00:00,FPO_Nagpur,Tomato,21.99,56.01,1450,23.4,6,2500,1030.36,41.21,LOW,20.85,2.86,30235.74,SELL NOW
2025-08-05 04:00:00,FPO_Lucknow,Cabbage,25.59,48.94,802,31.63,5,500,500.0,100.0,LOW,36.96,4.47,29642.43,STORE
2025-08-05 05:00:00,FPO_Jaipur,Mango,31.04,69.25,1291,58.91,12,500,500.0,100.0,HIGH,63.73,4.75,82274.82,SELL NOW
2025-08-05 06:00:00,FPO_Karnal,Apple,28.57,72.08,561,98.86,3,2000,405.25,20.26,LOW,103.13,4.78,57853.23,SELL NOW
2025-08-05 07:00:00,FPO_Surat,Onion,19.16,50.15,1483,33.35,7,2000,1260.85,63.04,LOW,26.61,3.45,39457.99,SELL NOW
2025-08-05 08:00:00,FPO_Nashik,Onion,18.09,48.29,857,34.7,7,2000,785.54,39.28,LOW,43.51,3.82,37291.56,STORE
2025-08-05 09:00:00,FPO_Nagpur,Potato,29.55,51.6,1286,21.55,4,1500,1056.94,70.46,LOW,31.88,2.72,41001.97,STORE
2025-08-05 10:00:00,FPO_Karnal,Apple,28.72,65.97,1171,89.17,10,2500,1298.7,51.95,LOW,96.91,3.63,113486.21,SELL NOW
2025-08-05 11:00:00,FPO_Karnal,Onion,26.74,66.16,1915,25.98,2,2500,1268.69,50.75,LOW,32.78,2.56,62781.56,STORE
2025-08-05 12:00:00,FPO_Indore,Onion,30.9,95.0,1179,19.28,2,500,500.0,100.0,MEDIUM,21.42,4.11,25254.93,STORE
2025-08-05 13:00:00,FPO_Nashik,Cabbage,35.48,32.53,1846,18.0,13,2500,1292.31,51.69,LOW,29.64,2.58,54709.7,STORE
2025-08-05 14:00:00,FPO_Nashik,Potato,29.86,54.92,1926,22.39,12,500,500.0,100.0,MEDIUM,18.46,4.58,35552.09,SELL NOW
2025-08-05 15:00:00,FPO_Surat,Mango,22.35,57.06,1140,60.23,8,1500,940.99,62.73,LOW,51.89,2.0,59153.73,SELL NOW
2025-08-05 16:00:00,FPO_Nashik,Onion,39.49,72.3,1107,36.38,4,2000,706.48,35.32,LOW,45.62,3.5,50496.94,STORE
2025-08-05 17:00:00,FPO_Karnal,Tomato,26.94,72.9,1615,27.84,7,1500,1227.95,81.86,LOW,22.07,3.32,35641.16,SELL NOW
2025-08-05 18:00:00,FPO_Jaipur,Tomato,28.3,62.01,445,23.61,3,2000,321.2,16.06,LOW,32.1,2.42,14286.33,STORE
2025-08-05 19:00:00,FPO_Ahmedabad,Mango,24.08,87.66,477,66.01,9,2000,647.72,32.39,LOW,61.92,1.6,29535.37,SELL NOW
2025-08-05 20:00:00,FPO_Nagpur,Apple,21.55,48.26,546,108.76,10,500,500.0,100.0,LOW,114.96,2.02,62768.79,SELL NOW
2025-08-05 21:00:00,FPO_Ahmedabad,Potato,22.04,54.56,571,26.58,9,2000,398.91,19.95,LOW,25.88,4.89,14779.71,SELL NOW
2025-08-05 22:00:00,FPO_Karnal,Cabbage,20.72,45.27,1008,24.66,7,1500,851.45,56.76,LOW,29.63,4.79,29868.43,STORE
2025-08-05 23:00:00,FPO_Ahmedabad,Tomato,15.0,62.8,1048,26.46,7,1000,1000.0,100.0,LOW,36.52,1.92,38269.32,STORE
2025-08-06 00:00:00,FPO_Karnal,Tomato,27.06,60.02,322,22.04,1,500,138.83,27.77,LOW,20.85,2.81,6715.07,SELL NOW
2025-08-06 01:00:00,FPO_Ahmedabad,Mango,34.61,76.79,1280,56.05,10,2000,1194.3,59.72,MEDIUM,67.33,3.13,86187.43,STORE
2025-08-06 02:00:00,FPO_Nashik,Apple,22.09,92.8,359,97.76,8,2000,623.95,31.2,LOW,100.85,3.17,36203.48,SELL NOW
2025-08-06 03:00:00,FPO_Lucknow,Apple,43.36,87.36,1350,93.38,2,2500,790.94,31.64,MEDIUM,96.96,2.55,130898.21,SELL NOW
2025-08-06 04:00:00,FPO_Nashik,Mango,36.32,46.66,936,58.33,8,500,500.0,100.0,MEDIUM,67.26,4.7,62951.68,STORE
2025-08-06 05:00:00,FPO_Nashik,Tomato,27.89,65.8,1830,26.59,11,500,500.0,100.0,MEDIUM,36.16,4.68,66170.12,STORE
2025-08-06 06:00:00,FPO_Surat,Potato,21.33,76.62,1534,28.37,13,1500,1500.0,100.0,MEDIUM,31.04,1.57,47621.02,SELL NOW
2025-08-06 07:00:00,FPO_Indore,Tomato,18.42,75.03,717,19.9,2,1000,539.73,53.97,LOW,15.24,3.78,10926.96,SELL NOW
2025-08-06 08:00:00,FPO_Indore,Apple,27.32,95.0,1134,100.86,1,1500,914.55,60.97,LOW,104.11,1.76,118064.3,SELL NOW
2025-08-06 09:00:00,FPO_Ahmedabad,Cabbage,28.41,61.7,1488,18.2,11,1500,1261.53,84.1,MEDIUM,13.67,3.59,20344.63,SELL NOW
2025-08-06 10:00:00,FPO_Karnal,Tomato,26.77,66.17,945,18.22,8,1500,982.02,65.47,LOW,20.78,4.53,19635.08,STORE
2025-08-06 11:00:00,FPO_Surat,Potato,34.42,95.0,487,19.53,4,1000,496.52,49.65,MEDIUM,20.77,3.77,10115.4,SELL NOW
2025-08-06 12:00:00,FPO_Nashik,Onion,36.98,71.3,619,30.09,11,1500,853.39,56.89,MEDIUM,25.88,3.14,16021.48,SELL NOW
2025-08-06 13:00:00,FPO_Surat,Tomato,30.84,56.04,1751,34.36,10,500,500.0,100.0,MEDIUM,32.94,4.85,57675.14,SELL NOW
2025-08-06 14:00:00,FPO_Ahmedabad,Mango,31.16,50.38,339,58.65,6,1000,335.02,33.5,LOW,68.04,4.11,23066.0,STORE
2025-08-06 15:00:00,FPO_Indore,Onion,26.11,68.14,906,27.31,10,2000,746.0,37.3,LOW,28.69,2.37,25992.46,SELL NOW
2025-08-06 16:00:00,FPO_Lucknow,Mango,27.97,81.0,897,56.49,13,2500,1062.65,42.51,MEDIUM,57.2,2.85,51305.32,SELL NOW
2025-08-06 17:00:00,FPO_Nagpur,Mango,30.47,80.81,1186,57.41,11,2500,1130.64,45.23,MEDIUM,63.1,4.16,74837.94,SELL NOW
2025-08-06 18:00:00,FPO_Ahmedabad,Mango,26.1,51.92,674,42.39,10,500,500.0,100.0,LOW,53.59,1.57,36117.65,STORE
2025-08-06 19:00:00,FPO_Surat,Tomato,31.97,66.55,1860,23.9,1,2500,1209.27,48.37,LOW,23.99,1.72,44613.33,SELL NOW
2025-08-06 20:00:00,FPO_Lucknow,Apple,21.66,58.24,1752,104.01,9,2500,1533.46,61.34,LOW,112.86,4.51,197727.93,SELL NOW
2025-08-06 21:00:00,FPO_Nagpur,Onion,23.61,62.78,588,17.73,11,2500,907.08,36.28,LOW,20.72,1.65,12185.62,STORE
2025-08-06 22:00:00,FPO_Jaipur,Potato,21.72,78.58,710,19.92,7,2000,902.45,45.12,LOW,32.58,3.87,23133.14,STORE
2025-08-06 23:00:00,FPO_Ahmedabad,Apple,23.99,64.25,737,98.56,5,2500,646.2,25.85,LOW,106.89,2.62,78778.24,SELL NOW
2025-08-07 00:00:00,FPO_Ahmedabad,Tomato,26.28,74.79,412,31.58,6,1500,704.84,46.99,LOW,32.76,4.39,13496.37,SELL NOW
2025-08-07 01:00:00,FPO_Jaipur,Mango,34.17,75.24,1096,60.58,3,500,500.0,100.0,MEDIUM,64.97,4.47,71206.1,SELL NOW
2025-08-07 02:00:00,FPO_Jaipur,Potato,28.25,55.84,1736,24.11,13,500,500.0,100.0,MEDIUM,23.1,4.84,40105.93,SELL NOW
2025-08-07 03:00:00,FPO_Ahmedabad,Onion,20.29,83.43,1488,26.27,9,500,500.0,100.0,MEDIUM,30.08,1.83,44765.59,STORE
2025-08-07 04:00:00,FPO_Jaipur,Apple,19.59,48.57,1566,91.21,2,2000,1162.91,58.15,LOW,90.07,2.98,141050.21,SELL NOW
2025-08-07 05:00:00,FPO_Nashik,Cabbage,25.5,46.05,1261,22.35,12,2000,1077.38,53.87,LOW,21.9,3.51,27619.1,SELL NOW
2025-08-07 06:00:00,FPO_Nagpur,Apple,33.01,57.84,432,99.29,10,2500,602.13,24.09,LOW,108.14,4.71,46716.22,SELL NOW
2025-08-07 07:00:00,FPO_Nagpur,Potato,36.42,50.37,459,27.79,1,1500,107.74,7.18,LOW,31.93,2.43,14656.45,STORE
2025-08-07 08:00:00,FPO_Nagpur,Tomato,18.46,74.08,507,20.86,14,2500,790.47,31.62,LOW,25.68,1.75,13018.47,STORE
2025-08-07 09:00:00,FPO_Nashik,Onion,30.23,95.0,602,40.44,1,500,372.8,74.56,MEDIUM,40.96,2.21,24657.7,SELL NOW
2025-08-07 10:00:00,FPO_Karnal,Potato,25.59,81.92,1196,22.86,10,1500,1218.25,81.22,MEDIUM,24.32,3.23,29081.86,SELL NOW
2025-08-07 11:00:00,FPO_Jaipur,Mango,26.05,52.75,1484,56.19,2,500,500.0,100.0,LOW,57.42,3.88,85204.16,SELL NOW
2025-08-07 12:00:00,FPO_Lucknow,Onion,21.61,50.03,1699,25.93,6,1500,1340.54,89.37,LOW,25.99,3.92,44154.96,SELL NOW
2025-08-07 13:00:00,FPO_Jaipur,Apple,26.68,79.66,949,99.2,6,1000,874.53,87.45,MEDIUM,99.07,1.76,94012.76,SELL NOW
2025-08-07 14:00:00,FPO_Ahmedabad,Potato,21.34,47.24,1329,21.66,9,2000,1101.42,55.07,LOW,20.34,4.16,27027.08,SELL NOW
2025-08-07 15:00:00,FPO_Indore,Apple,26.4,50.23,1470,100.07,10,2000,1172.8,58.64,LOW,96.16,3.81,141353.92,SELL NOW
2025-08-07 16:00:00,FPO_Surat,Apple,34.89,70.54,503,103.19,4,500,295.94,59.19,LOW,105.81,2.93,53222.18,SELL NOW
2025-08-07 17:00:00,FPO_Surat,Apple,31.79,56.87,542,96.69,8,500,439.12,87.82,LOW,94.93,3.5,51454.47,SELL NOW
2025-08-07 18:00:00,FPO_Nagpur,Tomato,39.48,66.79,1670,28.53,4,1000,1000.0,100.0,MEDIUM,39.83,4.19,66523.29,STORE
2025-08-07 19:00:00,FPO_Jaipur,Apple,31.16,60.04,1261,98.33,3,2500,749.63,29.99,LOW,94.64,2.42,119336.37,SELL NOW
2025-08-07 20:00:00,FPO_Lucknow,Mango,29.05,64.58,1054,68.23,4,1500,693.25,46.22,LOW,69.21,4.79,72950.96,SELL NOW
2025-08-07 21:00:00,FPO_Ahmedabad,Mango,31.32,78.12,1269,50.96,1,1000,743.84,74.38,LOW,57.63,1.98,73133.49,STORE
2025-08-07 22:00:00,FPO_Nashik,Onion,23.35,74.32,1945,40.73,9,1000,1000.0,100.0,MEDIUM,33.02,4.66,64220.07,SELL NOW
2025-08-07 23:00:00,FPO_Karnal,Cabbage,15.48,78.76,1828,20.58,11,500,500.0,100.0,MEDIUM,27.45,4.09,50182.39,STORE
2025-08-08 00:00:00,FPO_Nashik,Apple,32.78,74.59,1443,94.57,5,500,500.0,100.0,MEDIUM,93.45,3.81,134847.75,SELL NOW
2025-08-08 01:00:00,FPO_Lucknow,Apple,17.23,75.63,455,98.52,7,2500,613.43,24.54,LOW,96.11,1.79,43731.76,SELL NOW
2025-08-08 02:00:00,FPO_Ahmedabad,Potato,34.73,64.97,336,23.08,3,2500,228.81,9.15,LOW,29.01,4.72,9745.74,STORE
2025-08-08 03:00:00,FPO_Nagpur,Tomato,32.5,43.18,1454,26.18,5,500,500.0,100.0,LOW,32.68,2.53,47514.64,STORE
2025-08-08 04:00:00,FPO_Jaipur,Cabbage,22.9,63.39,1017,27.99,13,2000,1133.12,56.66,LOW,25.46,4.11,25889.95,SELL NOW
2025-08-08 05:00:00,FPO_Ahmedabad,Onion,25.38,69.74,1937,27.75,10,2500,1733.58,69.34,LOW,29.08,4.6,56321.15,SELL NOW
2025-08-08 06:00:00,FPO_Surat,Cabbage,27.93,66.11,1801,21.78,14,1000,1000.0,100.0,HIGH,30.82,2.35,55511.97,SELL NOW
2025-08-08 07:00:00,FPO_Karnal,Apple,22.47,71.3,1172,95.38,4,500,500.0,100.0,LOW,96.16,4.7,112696.28,SELL NOW
2025-08-08 08:00:00,FPO_Nashik,Potato,31.24,95.0,237,28.3,7,1500,425.21,28.35,MEDIUM,26.28,3.64,6228.61,SELL NOW
2025-08-08 09:00:00,FPO_Karnal,Tomato,31.77,57.48,1378,29.92,5,1500,981.63,65.44,LOW,32.3,3.81,44508.82,SELL NOW
2025-08-08 10:00:00,FPO_Karnal,Onion,19.34,58.93,1726,24.22,2,2000,1065.65,53.28,LOW,26.75,4.7,46167.12,STORE
2025-08-08 11:00:00,FPO_Lucknow,Cabbage,23.06,83.13,304,22.74,3,500,209.83,41.97,LOW,24.44,3.34,7431.15,SELL NOW
2025-08-08 12:00:00,FPO_Lucknow,Onion,27.78,66.87,454,23.38,8,1000,539.39,53.94,LOW,28.63,3.04,12995.79,STORE
2025-08-08 13:00:00,FPO_Jaipur,Apple,34.84,71.82,1627,113.63,3,2000,1237.84,61.89,LOW,113.41,3.72,184515.05,SELL NOW
2025-08-08 14:00:00,FPO_Lucknow,Onion,31.91,56.12,687,30.92,7,1000,753.08,75.31,LOW,37.07,3.44,25465.49,STORE
2025-08-08 15:00:00,FPO_Lucknow,Potato,15.0,54.01,657,12.05,5,1500,532.37,35.49,LOW,13.2,1.72,8674.8,SELL NOW
2025-08-08 16:00:00,FPO_Ahmedabad,Onion,26.25,46.89,727,23.2,7,1000,605.2,60.52,LOW,19.0,2.13,13813.26,SELL NOW
2025-08-08 17:00:00,FPO_Surat,Mango,30.84,67.59,790,53.75,10,1500,835.82,55.72,MEDIUM,64.69,1.55,51107.91,STORE
2025-08-08 18:00:00,FPO_Nagpur,Potato,23.2,50.32,724,23.46,9,2500,781.35,31.25,LOW,18.76,1.88,13578.96,SELL NOW
2025-08-08 19:00:00,FPO_Jaipur,Cabbage,22.74,48.48,569,16.51,7,1500,481.04,32.07,LOW,23.65,4.05,13458.22,STORE
2025-08-08 20:00:00,FPO_Ahmedabad,Tomato,23.52,74.92,301,21.17,14,1500,892.5,59.5,MEDIUM,23.37,1.52,7032.99,STORE
2025-08-08 21:00:00,FPO_Nagpur,Tomato,26.15,55.48,1115,26.74,6,2000,834.94,41.75,LOW,29.85,2.57,33279.27,STORE
2025-08-08 22:00:00,FPO_Karnal,Apple,22.13,47.0,863,99.59,12,2000,981.82,49.09,LOW,98.23,3.07,84768.35,SELL NOW
2025-08-08 23:00:00,FPO_Ahmedabad,Apple,31.96,45.45,889,97.23,13,500,500.0,100.0,MEDIUM,97.8,4.78,86944.15,SELL NOW
2025-08-09 00:00:00,FPO_Indore,Mango,22.84,78.68,798,57.92,1,500,500.0,100.0,LOW,64.9,2.64,51793.55,STORE
2025-08-09 01:00:00,FPO_Ahmedabad,Cabbage,21.78,63.4,799,17.82,4,1500,750.96,50.06,LOW,15.28,4.24,12208.96,SELL NOW
2025-08-09 02:00:00,FPO_Lucknow,Tomato,25.61,59.01,740,30.23,8,2500,831.67,33.27,LOW,30.72,2.93,22730.04,SELL NOW
2025-08-09 03:00:00,FPO_Nagpur,Tomato,36.87,67.57,1735,17.99,1,500,500.0,100.0,MEDIUM,26.27,1.84,45586.5,STORE
2025-08-09 04:00:00,FPO_Jaipur,Tomato,31.15,66.14,588,27.18,6,1500,453.1,30.21,LOW,27.25,1.85,16021.2,SELL NOW
2025-08-09 05:00:00,FPO_Jaipur,Tomato,31.53,57.06,562,36.9,2,2000,219.66,10.98,LOW,40.05,3.01,22505.93,SELL NOW
2025-08-09 06:00:00,FPO_Nagpur,Onion,29.72,59.99,1130,28.17,13,500,500.0,100.0,MEDIUM,31.72,1.7,35845.77,STORE
2025-08-09 07:00:00,FPO_Lucknow,Cabbage,22.32,75.96,811,18.0,9,500,500.0,100.0,MEDIUM,16.65,3.5,13505.72,SELL NOW
2025-08-09 08:00:00,FPO_Nashik,Potato,24.16,77.37,1338,21.42,8,1500,1098.75,73.25,LOW,26.53,3.23,35503.35,STORE
2025-08-09 09:00:00,FPO_Ahmedabad,Potato,23.14,52.43,921,20.46,9,1500,980.03,65.34,LOW,23.09,3.96,21267.98,STORE
2025-08-09 10:00:00,FPO_Lucknow,Mango,34.55,84.2,542,60.92,9,1000,552.9,55.29,MEDIUM,59.92,2.15,32474.65,SELL NOW
2025-08-09 11:00:00,FPO_Indore,Onion,29.77,95.0,1297,30.84,14,1000,1000.0,100.0,HIGH,37.0,3.58,47995.36,SELL NOW
2025-08-09 12:00:00,FPO_Surat,Tomato,18.0,60.63,334,32.81,13,2500,669.25,26.77,LOW,36.54,2.11,12203.41,STORE
2025-08-09 13:00:00,FPO_Karnal,Tomato,36.72,60.27,1139,25.49,2,500,500.0,100.0,LOW,28.14,4.03,32053.3,STORE
2025-08-09 14:00:00,FPO_Nagpur,Apple,26.01,51.53,1177,95.82,2,1000,777.07,77.71,LOW,97.27,2.58,114485.2,SELL NOW
2025-08-09 15:00:00,FPO_Surat,Apple,31.92,54.97,1813,95.95,9,1500,1250.59,83.37,LOW,91.62,3.65,166102.39,SELL NOW
2025-08-09 16:00:00,FPO_Ahmedabad,Mango,34.31,69.85,579,56.72,2,500,283.0,56.6,LOW,58.95,4.59,34132.23,SELL NOW
2025-08-09 17:00:00,FPO_Jaipur,Tomato,15.0,95.0,1713,29.43,4,1000,1000.0,100.0,LOW,21.32,3.21,36529.57,SELL NOW
2025-08-09 18:00:00,FPO_Karnal,Mango,30.73,75.93,1348,53.08,2,2500,859.67,34.39,LOW,59.77,2.17,80570.33,STORE
2025-08-09 19:00:00,FPO_Surat,Onion,26.48,60.02,237,25.27,1,2500,175.97,7.04,LOW,22.5,4.6,5332.35,SELL NOW
2025-08-09 20:00:00,FPO_Nashik,Potato,15.0,58.63,980,22.25,12,2500,869.71,34.79,LOW,27.95,2.76,27389.76,STORE
2025-08-09 21:00:00,FPO_Surat,Tomato,21.2,55.04,509,34.02,13,2500,800.77,32.03,LOW,30.01,4.06,15276.59,SELL NOW
2025-08-09 22:00:00,FPO_Indore,Cabbage,25.27,80.9,305,20.58,11,1500,426.19,28.41,LOW,17.1,2.62,5214.84,SELL NOW
2025-08-09 23:00:00,FPO_Jaipur,Onion,33.07,61.35,755,31.75,14,2500,936.01,37.44,MEDIUM,31.04,2.54,23433.46,SELL NOW
2025-08-10 00:00:00,FPO_Nagpur,Tomato,26.94,71.81,1448,26.96,10,2000,1211.05,60.55,LOW,39.28,3.75,56873.19,STORE
2025-08-10 01:00:00,FPO_Ahmedabad,Cabbage,28.89,61.45,1465,27.52,7,2500,1163.95,46.56,LOW,28.34,2.05,41513.47,SELL NOW
2025-08-10 02:00:00,FPO_Nagpur,Apple,25.86,95.0,596,100.3,12,1000,752.1,75.21,HIGH,111.68,4.53,66558.49,SELL NOW
2025-08-10 03:00:00,FPO_Karnal,Mango,34.53,56.99,352,60.14,11,500,445.61,89.12,MEDIUM,65.45,2.86,23039.39,SELL NOW
2025-08-10 04:00:00,FPO_Ahmedabad,Apple,31.13,54.45,735,112.76,5,1000,362.45,36.24,LOW,114.47,1.57,84132.99,SELL NOW
2025-08-10 05:00:00,FPO_Lucknow,Potato,28.98,57.77,1859,36.65,3,500,500.0,100.0,LOW,40.51,2.57,75315.16,STORE
2025-08-10 06:00:00,FPO_Nashik,Apple,21.14,71.36,1195,98.68,8,1500,1241.84,82.79,LOW,103.36,4.25,123510.62,SELL NOW
2025-08-10 07:00:00,FPO_Lucknow,Tomato,28.72,86.52,1165,23.41,5,500,500.0,100.0,MEDIUM,28.63,4.51,33356.25,STORE
2025-08-10 08:00:00,FPO_Lucknow,Cabbage,44.69,71.39,1625,26.21,1,2000,823.48,41.17,LOW,35.84,3.49,58234.14,STORE
2025-08-10 09:00:00,FPO_Nagpur,Apple,32.77,75.6,1996,103.02,9,2500,1543.17,61.73,MEDIUM,106.45,2.53,212479.7,SELL NOW
2025-08-10 10:00:00,FPO_Karnal,Tomato,23.56,73.51,1369,34.6,14,1000,1000.0,100.0,HIGH,40.67,3.35,55678.88,SELL NOW
2025-08-10 11:00:00,FPO_Nashik,Potato,39.11,40.02,1414,10.78,14,500,500.0,100.0,MEDIUM,23.56,4.43,33317.15,STORE
2025-08-10 12:00:00,FPO_Surat,Cabbage,23.3,64.76,1092,22.95,5,1000,835.09,83.51,LOW,18.1,2.61,19767.73,SELL NOW
2025-08-10 13:00:00,FPO_Ahmedabad,Apple,32.29,60.24,1900,97.46,3,2500,1106.74,44.27,LOW,99.88,2.85,189773.84,SELL NOW
2025-08-10 14:00:00,FPO_Ahmedabad,Mango,27.72,62.88,782,55.96,6,1500,772.87,51.52,LOW,62.97,3.39,49243.08,STORE
2025-08-10 15:00:00,FPO_Indore,Mango,29.09,52.66,400,52.52,8,2500,414.45,16.58,LOW,48.59,4.6,19434.11,SELL NOW
2025-08-10 16:00:00,FPO_Jaipur,Cabbage,29.31,78.02,211,23.88,2,1500,50.0,5.0,LOW,22.02,3.54,4647.09,SELL NOW
2025-08-10 17:00:00,FPO_Indore,Mango,26.51,65.73,1275,63.52,11,1000,1000.0,100.0,MEDIUM,61.82,2.23,78821.57,SELL NOW
2025-08-10 18:00:00,FPO_Surat,Apple,25.66,65.64,967,93.78,14,1500,1075.79,71.72,MEDIUM,98.69,1.81,95435.62,SELL NOW
2025-08-10 19:00:00,FPO_Indore,Apple,20.1,62.79,1525,100.44,3,1500,1072.97,71.53,LOW,106.07,1.83,161753.88,SELL NOW
2025-08-10 20:00:00,FPO_Ahmedabad,Cabbage,21.25,55.56,1523,27.1,7,1500,1244.29,82.95,LOW,25.69,4.83,39122.7,SELL NOW
2025-08-10 21:00:00,FPO_Nagpur,Apple,30.0,38.27,1119,108.22,2,1500,650.84,43.39,LOW,113.36,4.38,126848.91,SELL NOW
2025-08-10 22:00:00,FPO_Lucknow,Tomato,23.9,69.08,720,31.18,11,1500,981.13,65.41,LOW,30.93,4.18,22271.98,SELL NOW
2025-08-10 23:00:00,FPO_Karnal,Potato,22.54,66.7,1363,21.57,11,500,500.0,100.0,MEDIUM,30.85,3.24,42051.63,STORE
2025-08-11 00:00:00,FPO_Lucknow,Mango,44.96,73.01,299,61.56,12,1500,396.6,26.44,HIGH,67.11,3.85,20067.05,SELL NOW
2025-08-11 01:00:00,FPO_Lucknow,Tomato,42.94,66.08,1708,31.81,5,1500,1217.12,81.14,MEDIUM,38.49,1.95,65735.85,STORE
2025-08-11 02:00:00,FPO_Nashik,Cabbage,31.48,48.81,1360,25.6,9,2500,1343.09,53.72,LOW,36.55,3.67,49706.38,STORE
2025-08-11 03:00:00,FPO_Ahmedabad,Mango,32.33,53.08,1070,63.93,14,2500,1319.99,52.8,MEDIUM,70.39,4.34,75322.41,STORE
2025-08-11 04:00:00,FPO_Surat,Tomato,23.13,85.09,565,26.34,7,2500,755.71,30.23,LOW,26.49,1.72,14966.36,SELL NOW
2025-08-11 05:00:00,FPO_Surat,Apple,20.89,69.78,1757,106.0,14,1500,1500.0,100.0,MEDIUM,109.62,2.54,192604.02,SELL NOW
2025-08-11 06:00:00,FPO_Karnal,Cabbage,25.96,77.05,1730,22.45,14,2500,1584.58,63.38,MEDIUM,18.9,1.89,32688.81,SELL NOW
2025-08-11 07:00:00,FPO_Nagpur,Cabbage,28.0,78.78,856,21.57,13,500,500.0,100.0,HIGH,19.05,2.41,16310.32,SELL NOW
2025-08-11 08:00:00,FPO_Nashik,Mango,32.28,50.24,360,57.66,3,1000,57.38,5.74,LOW,63.64,4.2,22909.85,STORE
2025-08-11 09:00:00,FPO_Jaipur,Apple,17.02,59.89,960,95.15,2,2500,805.83,32.23,LOW,106.52,2.66,102255.83,STORE
2025-08-11 10:00:00,FPO_Nagpur,Mango,40.88,75.22,374,63.77,10,2500,623.81,24.95,MEDIUM,72.14,3.91,26979.47,STORE
2025-08-11 11:00:00,FPO_Indore,Onion,29.49,52.77,1311,22.14,9,500,500.0,100.0,LOW,26.85,4.21,35195.1,STORE
2025-08-11 12:00:00,FPO_Nagpur,Tomato,18.7,58.88,1622,25.83,9,2000,1605.65,80.28,LOW,21.32,4.36,34573.78,SELL NOW
2025-08-11 13:00:00,FPO_Nagpur,Onion,28.94,57.21,1703,31.62,9,2000,1634.63,81.73,LOW,35.3,4.56,60111.38,STORE
2025-08-11 14:00:00,FPO_Lucknow,Tomato,22.59,53.93,744,28.06,10,500,500.0,100.0,LOW,26.03,3.59,19367.3,SELL NOW
2025-08-11 15:00:00,FPO_Nagpur,Potato,22.16,63.05,676,21.79,3,2500,489.19,19.57,LOW,26.74,2.48,18074.88,STORE
2025-08-11 16:00:00,FPO_Surat,Cabbage,21.63,57.71,482,24.29,1,1000,262.61,26.26,LOW,20.66,2.03,9960.32,SELL NOW
2025-08-11 17:00:00,FPO_Indore,Mango,26.46,59.02,1961,60.82,9,2500,1632.43,65.3,LOW,64.64,3.26,126757.3,SELL NOW
2025-08-11 18:00:00,FPO_Indore,Potato,40.62,69.03,1156,16.99,7,500,500.0,100.0,HIGH,17.4,1.86,20114.45,SELL NOW
2025-08-11 19:00:00,FPO_Ahmedabad,Potato,28.56,79.97,651,19.6,2,500,438.93,87.79,LOW,23.03,4.69,14991.22,STORE
2025-08-11 20:00:00,FPO_Nagpur,Cabbage,32.16,76.47,1847,23.71,6,1500,1266.7,84.45,MEDIUM,24.06,3.05,44438.37,SELL NOW
2025-08-11 21:00:00,FPO_Lucknow,Cabbage,33.63,67.65,281,27.28,11,500,330.47,66.09,MEDIUM,22.45,4.56,6309.34,SELL NOW
2025-08-11 22:00:00,FPO_Nagpur,Tomato,27.13,89.59,1436,32.71,9,1500,1195.76,79.72,MEDIUM,40.83,3.98,58638.05,STORE
2025-08-11 23:00:00,FPO_Jaipur,Onion,21.03,74.89,1015,29.34,8,500,500.0,100.0,MEDIUM,30.86,4.5,31319.52,SELL NOW
2025-08-12 00:00:00,FPO_Jaipur,Apple,18.41,77.07,719,103.67,11,1500,1045.34,69.69,LOW,104.51,4.59,75140.89,SELL NOW
2025-08-12 01:00:00,FPO_Lucknow,Tomato,25.68,62.55,333,28.45,12,1500,561.44,37.43,LOW,30.75,1.69,10240.59,SELL NOW
2025-08-12 02:00:00,FPO_Ahmedabad,Apple,34.86,59.2,646,99.65,6,2500,221.84,8.87,LOW,99.37,4.04,64190.18,SELL NOW
2025-08-12 03:00:00,FPO_Ahmedabad,Potato,33.61,70.64,317,25.92,6,1500,293.55,19.57,LOW,25.63,2.29,8124.93,SELL NOW
2025-08-12 04:00:00,FPO_Indore,Apple,29.54,78.59,1819,92.76,8,2000,1428.51,71.43,MEDIUM,102.95,4.96,187267.32,STORE
2025-08-12 05:00:00,FPO_Indore,Onion,30.33,67.62,1993,32.21,9,500,500.0,100.0,MEDIUM,35.62,4.22,70994.75,STORE
2025-08-12 06:00:00,FPO_Nashik,Tomato,27.18,55.5,1466,24.57,8,1000,923.63,92.36,LOW,25.38,1.51,37214.29,SELL NOW
2025-08-12 07:00:00,FPO_Lucknow,Cabbage,25.11,45.75,948,30.19,1,500,500.0,100.0,LOW,24.89,4.75,23597.37,SELL NOW
2025-08-12 08:00:00,FPO_Nagpur,Onion,23.57,41.28,1373,26.71,2,2500,1029.72,41.19,LOW,27.15,2.52,37276.64,SELL NOW
2025-08-12 09:00:00,FPO_Karnal,Onion,19.17,65.64,1756,28.45,6,2500,1348.33,53.93,LOW,26.59,2.96,46697.19,SELL NOW
2025-08-12 10:00:00,FPO_Lucknow,Tomato,38.78,77.24,845,20.18,8,1500,683.23,45.55,MEDIUM,21.07,3.64,17805.28,SELL NOW
2025-08-12 11:00:00,FPO_Nashik,Cabbage,29.03,30.45,578,26.84,4,2500,297.63,11.91,LOW,37.43,4.71,21636.29,STORE
2025-08-12 12:00:00,FPO_Indore,Onion,25.35,55.89,807,27.91,12,2500,924.77,36.99,LOW,38.07,4.75,30725.72,STORE
2025-08-12 13:00:00,FPO_Lucknow,Cabbage,38.93,53.44,1165,22.31,4,500,500.0,100.0,MEDIUM,24.01,3.47,27971.35,SELL NOW
2025-08-12 14:00:00,FPO_Lucknow,Mango,40.07,70.69,724,60.14,13,2000,703.74,35.19,HIGH,59.7,2.61,43222.46,SELL NOW
2025-08-12 15:00:00,FPO_Indore,Mango,44.47,55.0,1736,51.65,2,2000,1119.84,55.99,LOW,57.54,2.48,99888.67,STORE
2025-08-12 16:00:00,FPO_Surat,Mango,26.51,46.54,1885,56.53,10,1500,1500.0,100.0,LOW,65.13,2.78,122764.6,STORE
2025-08-12 17:00:00,FPO_Nashik,Apple,28.63,55.87,1340,99.07,1,2500,790.3,31.61,LOW,100.71,2.13,134951.61,SELL NOW
2025-08-12 18:00:00,FPO_Indore,Onion,31.91,53.51,1887,37.32,10,2500,1530.48,61.22,LOW,50.43,3.84,95156.74,STORE
2025-08-12 19:00:00,FPO_Ahmedabad,Tomato,37.97,65.19,775,28.92,9,2000,618.58,30.93,MEDIUM,29.21,3.35,22641.42,SELL NOW
2025-08-12 20:00:00,FPO_Nagpur,Tomato,28.37,61.78,1136,29.98,7,1500,848.55,56.57,LOW,31.19,4.21,35435.3,SELL NOW
2025-08-12 21:00:00,FPO_Indore,Apple,22.1,71.64,861,100.31,9,2500,817.52,32.7,LOW,102.52,1.83,88271.81,SELL NOW
2025-08-12 22:00:00,FPO_Nashik,Tomato,23.48,64.91,1540,45.05,13,1500,1305.9,87.06,MEDIUM,46.36,2.9,71398.46,SELL NOW
2025-08-12 23:00:00,FPO_Jaipur,Mango,35.06,80.22,1075,64.49,2,500,500.0,100.0,MEDIUM,61.75,2.34,66376.23,SELL NOW
2025-08-13 00:00:00,FPO_Ahmedabad,Onion,31.73,58.28,211,19.83,10,2500,607.2,24.29,LOW,26.7,3.37,5633.51,STORE
2025-08-13 01:00:00,FPO_Jaipur,Tomato,26.96,74.3,1313,29.11,13,2500,1115.9,44.64,MEDIUM,30.68,3.14,40283.12,SELL NOW
2025-08-13 02:00:00,FPO_Karnal,Tomato,26.57,69.77,587,33.45,5,2500,721.91,28.88,LOW,47.22,3.07,27717.55,STORE
2025-08-13 03:00:00,FPO_Indore,Potato,26.96,60.57,282,14.75,2,2000,50.0,5.0,LOW,21.61,2.6,6093.76,STORE
2025-08-13 04:00:00,FPO_Ahmedabad,Potato,35.43,75.32,1175,22.52,10,2000,1106.14,55.31,MEDIUM,27.14,4.04,31895.32,STORE
2025-08-13 05:00:00,FPO_Nagpur,Potato,23.27,52.97,1985,19.31,7,2500,1322.3,52.89,LOW,31.98,3.19,63473.06,STORE
2025-08-13 06:00:00,FPO_Indore,Onion,20.72,83.6,595,25.73,9,2500,837.9,33.52,LOW,32.32,2.21,19229.3,STORE
2025-08-13 07:00:00,FPO_Nagpur,Mango,38.9,53.35,744,66.68,3,500,356.17,71.23,LOW,73.1,3.42,54386.78,SELL NOW
2025-08-13 08:00:00,FPO_Surat,Cabbage,28.15,44.89,860,21.68,14,500,500.0,100.0,MEDIUM,21.35,3.59,18359.76,SELL NOW
2025-08-13 09:00:00,FPO_Lucknow,Mango,27.52,43.72,839,56.73,1,1500,410.84,27.39,LOW,58.54,1.57,49112.06,SELL NOW
2025-08-13 10:00:00,FPO_Jaipur,Mango,32.03,66.37,299,55.49,4,1500,326.57,21.77,LOW,63.48,2.21,18979.19,STORE
2025-08-13 11:00:00,FPO_Ahmedabad,Onion,22.07,56.54,656,24.56,4,2000,537.84,26.89,LOW,31.61,2.35,20738.32,STORE
2025-08-13 12:00:00,FPO_Nagpur,Onion,32.5,67.72,1073,27.27,11,1000,1000.0,100.0,HIGH,27.26,2.37,29248.09,SELL NOW
2025-08-13 13:00:00,FPO_Nashik,Potato,25.7,48.46,527,19.02,6,500,472.88,94.58,LOW,33.7,2.34,17761.44,STORE
2025-08-13 14:00:00,FPO_Nagpur,Tomato,34.75,72.3,923,22.06,5,1500,734.51,48.97,LOW,24.04,2.45,22187.88,SELL NOW
2025-08-13 15:00:00,FPO_Nashik,Apple,18.8,67.76,273,99.86,12,500,500.0,100.0,MEDIUM,108.72,2.42,29680.91,SELL NOW
2025-08-13 16:00:00,FPO_Indore,Apple,30.7,58.14,1319,87.35,13,500,500.0,100.0,MEDIUM,91.66,4.59,120897.75,SELL NOW
2025-08-13 17:00:00,FPO_Ahmedabad,Cabbage,26.61,74.37,291,25.51,5,1000,467.43,46.74,LOW,30.79,2.62,8959.26,STORE
2025-08-13 18:00:00,FPO_Nagpur,Tomato,23.77,73.63,529,32.88,9,500,500.0,100.0,MEDIUM,34.18,2.72,18082.98,SELL NOW
2025-08-13 19:00:00,FPO_Karnal,Cabbage,32.63,66.38,374,22.35,13,1000,462.56,46.26,MEDIUM,26.36,2.43,9857.95,STORE
2025-08-13 20:00:00,FPO_Nagpur,Potato,27.11,78.31,1960,23.77,11,1000,1000.0,100.0,HIGH,19.03,4.89,37290.4,SELL NOW
2025-08-13 21:00:00,FPO_Surat,Cabbage,30.8,81.66,514,23.74,1,500,445.77,89.15,LOW,32.26,3.37,16580.49,STORE
2025-08-13 22:00:00,FPO_Karnal,Tomato,35.59,53.17,1910,39.76,8,500,500.0,100.0,MEDIUM,46.52,3.64,88852.8,STORE
2025-08-13 23:00:00,FPO_Ahmedabad,Tomato,32.75,81.99,1791,32.87,8,1500,1354.08,90.27,HIGH,45.18,4.07,80920.91,SELL NOW
2025-08-14 00:00:00,FPO_Surat,Apple,21.52,51.51,696,95.67,11,500,500.0,100.0,LOW,99.05,2.67,68939.64,SELL NOW
2025-08-14 01:00:00,FPO_Nagpur,Potato,24.75,76.57,1492,28.46,8,500,500.0,100.0,MEDIUM,26.49,4.89,39518.53,SELL NOW
2025-08-14 02:00:00,FPO_Nashik,Onion,30.76,79.21,627,42.06,13,500,500.0,100.0,HIGH,52.54,2.03,32941.68,SELL NOW
2025-08-14 03:00:00,FPO_Nagpur,Cabbage,32.76,62.38,234,23.92,12,1500,500.33,33.36,LOW,25.6,3.1,5989.94,SELL NOW
2025-08-14 04:00:00,FPO_Jaipur,Apple,25.65,64.2,318,102.43,14,1000,576.61,57.66,MEDIUM,87.53,2.01,27834.01,SELL NOW
2025-08-14 05:00:00,FPO_Indore,Cabbage,29.19,60.51,1594,30.06,13,1500,1351.61,90.11,MEDIUM,35.57,4.27,56702.12,STORE
2025-08-14 06:00:00,FPO_Lucknow,Cabbage,29.15,52.63,1124,19.4,3,500,500.0,100.0,LOW,27.09,1.88,30446.29,STORE
2025-08-14 07:00:00,FPO_Nashik,Onion,29.99,55.43,1791,20.83,10,2500,1580.21,63.21,LOW,29.93,3.44,53601.32,STORE
2025-08-14 08:00:00,FPO_Jaipur,Potato,20.93,72.45,1674,22.8,8,500,500.0,100.0,LOW,21.29,1.87,35640.34,SELL NOW
2025-08-14 09:00:00,FPO_Karnal,Tomato,19.51,77.84,1532,23.89,2,1500,1204.15,80.28,LOW,29.44,3.08,45102.43,STORE
2025-08-14 10:00:00,FPO_Indore,Mango,15.0,64.78,1580,58.91,8,1500,1406.92,93.79,LOW,64.81,2.48,102398.01,STORE
2025-08-14 11:00:00,FPO_Ahmedabad,Cabbage,28.63,49.85,1599,30.12,12,2000,1372.73,68.64,LOW,36.21,4.66,57900.89,STORE
2025-08-14 12:00:00,FPO_Nashik,Mango,19.81,47.81,1027,62.83,8,2500,843.66,33.75,LOW,62.83,1.69,64524.46,SELL NOW
2025-08-14 13:00:00,FPO_Lucknow,Potato,40.82,63.41,1328,24.79,14,1500,1359.92,90.66,HIGH,29.57,3.77,39265.24,SELL NOW
2025-08-14 14:00:00,FPO_Indore,Mango,31.92,57.09,589,59.36,3,1000,588.64,58.86,LOW,67.95,3.93,40022.77,STORE
2025-08-14 15:00:00,FPO_Karnal,Cabbage,20.91,82.79,375,21.78,4,500,407.59,81.52,LOW,15.38,4.61,5767.36,SELL NOW
2025-08-14 16:00:00,FPO_Surat,Onion,34.81,54.47,305,26.46,9,1000,505.92,50.59,LOW,29.39,4.57,8963.06,STORE
2025-08-14 17:00:00,FPO_Surat,Mango,34.82,73.96,791,68.72,13,1500,866.59,57.77,HIGH,76.73,4.92,60693.78,SELL NOW
2025-08-14 18:00:00,FPO_Lucknow,Potato,35.31,55.69,1386,33.28,9,1500,1018.56,67.9,MEDIUM,44.35,2.39,61463.99,STORE
2025-08-14 19:00:00,FPO_Ahmedabad,Potato,23.15,60.75,1113,27.39,10,1000,1000.0,100.0,LOW,38.14,2.46,42451.0,STORE
2025-08-14 20:00:00,FPO_Ahmedabad,Onion,32.3,67.58,1490,28.6,13,1000,1000.0,100.0,HIGH,36.32,2.89,54115.64,SELL NOW
2025-08-14 21:00:00,FPO_Karnal,Mango,35.41,72.79,1786,54.44,9,2000,1467.34,73.37,MEDIUM,66.77,3.38,119257.44,STORE
2025-08-14 22:00:00,FPO_Nashik,Mango,37.43,71.34,1502,73.61,10,500,500.0,100.0,HIGH,81.49,2.78,122390.94,SELL NOW
2025-08-14 23:00:00,FPO_Karnal,Tomato,18.86,56.6,1526,30.27,6,1000,1000.0,100.0,LOW,21.64,4.09,33023.29,SELL NOW
2025-08-15 00:00:00,FPO_Nagpur,Apple,26.69,66.51,1810,102.16,1,500,500.0,100.0,LOW,102.91,1.53,186269.04,SELL NOW
2025-08-15 01:00:00,FPO_Ahmedabad,Potato,22.94,59.38,1154,19.01,8,2500,1014.85,40.59,LOW,29.15,1.56,33633.86,STORE
2025-08-15 02:00:00,FPO_Indore,Tomato,39.18,43.53,1152,31.44,13,1500,903.71,60.25,MEDIUM,31.89,4.01,36740.21,SELL NOW
2025-08-15 03:00:00,FPO_Nagpur,Potato,30.95,68.43,1060,20.96,9,1000,827.39,82.74,MEDIUM,30.46,4.59,32286.76,STORE
2025-08-15 04:00:00,FPO_Surat,Tomato,33.35,83.94,326,22.72,8,2500,509.68,20.39,MEDIUM,29.59,4.22,9647.09,STORE
2025-08-15 05:00:00,FPO_Surat,Apple,30.86,88.16,1469,98.31,13,1500,1434.33,95.62,HIGH,110.72,1.91,162651.76,SELL NOW
2025-08-15 06:00:00,FPO_Jaipur,Tomato,30.25,69.76,1023,30.01,1,2000,617.2,30.86,LOW,30.85,4.77,31561.55,SELL NOW
2025-08-15 07:00:00,FPO_Lucknow,Potato,22.82,68.78,433,29.67,12,1500,628.55,41.9,LOW,23.49,3.33,10169.96,SELL NOW
2025-08-15 08:00:00,FPO_Nagpur,Mango,25.32,30.0,866,52.13,6,1000,540.24,54.02,LOW,54.07,4.1,46823.47,SELL NOW
2025-08-15 09:00:00,FPO_Lucknow,Potato,28.43,95.0,1808,15.81,9,2500,1579.6,63.18,HIGH,11.69,2.2,21133.38,SELL NOW
2025-08-15 10:00:00,FPO_Karnal,Cabbage,24.11,86.46,1130,22.87,9,2500,1043.09,41.72,LOW,23.56,3.42,26622.53,SELL NOW
2025-08-15 11:00:00,FPO_Nagpur,Onion,23.0,76.39,1662,25.32,7,2500,1529.98,61.2,LOW,14.35,2.66,23854.72,SELL NOW
2025-08-15 12:00:00,FPO_Karnal,Onion,26.77,66.08,336,30.01,7,1500,461.8,30.79,LOW,33.1,4.91,11120.87,STORE
2025-08-15 13:00:00,FPO_Jaipur,Cabbage,24.37,31.54,755,22.54,4,500,500.0,100.0,LOW,27.71,3.16,20920.81,STORE
2025-08-15 14:00:00,FPO_Ahmedabad,Onion,28.3,67.73,958,30.62,7,500,500.0,100.0,MEDIUM,36.08,4.14,34564.78,STORE
2025-08-15 15:00:00,FPO_Surat,Onion,25.34,65.48,1372,30.84,10,1500,1149.55,76.64,LOW,38.78,3.61,53211.58,STORE
2025-08-15 16:00:00,FPO_Jaipur,Apple,23.89,43.86,255,93.23,5,1000,322.99,32.3,LOW,97.84,1.83,24949.45,SELL NOW
2025-08-15 17:00:00,FPO_Surat,Mango,22.43,71.72,1911,58.96,11,1500,1500.0,100.0,MEDIUM,58.72,3.4,112219.06,SELL NOW
2025-08-15 18:00:00,FPO_Ahmedabad,Mango,28.04,83.55,555,56.01,10,500,500.0,100.0,HIGH,65.27,3.39,36225.84,SELL NOW
2025-08-15 19:00:00,FPO_Karnal,Potato,33.33,70.11,1480,27.69,5,1500,924.13,61.61,LOW,34.26,4.0,50698.29,STORE
2025-08-15 20:00:00,FPO_Ahmedabad,Cabbage,31.91,70.06,1122,21.6,1,2500,500.53,20.02,LOW,24.27,2.63,27235.24,STORE
2025-08-15 21:00:00,FPO_Surat,Tomato,18.84,71.02,1012,25.52,2,1000,696.46,69.65,LOW,27.99,4.51,28321.29,SELL NOW
2025-08-15 22:00:00,FPO_Surat,Potato,33.16,60.16,1286,17.46,9,1000,1000.0,100.0,MEDIUM,17.35,3.68,22316.58,SELL NOW
2025-08-15 23:00:00,FPO_Lucknow,Potato,31.86,76.38,1286,21.85,2,2000,798.86,39.94,LOW,31.32,1.64,40276.19,STORE
2025-08-16 00:00:00,FPO_Indore,Potato,33.32,87.86,1005,21.24,10,1500,1093.31,72.89,HIGH,24.43,3.97,24551.44,SELL NOW
2025-08-16 01:00:00,FPO_Jaipur,Potato,34.5,65.62,1252,29.41,11,2500,1040.45,41.62,MEDIUM,36.83,4.67,46107.22,STORE
2025-08-16 02:00:00,FPO_Nagpur,Mango,23.63,53.67,1775,59.85,12,1500,1500.0,100.0,LOW,52.86,3.89,93827.87,SELL NOW
2025-08-16 03:00:00,FPO_Surat,Tomato,26.2,44.22,1882,34.73,2,2000,1266.37,63.32,LOW,38.46,2.83,72385.54,STORE
2025-08-16 04:00:00,FPO_Jaipur,Potato,38.74,72.51,799,29.69,9,2000,842.1,42.1,MEDIUM,34.12,3.57,27262.45,STORE
2025-08-16 05:00:00,FPO_Lucknow,Mango,38.39,74.21,767,58.23,3,1500,470.11,31.34,LOW,55.39,2.1,42486.72,SELL NOW
2025-08-16 06:00:00,FPO_Ahmedabad,Potato,27.54,70.46,1523,21.12,2,1500,983.99,65.6,LOW,20.42,3.6,31098.52,SELL NOW
2025-08-16 07:00:00,FPO_Lucknow,Onion,31.62,61.47,904,27.13,7,1500,563.2,37.55,LOW,33.89,3.25,30640.93,STORE
2025-08-16 08:00:00,FPO_Nashik,Potato,32.14,69.16,811,15.86,12,500,500.0,100.0,HIGH,21.89,1.59,17753.24,SELL NOW
2025-08-16 09:00:00,FPO_Nashik,Cabbage,38.55,56.97,1438,36.79,9,2000,1441.45,72.07,MEDIUM,41.29,2.63,59375.98,STORE
2025-08-16 10:00:00,FPO_Nagpur,Cabbage,30.07,54.34,340,22.16,11,1000,503.77,50.38,LOW,31.67,2.17,10767.66,STORE
2025-08-16 11:00:00,FPO_Lucknow,Potato,20.73,50.06,1730,17.49,13,500,500.0,100.0,LOW,23.36,2.87,40419.59,STORE
2025-08-16 12:00:00,FPO_Karnal,Apple,25.14,50.21,760,94.7,6,2500,635.49,25.42,LOW,104.72,2.35,79589.9,STORE
2025-08-16 13:00:00,FPO_Nagpur,Onion,45.0,72.96,698,26.87,12,1000,803.74,80.37,HIGH,25.35,4.42,17692.13,SELL NOW
2025-08-16 14:00:00,FPO_Karnal,Tomato,20.45,60.96,826,26.48,7,1000,738.45,73.84,LOW,30.68,3.94,25343.64,STORE
2025-08-16 15:00:00,FPO_Nagpur,Potato,28.3,54.78,701,28.21,13,1000,737.0,73.7,MEDIUM,31.7,4.09,22224.61,STORE
2025-08-16 16:00:00,FPO_Nashik,Tomato,41.88,44.57,940,37.06,13,2000,1115.92,55.8,MEDIUM,34.0,2.76,31962.23,SELL NOW
2025-08-16 17:00:00,FPO_Nagpur,Onion,23.2,75.07,963,19.59,3,2500,807.73,32.31,LOW,31.47,1.51,30308.72,STORE
2025-08-16 18:00:00,FPO_Nashik,Potato,15.0,81.05,1810,29.94,11,500,500.0,100.0,MEDIUM,30.65,2.27,55484.56,SELL NOW
2025-08-16 19:00:00,FPO_Surat,Apple,15.0,49.64,1414,108.39,3,2500,1012.98,40.52,LOW,113.34,4.14,160268.36,SELL NOW
2025-08-16 20:00:00,FPO_Ahmedabad,Mango,23.23,63.13,1934,56.9,8,500,500.0,100.0,LOW,57.46,3.61,111128.17,SELL NOW
2025-08-16 21:00:00,FPO_Karnal,Apple,17.42,51.01,874,95.45,7,2000,917.5,45.87,LOW,104.14,3.39,91020.45,SELL NOW
2025-08-16 22:00:00,FPO_Lucknow,Apple,34.22,62.87,1874,102.61,5,2500,1359.05,54.36,LOW,104.33,2.48,195520.29,SELL NOW
2025-08-16 23:00:00,FPO_Surat,Mango,29.61,74.12,248,56.81,6,1000,233.81,23.38,LOW,58.5,1.77,14508.55,SELL NOW
2025-08-17 00:00:00,FPO_Surat,Mango,15.2,89.28,1586,67.49,9,2500,1418.58,56.74,LOW,70.6,4.25,111967.42,SELL NOW
2025-08-17 01:00:00,FPO_Nagpur,Cabbage,18.43,58.29,826,27.45,3,2000,714.37,35.72,LOW,30.88,1.64,25504.4,STORE
2025-08-17 02:00:00,FPO_Nashik,Mango,35.44,75.5,879,56.23,12,2000,899.59,44.98,MEDIUM,56.49,1.71,49650.94,SELL NOW
2025-08-17 03:00:00,FPO_Jaipur,Potato,29.16,75.86,1719,23.46,3,2000,1253.93,62.7,LOW,22.6,2.53,38852.72,SELL NOW
2025-08-17 04:00:00,FPO_Karnal,Tomato,36.6,62.73,476,28.35,14,500,500.0,100.0,HIGH,28.66,3.51,13640.07,SELL NOW
2025-08-17 05:00:00,FPO_Surat,Cabbage,34.71,82.4,246,15.4,11,2500,556.54,22.26,MEDIUM,17.62,4.97,4334.98,STORE
2025-08-17 06:00:00,FPO_Nagpur,Cabbage,21.1,60.08,1994,20.06,6,1000,1000.0,100.0,LOW,24.42,1.82,48699.19,STORE
2025-08-17 07:00:00,FPO_Indore,Tomato,33.29,71.53,1125,24.71,11,1000,1000.0,100.0,HIGH,25.68,3.16,28889.37,SELL NOW
2025-08-17 08:00:00,FPO_Ahmedabad,Cabbage,31.38,56.4,415,26.9,8,1500,367.07,24.47,LOW,24.21,3.61,10046.01,SELL NOW
2025-08-17 09:00:00,FPO_Ahmedabad,Mango,16.23,72.97,429,62.83,5,2000,508.65,25.43,LOW,59.79,4.38,25649.99,SELL NOW
2025-08-17 10:00:00,FPO_Jaipur,Apple,19.83,71.47,1862,106.03,14,1000,1000.0,100.0,MEDIUM,104.47,3.91,194514.65,SELL NOW
2025-08-17 11:00:00,FPO_Nashik,Onion,42.63,82.81,522,26.48,1,2000,191.54,9.58,LOW,31.13,4.33,16251.32,STORE
2025-08-17 12:00:00,FPO_Nagpur,Mango,22.43,92.53,1644,52.59,3,1000,1000.0,100.0,MEDIUM,59.97,3.33,98595.91,STORE
2025-08-17 13:00:00,FPO_Karnal,Apple,30.47,78.74,424,95.76,13,2500,751.06,30.04,MEDIUM,93.25,3.02,39536.18,SELL NOW
2025-08-17 14:00:00,FPO_Nashik,Apple,26.86,75.06,1885,96.47,8,1500,1500.0,100.0,MEDIUM,101.6,3.67,191507.22,SELL NOW
2025-08-17 15:00:00,FPO_Ahmedabad,Cabbage,29.1,59.14,1510,20.99,4,2000,1091.17,54.56,LOW,25.84,4.65,39024.51,STORE
2025-08-17 16:00:00,FPO_Nashik,Potato,27.25,31.02,245,21.89,9,500,399.95,79.99,LOW,34.07,3.43,8346.81,STORE
2025-08-17 17:00:00,FPO_Ahmedabad,Potato,33.79,84.47,1237,25.49,13,500,500.0,100.0,HIGH,40.11,3.62,49614.93,SELL NOW
2025-08-17 18:00:00,FPO_Nashik,Cabbage,33.63,92.84,832,22.94,6,1000,690.77,69.08,HIGH,31.25,2.68,25998.84,SELL NOW
2025-08-17 19:00:00,FPO_Jaipur,Cabbage,28.71,69.69,574,27.51,10,2500,529.84,21.19,LOW,34.03,3.59,19530.98,STORE
2025-08-17 20:00:00,FPO_Lucknow,Tomato,22.57,49.91,902,32.85,4,2000,642.49,32.12,LOW,38.51,3.7,34738.57,STORE
2025-08-17 21:00:00,FPO_Jaipur,Tomato,24.59,85.67,1186,27.95,4,1500,959.04,63.94,LOW,27.29,4.14,32366.27,SELL NOW
2025-08-17 22:00:00,FPO_Jaipur,Onion,18.54,81.58,532,24.31,10,2500,729.39,29.18,LOW,21.59,3.5,11486.79,SELL NOW
2025-08-17 23:00:00,FPO_Lucknow,Onion,25.99,34.44,365,28.6,5,1000,462.91,46.29,LOW,23.81,2.19,8691.7,SELL NOW
2025-08-18 00:00:00,FPO_Lucknow,Onion,17.4,67.11,706,35.1,13,2500,1003.65,40.15,LOW,38.89,3.54,27455.7,STORE
2025-08-18 01:00:00,FPO_Surat,Onion,29.31,68.64,316,33.15,7,1500,412.67,27.51,LOW,32.39,2.54,10236.08,SELL NOW
2025-08-18 02:00:00,FPO_Surat,Apple,29.78,40.93,1142,94.66,14,2500,1171.6,46.86,LOW,101.63,1.81,116065.02,SELL NOW
2025-08-18 03:00:00,FPO_Nagpur,Apple,34.03,48.82,835,105.89,12,2000,1039.19,51.96,LOW,103.27,4.39,86226.61,SELL NOW
2025-08-18 04:00:00,FPO_Karnal,Tomato,20.68,81.37,1789,26.35,7,1000,1000.0,100.0,MEDIUM,30.61,1.73,54768.09,STORE
2025-08-18 05:00:00,FPO_Karnal,Potato,21.09,66.05,1662,16.64,13,1500,1468.32,97.89,MEDIUM,15.82,3.71,26291.8,SELL NOW
2025-08-18 06:00:00,FPO_Nagpur,Cabbage,37.15,50.75,1527,24.84,10,1000,1000.0,100.0,MEDIUM,20.95,4.96,31986.66,SELL NOW
2025-08-18 07:00:00,FPO_Jaipur,Potato,19.79,54.96,656,14.38,7,2000,563.05,28.15,LOW,13.31,1.81,8730.18,SELL NOW
2025-08-18 08:00:00,FPO_Jaipur,Mango,40.31,46.98,1068,63.25,5,1500,592.36,39.49,LOW,63.01,2.27,67299.89,SELL NOW
2025-08-18 09:00:00,FPO_Ahmedabad,Apple,22.46,66.13,1494,105.72,12,1500,1500.0,100.0,MEDIUM,108.62,4.16,162275.57,SELL NOW
2025-08-18 10:00:00,FPO_Ahmedabad,Onion,22.5,76.28,1934,24.99,13,1000,1000.0,100.0,MEDIUM,24.97,1.84,48294.27,SELL NOW
2025-08-18 11:00:00,FPO_Karnal,Onion,33.06,82.65,415,29.16,9,2500,633.27,25.33,MEDIUM,27.53,4.41,11423.39,SELL NOW
2025-08-18 12:00:00,FPO_Nagpur,Mango,31.3,54.98,312,64.36,2,2500,226.36,9.05,LOW,63.35,1.5,19765.22,SELL NOW
2025-08-18 13:00:00,FPO_Indore,Potato,37.85,59.69,1239,15.35,8,500,500.0,100.0,MEDIUM,5.0,4.61,6195.0,SELL NOW
2025-08-18 14:00:00,FPO_Surat,Onion,16.65,72.52,415,23.89,10,500,500.0,100.0,LOW,25.0,1.73,10373.1,SELL NOW
2025-08-18 15:00:00,FPO_Indore,Potato,31.2,79.29,626,20.81,8,1500,807.46,53.83,MEDIUM,23.98,4.73,15014.0,STORE
2025-08-18 16:00:00,FPO_Nagpur,Cabbage,27.72,70.56,1358,23.61,3,1000,926.9,92.69,LOW,24.5,4.53,33266.14,SELL NOW
2025-08-18 17:00:00,FPO_Ahmedabad,Mango,21.54,84.01,1266,60.24,5,1500,997.63,66.51,LOW,64.23,3.39,81321.04,SELL NOW
2025-08-18 18:00:00,FPO_Karnal,Potato,39.29,92.25,963,21.47,14,1000,1000.0,100.0,HIGH,29.3,4.22,28216.53,SELL NOW
2025-08-18 19:00:00,FPO_Karnal,Cabbage,29.41,40.55,483,18.35,8,2000,538.01,26.9,LOW,26.65,1.76,12871.15,STORE
2025-08-18 20:00:00,FPO_Ahmedabad,Potato,27.62,87.79,1033,13.92,10,500,500.0,100.0,HIGH,21.81,1.97,22532.78,SELL NOW
2025-08-18 21:00:00,FPO_Indore,Potato,30.72,84.48,1321,15.41,13,1500,1303.49,86.9,HIGH,15.33,2.79,20253.86,SELL NOW
2025-08-18 22:00:00,FPO_Nashik,Onion,17.63,47.37,1283,32.51,9,2000,932.2,46.61,LOW,30.87,3.38,39607.04,SELL NOW
2025-08-18 23:00:00,FPO_Nashik,Tomato,20.51,71.96,429,32.76,7,2500,568.57,22.74,LOW,32.95,4.54,14135.23,SELL NOW
2025-08-19 00:00:00,FPO_Ahmedabad,Apple,26.0,74.54,1866,99.56,4,500,500.0,100.0,LOW,105.57,3.4,196995.16,SELL NOW
2025-08-19 01:00:00,FPO_Nashik,Potato,29.9,48.65,584,25.55,4,1000,419.51,41.95,LOW,30.11,3.83,17584.62,STORE
2025-08-19 02:00:00,FPO_Lucknow,Potato,35.65,64.08,358,18.96,3,2500,451.76,18.07,LOW,18.15,3.88,6497.15,SELL NOW
2025-08-19 03:00:00,FPO_Nagpur,Potato,22.69,67.35,1023,20.16,11,2500,998.23,39.93,LOW,28.55,4.57,29206.13,STORE
2025-08-19 04:00:00,FPO_Nagpur,Tomato,21.32,48.8,670,32.62,8,2000,642.39,32.12,LOW,30.08,4.22,20152.11,SELL NOW
2025-08-19 05:00:00,FPO_Ahmedabad,Cabbage,31.01,59.92,1819,27.33,6,1500,1256.98,83.8,LOW,27.71,4.92,50411.11,SELL NOW
2025-08-19 06:00:00,FPO_Jaipur,Mango,27.18,86.02,407,60.88,10,1500,585.28,39.02,MEDIUM,64.93,1.57,26425.73,SELL NOW
2025-08-19 07:00:00,FPO_Surat,Onion,16.47,90.25,373,29.26,6,2000,645.11,32.26,LOW,36.43,2.23,13588.67,STORE
2025-08-19 08:00:00,FPO_Indore,Tomato,22.49,48.45,1304,22.21,10,2500,1135.53,45.42,LOW,31.0,4.76,40424.9,STORE
2025-08-19 09:00:00,FPO_Ahmedabad,Cabbage,26.91,30.0,1241,25.43,10,500,500.0,100.0,LOW,29.95,4.27,37169.04,STORE
2025-08-19 10:00:00,FPO_Nashik,Potato,27.07,83.56,1216,23.55,9,2500,1164.2,46.57,MEDIUM,20.36,2.44,24762.09,SELL NOW
2025-08-19 11:00:00,FPO_Indore,Cabbage,28.54,92.34,907,36.04,11,2000,936.05,46.8,MEDIUM,44.33,4.91,40211.6,STORE
2025-08-19 12:00:00,FPO_Jaipur,Tomato,20.2,78.15,1514,27.61,3,2500,1062.71,42.51,LOW,25.4,4.54,38450.96,SELL NOW
2025-08-19 13:00:00,FPO_Nashik,Tomato,27.21,60.69,1583,26.15,4,2500,1299.99,52.0,LOW,26.75,1.73,42352.23,SELL NOW
2025-08-19 14:00:00,FPO_Karnal,Tomato,33.68,48.74,1502,29.41,3,2500,980.14,39.21,LOW,27.48,4.34,41281.3,SELL NOW
2025-08-19 15:00:00,FPO_Surat,Mango,15.0,74.25,1174,67.24,3,2500,1101.38,44.06,LOW,69.79,4.25,81930.68,SELL NOW
2025-08-19 16:00:00,FPO_Lucknow,Apple,26.31,80.82,596,101.76,1,500,461.37,92.27,LOW,99.66,2.27,59395.58,SELL NOW
2025-08-19 17:00:00,FPO_Nashik,Onion,18.03,55.1,1173,29.1,14,1000,1000.0,100.0,LOW,34.47,3.84,40428.64,STORE
2025-08-19 18:00:00,FPO_Lucknow,Mango,27.81,69.13,965,56.07,10,1000,1000.0,100.0,MEDIUM,61.15,4.9,59010.54,SELL NOW
2025-08-19 19:00:00,FPO_Indore,Mango,18.97,58.48,1365,55.84,6,1500,1158.2,77.21,LOW,62.61,3.87,85457.61,STORE
2025-08-19 20:00:00,FPO_Lucknow,Apple,28.8,76.31,876,103.91,9,1000,919.07,91.91,MEDIUM,108.33,4.35,94898.23,SELL NOW
2025-08-19 21:00:00,FPO_Indore,Mango,37.76,34.12,716,58.56,5,1000,400.15,40.01,LOW,62.68,1.85,44877.85,SELL NOW
2025-08-19 22:00:00,FPO_Indore,Tomato,22.12,70.95,1474,38.03,12,1000,1000.0,100.0,MEDIUM,36.13,4.05,53259.31,SELL NOW
2025-08-19 23:00:00,FPO_Indore,Tomato,22.99,59.51,861,28.42,12,2500,966.81,38.67,LOW,28.03,2.22,24133.72,SELL NOW
2025-08-20 00:00:00,FPO_Indore,Cabbage,25.18,92.48,1763,27.44,12,2500,1586.44,63.46,HIGH,29.93,1.75,52772.72,SELL NOW
2025-08-20 01:00:00,FPO_Indore,Potato,29.91,69.68,1460,19.23,14,500,500.0,100.0,HIGH,22.14,3.43,32326.45,SELL NOW
2025-08-20 02:00:00,FPO_Nashik,Mango,21.89,75.62,1355,55.89,10,2500,1252.55,50.1,LOW,57.22,4.13,77531.19,SELL NOW
2025-08-20 03:00:00,FPO_Indore,Potato,25.72,50.85,505,25.82,2,2500,266.02,10.64,LOW,31.6,3.41,15958.95,STORE
2025-08-20 04:00:00,FPO_Nashik,Onion,23.98,61.68,557,35.98,10,1000,818.96,81.9,LOW,50.56,4.76,28163.09,STORE
2025-08-20 05:00:00,FPO_Indore,Tomato,25.2,70.92,1508,23.03,4,500,500.0,100.0,LOW,28.06,3.93,42307.55,STORE
2025-08-20 06:00:00,FPO_Lucknow,Cabbage,29.98,59.61,1516,21.33,12,500,500.0,100.0,MEDIUM,20.97,1.91,31794.12,SELL NOW
2025-08-20 07:00:00,FPO_Karnal,Onion,31.31,61.37,1386,26.71,6,1000,1000.0,100.0,MEDIUM,33.61,4.77,46587.16,STORE
2025-08-20 08:00:00,FPO_Indore,Cabbage,19.14,68.94,618,28.38,14,1000,1000.0,100.0,MEDIUM,28.27,2.04,17468.35,SELL NOW
2025-08-20 09:00:00,FPO_Jaipur,Apple,29.96,39.3,1962,101.81,7,500,500.0,100.0,LOW,106.58,4.15,209108.25,SELL NOW
2025-08-20 10:00:00,FPO_Indore,Tomato,45.0,57.13,1691,27.5,12,2000,1409.15,70.46,HIGH,32.88,2.02,55591.91,SELL NOW
2025-08-20 11:00:00,FPO_Indore,Onion,37.27,76.83,841,26.1,13,1000,933.36,93.34,HIGH,30.26,5.0,25445.01,SELL NOW
2025-08-20 12:00:00,FPO_Lucknow,Apple,24.15,59.1,1793,108.04,13,1000,1000.0,100.0,MEDIUM,108.07,2.66,193772.17,SELL NOW
2025-08-20 13:00:00,FPO_Surat,Onion,28.79,95.0,706,34.89,7,500,500.0,100.0,HIGH,38.26,3.24,27013.3,SELL NOW
2025-08-20 14:00:00,FPO_Nagpur,Cabbage,27.8,66.36,1881,15.02,14,2000,1624.75,81.24,MEDIUM,15.51,3.13,29172.45,SELL NOW
2025-08-20 15:00:00,FPO_Lucknow,Apple,30.76,37.22,1701,104.28,4,2000,1216.56,60.83,LOW,104.75,1.86,178174.27,SELL NOW
2025-08-20 16:00:00,FPO_Jaipur,Apple,25.47,71.66,1585,98.56,10,1500,1420.6,94.71,MEDIUM,93.31,3.23,147891.67,SELL NOW
2025-08-20 17:00:00,FPO_Nagpur,Tomato,26.39,49.16,511,24.99,10,2000,687.25,34.36,LOW,27.38,2.02,13989.85,SELL NOW
2025-08-20 18:00:00,FPO_Ahmedabad,Potato,23.62,70.1,1857,25.83,5,1000,1000.0,100.0,LOW,39.66,4.31,73641.55,STORE
2025-08-20 19:00:00,FPO_Ahmedabad,Cabbage,34.57,56.51,903,26.75,13,2500,877.65,35.11,LOW,17.24,4.85,15569.76,SELL NOW
2025-08-20 20:00:00,FPO_Surat,Cabbage,29.87,57.51,444,25.44,4,500,415.44,83.09,LOW,17.32,4.33,7691.88,SELL NOW
2025-08-20 21:00:00,FPO_Jaipur,Apple,29.91,80.53,676,95.5,12,1000,1000.0,100.0,HIGH,98.79,3.01,66782.53,SELL NOW
2025-08-20 22:00:00,FPO_Lucknow,Apple,35.31,41.25,814,105.07,10,500,500.0,100.0,MEDIUM,111.83,1.51,91026.56,SELL NOW
2025-08-20 23:00:00,FPO_Nashik,Tomato,35.4,57.72,635,21.82,6,2000,392.08,19.6,LOW,18.09,1.63,11489.31,SELL NOW
2025-08-21 00:00:00,FPO_Jaipur,Potato,34.27,56.04,449,25.87,11,500,500.0,100.0,MEDIUM,29.95,3.23,13448.14,STORE
2025-08-21 01:00:00,FPO_Karnal,Cabbage,35.22,85.06,1245,25.45,14,1000,1000.0,100.0,HIGH,27.64,3.88,34413.09,SELL NOW
2025-08-21 02:00:00,FPO_Nagpur,Mango,37.38,59.77,676,59.82,7,2500,454.93,18.2,LOW,59.81,4.37,40431.09,SELL NOW
2025-08-21 03:00:00,FPO_Nagpur,Mango,22.2,50.88,1795,57.24,2,1000,1000.0,100.0,LOW,62.15,3.6,111560.81,SELL NOW
2025-08-21 04:00:00,FPO_Indore,Potato,26.21,68.47,1973,22.82,14,1500,1500.0,100.0,HIGH,20.79,4.92,41010.75,SELL NOW
2025-08-21 05:00:00,FPO_Ahmedabad,Onion,32.25,51.59,710,23.12,10,500,500.0,100.0,MEDIUM,31.21,3.23,22159.77,STORE
2025-08-21 06:00:00,FPO_Surat,Tomato,22.69,53.76,1559,34.17,12,1000,1000.0,100.0,LOW,27.61,3.6,43041.76,SELL NOW
2025-08-21 07:00:00,FPO_Nagpur,Potato,25.82,75.35,1869,19.99,3,2000,1347.8,67.39,LOW,22.57,2.31,42189.09,STORE
2025-08-21 08:00:00,FPO_Jaipur,Mango,29.17,30.0,973,56.55,11,2000,816.38,40.82,LOW,60.09,2.69,58465.96,SELL NOW
2025-08-21 09:00:00,FPO_Nagpur,Apple,26.62,50.54,1565,99.02,8,1000,1000.0,100.0,LOW,101.18,3.89,158353.05,SELL NOW
2025-08-21 10:00:00,FPO_Surat,Mango,28.4,54.85,1561,58.13,7,1500,1151.42,76.76,LOW,58.57,3.61,91424.35,SELL NOW
2025-08-21 11:00:00,FPO_Surat,Apple,21.13,88.18,1703,106.22,12,500,500.0,100.0,HIGH,112.36,2.79,191351.51,SELL NOW
2025-08-21 12:00:00,FPO_Surat,Tomato,27.77,71.68,1123,19.33,1,1500,813.81,54.25,LOW,20.29,1.89,22787.48,SELL NOW
2025-08-21 13:00:00,FPO_Jaipur,Apple,28.8,64.52,1265,99.63,4,2500,955.56,38.22,LOW,95.04,2.7,120225.65,SELL NOW
2025-08-21 14:00:00,FPO_Nashik,Potato,37.69,63.45,273,29.91,5,1000,287.96,28.8,LOW,29.5,1.65,8052.66,SELL NOW
2025-08-21 15:00:00,FPO_Indore,Apple,26.39,66.85,1008,100.34,14,1500,1214.72,80.98,MEDIUM,103.82,3.53,104649.99,SELL NOW
2025-08-21 16:00:00,FPO_Ahmedabad,Onion,24.1,68.68,1030,30.94,3,2500,849.69,33.99,LOW,31.2,2.63,32139.92,SELL NOW
2025-08-21 17:00:00,FPO_Nagpur,Potato,32.28,66.88,1245,21.86,4,1500,753.53,50.24,LOW,23.24,2.83,28927.84,SELL NOW
2025-08-21 18:00:00,FPO_Jaipur,Tomato,15.0,94.2,419,24.75,10,2500,756.82,30.27,LOW,31.62,3.51,13248.96,STORE
2025-08-21 19:00:00,FPO_Lucknow,Potato,26.1,58.41,278,24.7,10,2000,473.16,23.66,LOW,24.72,3.53,6871.12,SELL NOW
2025-08-21 20:00:00,FPO_Ahmedabad,Onion,24.92,67.62,434,29.04,14,2000,913.33,45.67,LOW,31.57,3.56,13699.69,SELL NOW
2025-08-21 21:00:00,FPO_Nashik,Tomato,29.57,65.57,356,28.7,10,1000,688.1,68.81,MEDIUM,30.73,3.22,10938.67,SELL NOW
2025-08-21 22:00:00,FPO_Jaipur,Mango,35.48,79.09,526,62.75,7,1500,497.75,33.18,MEDIUM,71.12,3.21,37407.84,STORE
2025-08-21 23:00:00,FPO_Karnal,Onion,37.31,54.6,1337,32.21,8,2000,915.27,45.76,LOW,35.45,4.37,47401.01,STORE
2025-08-22 00:00:00,FPO_Karnal,Tomato,29.48,59.5,1831,28.48,12,500,500.0,100.0,MEDIUM,35.49,3.14,64983.13,STORE
2025-08-22 01:00:00,FPO_Indore,Apple,18.69,42.33,841,104.49,9,2000,807.24,40.36,LOW,103.89,3.38,87374.95,SELL NOW
2025-08-22 02:00:00,FPO_Indore,Potato,24.91,79.81,820,27.06,13,2000,1019.74,50.99,MEDIUM,38.82,4.96,31835.27,STORE
2025-08-22 03:00:00,FPO_Nashik,Tomato,25.57,42.16,1810,31.92,2,1500,1289.95,86.0,LOW,39.08,2.13,70729.07,STORE
2025-08-22 04:00:00,FPO_Nashik,Potato,30.2,73.09,1184,27.28,4,2500,914.14,36.57,LOW,38.57,4.04,45662.67,STORE
2025-08-22 05:00:00,FPO_Indore,Apple,28.34,90.22,1498,106.78,1,500,500.0,100.0,MEDIUM,110.78,3.16,165942.24,SELL NOW
2025-08-22 06:00:00,FPO_Nagpur,Tomato,23.87,93.89,1604,21.97,3,500,500.0,100.0,MEDIUM,21.94,4.41,35190.46,SELL NOW
2025-08-22 07:00:00,FPO_Nagpur,Mango,20.49,60.41,1243,73.79,8,2500,961.66,38.47,LOW,75.65,2.91,94031.82,SELL NOW
2025-08-22 08:00:00,FPO_Jaipur,Onion,22.79,59.81,1896,30.78,7,1500,1500.0,100.0,LOW,34.83,2.56,66038.81,STORE
2025-08-22 09:00:00,FPO_Lucknow,Tomato,22.57,63.89,1432,26.78,8,2000,1250.14,62.51,LOW,30.77,2.23,44058.17,STORE
2025-08-22 10:00:00,FPO_Jaipur,Apple,37.73,78.51,805,100.84,11,2500,898.3,35.93,MEDIUM,101.8,4.55,81946.85,SELL NOW
2025-08-22 11:00:00,FPO_Lucknow,Tomato,23.38,63.02,1817,20.62,6,500,500.0,100.0,LOW,23.55,4.01,42793.06,STORE
2025-08-22 12:00:00,FPO_Nashik,Potato,28.36,60.89,1063,23.17,5,500,500.0,100.0,LOW,27.44,1.77,29172.22,STORE
2025-08-22 13:00:00,FPO_Ahmedabad,Cabbage,33.81,81.09,1839,21.03,12,2000,1593.71,79.69,HIGH,19.96,4.0,36710.64,SELL NOW
2025-08-22 14:00:00,FPO_Jaipur,Tomato,29.17,65.66,948,28.36,12,2000,1113.76,55.69,MEDIUM,29.52,1.62,27986.54,SELL NOW
2025-08-22 15:00:00,FPO_Jaipur,Mango,21.48,62.7,1995,60.72,10,1000,1000.0,100.0,LOW,70.41,2.14,140472.68,STORE
2025-08-22 16:00:00,FPO_Lucknow,Tomato,33.91,51.86,1383,25.04,9,2500,1262.51,50.5,LOW,34.04,3.57,47075.4,STORE
2025-08-22 17:00:00,FPO_Surat,Onion,30.13,80.41,1114,20.98,5,2000,924.54,46.23,LOW,20.01,3.12,22293.59,SELL NOW
2025-08-22 18:00:00,FPO_Nashik,Tomato,15.0,68.71,1098,29.37,9,1000,1000.0,100.0,LOW,41.84,4.44,45937.55,STORE
2025-08-22 19:00:00,FPO_Nashik,Cabbage,35.47,64.82,1197,24.99,13,1500,1348.63,89.91,HIGH,24.01,3.63,28743.25,SELL NOW
2025-08-22 20:00:00,FPO_Karnal,Potato,33.24,37.07,1059,22.96,4,500,500.0,100.0,LOW,28.0,4.88,29648.78,STORE
2025-08-22 21:00:00,FPO_Surat,Tomato,30.03,79.32,772,25.89,12,2500,854.83,34.19,MEDIUM,35.54,4.49,27433.71,STORE
2025-08-22 22:00:00,FPO_Lucknow,Mango,37.81,47.99,237,56.72,5,1500,124.83,8.32,LOW,55.73,2.69,13207.91,SELL NOW
2025-08-22 23:00:00,FPO_Nashik,Apple,33.1,71.78,317,98.92,1,2500,50.0,5.0,LOW,96.29,4.42,30522.52,SELL NOW
2025-08-23 00:00:00,FPO_Surat,Tomato,34.77,53.32,589,28.7,6,2500,521.07,20.84,LOW,34.15,4.54,20113.5,STORE
2025-08-23 01:00:00,FPO_Indore,Tomato,34.22,48.9,879,31.37,3,2000,592.97,29.65,LOW,34.01,4.89,29895.89,SELL NOW
2025-08-23 02:00:00,FPO_Surat,Onion,32.54,78.92,576,25.95,11,1000,755.04,75.5,HIGH,27.21,1.54,15675.65,SELL NOW
2025-08-23 03:00:00,FPO_Nagpur,Mango,17.25,66.52,1048,63.96,10,2500,970.39,38.82,LOW,60.18,4.56,63067.73,SELL NOW
2025-08-23 04:00:00,FPO_Karnal,Cabbage,17.97,65.62,575,28.27,2,1500,655.68,43.71,LOW,37.86,1.74,21766.67,STORE
2025-08-23 05:00:00,FPO_Indore,Apple,33.11,94.26,1804,102.6,6,2500,1212.49,48.5,MEDIUM,106.86,3.35,192777.68,SELL NOW
2025-08-23 06:00:00,FPO_Ahmedabad,Potato,35.39,94.03,794,31.15,1,1000,417.76,41.78,MEDIUM,37.59,2.95,29845.91,STORE
2025-08-23 07:00:00,FPO_Jaipur,Tomato,23.77,61.3,946,19.2,14,500,500.0,100.0,MEDIUM,28.03,4.72,26514.82,STORE
2025-08-23 08:00:00,FPO_Karnal,Cabbage,21.32,45.39,1265,34.75,12,2500,1239.48,49.58,LOW,29.06,2.92,36766.75,SELL NOW
2025-08-23 09:00:00,FPO_Ahmedabad,Apple,29.58,86.21,1834,96.73,9,1500,1467.7,97.85,HIGH,100.63,3.59,184549.32,SELL NOW
2025-08-23 10:00:00,FPO_Jaipur,Potato,19.29,44.83,1693,23.21,5,500,500.0,100.0,LOW,18.63,3.92,31537.13,SELL NOW
2025-08-23 11:00:00,FPO_Nagpur,Cabbage,26.99,72.13,657,25.22,7,500,500.0,100.0,MEDIUM,31.97,1.57,21006.86,STORE
2025-08-23 12:00:00,FPO_Surat,Mango,25.87,60.98,1353,53.31,11,2000,1358.2,67.91,LOW,63.04,3.57,85295.39,STORE
2025-08-23 13:00:00,FPO_Nashik,Mango,26.65,66.14,1251,62.65,10,2000,1026.71,51.34,LOW,65.2,3.31,81563.21,SELL NOW
2025-08-23 14:00:00,FPO_Indore,Apple,39.31,83.39,1968,104.32,9,2500,1559.12,62.36,HIGH,106.97,3.58,210523.84,SELL NOW
2025-08-23 15:00:00,FPO_Lucknow,Potato,24.2,53.2,940,24.11,9,1500,999.9,66.66,LOW,29.98,1.77,28183.8,STORE
2025-08-23 16:00:00,FPO_Indore,Mango,28.32,55.88,828,52.62,13,2000,834.46,41.72,LOW,58.0,1.69,48019.93,STORE
2025-08-23 17:00:00,FPO_Nagpur,Apple,20.13,76.37,525,93.8,7,1000,649.19,64.92,LOW,95.69,2.12,50239.15,SELL NOW
2025-08-23 18:00:00,FPO_Ahmedabad,Mango,33.64,91.83,1732,56.51,4,1000,1000.0,100.0,HIGH,63.05,4.54,109203.32,SELL NOW
2025-08-23 19:00:00,FPO_Lucknow,Mango,26.92,95.0,818,66.36,4,500,500.0,100.0,MEDIUM,68.19,2.75,55775.81,SELL NOW
2025-08-23 20:00:00,FPO_Nashik,Cabbage,35.07,43.24,524,25.48,7,500,463.97,92.79,LOW,30.01,3.02,15726.31,STORE
2025-08-23 21:00:00,FPO_Nagpur,Cabbage,15.0,58.71,1383,15.0,8,500,500.0,100.0,LOW,11.73,2.87,16217.73,SELL NOW
2025-08-23 22:00:00,FPO_Lucknow,Mango,27.65,49.53,715,70.32,7,1000,786.75,78.67,LOW,79.08,4.0,56540.93,STORE
2025-08-23 23:00:00,FPO_Nagpur,Onion,28.79,77.7,1884,37.5,11,2000,1610.22,80.51,MEDIUM,36.14,2.41,68087.78,SELL NOW
2025-08-24 00:00:00,FPO_Surat,Cabbage,33.47,65.91,945,19.57,14,2000,1078.01,53.9,MEDIUM,24.15,1.74,22821.73,STORE
2025-08-24 01:00:00,FPO_Nagpur,Potato,24.15,78.17,1477,19.95,14,2500,1638.59,65.54,MEDIUM,17.32,2.82,25580.44,SELL NOW
2025-08-24 02:00:00,FPO_Nashik,Apple,32.72,59.07,447,98.57,10,1500,491.82,32.79,LOW,99.35,4.05,44410.13,SELL NOW
2025-08-24 03:00:00,FPO_Karnal,Apple,24.84,75.49,1576,102.62,4,1000,1000.0,100.0,LOW,103.03,4.7,162382.76,SELL NOW
2025-08-24 04:00:00,FPO_Jaipur,Potato,28.56,62.32,597,22.99,4,500,498.7,99.74,LOW,28.61,1.68,17077.56,STORE
2025-08-24 05:00:00,FPO_Lucknow,Potato,33.53,67.13,781,18.59,8,1500,701.07,46.74,LOW,28.98,4.34,22636.64,STORE
2025-08-24 06:00:00,FPO_Surat,Potato,22.42,56.36,402,28.56,12,500,500.0,100.0,LOW,27.74,1.73,11150.4,SELL NOW
2025-08-24 07:00:00,FPO_Nashik,Potato,32.44,85.4,1525,30.72,14,1500,1435.6,95.71,HIGH,29.16,2.66,44466.32,SELL NOW
2025-08-24 08:00:00,FPO_Nagpur,Tomato,30.01,46.06,1371,27.75,9,1500,1020.27,68.02,LOW,35.95,1.58,49289.71,STORE
2025-08-24 09:00:00,FPO_Surat,Apple,26.0,63.29,420,97.13,7,2000,593.32,29.67,LOW,96.56,4.69,40556.63,SELL NOW
2025-08-24 10:00:00,FPO_Nashik,Tomato,23.99,91.71,1921,35.98,12,2500,1749.82,69.99,HIGH,50.58,3.97,97161.6,SELL NOW
2025-08-24 11:00:00,FPO_Karnal,Mango,15.4,84.14,1066,49.03,14,2500,1536.71,61.47,MEDIUM,46.73,2.79,49809.19,SELL NOW
2025-08-24 12:00:00,FPO_Surat,Mango,27.52,52.35,1783,55.53,13,500,500.0,100.0,MEDIUM,62.16,2.82,110827.71,STORE
2025-08-24 13:00:00,FPO_Surat,Apple,26.01,53.11,462,104.9,14,1000,942.21,94.22,MEDIUM,100.21,3.74,46298.67,SELL NOW
2025-08-24 14:00:00,FPO_Jaipur,Mango,31.83,72.71,495,66.96,3,2500,419.46,16.78,LOW,64.87,1.81,32112.01,SELL NOW
2025-08-24 15:00:00,FPO_Indore,Potato,31.23,74.75,1538,20.4,12,1000,1000.0,100.0,HIGH,18.5,2.01,28458.04,SELL NOW
2025-08-24 16:00:00,FPO_Lucknow,Tomato,34.42,82.85,1219,39.4,10,500,500.0,100.0,HIGH,39.41,4.47,48044.2,SELL NOW
2025-08-24 17:00:00,FPO_Jaipur,Potato,34.64,43.86,491,9.78,1,1000,142.35,14.24,LOW,16.92,2.21,8306.73,STORE
2025-08-24 18:00:00,FPO_Ahmedabad,Mango,45.0,84.74,883,65.47,5,1500,769.02,51.27,HIGH,68.28,4.04,60291.02,SELL NOW
2025-08-24 19:00:00,FPO_Lucknow,Cabbage,31.08,51.48,1075,25.43,6,1500,547.98,36.53,LOW,34.14,2.29,36701.2,STORE
2025-08-24 20:00:00,FPO_Jaipur,Tomato,22.84,85.02,1254,25.57,11,500,500.0,100.0,HIGH,32.6,1.81,40882.03,SELL NOW
2025-08-24 21:00:00,FPO_Nagpur,Potato,32.96,40.77,1905,26.39,9,1000,1000.0,100.0,LOW,24.43,4.65,46540.76,SELL NOW
2025-08-24 22:00:00,FPO_Lucknow,Apple,37.64,48.29,1267,98.05,5,1000,959.44,95.94,LOW,100.51,4.66,127351.35,SELL NOW
2025-08-24 23:00:00,FPO_Lucknow,Potato,30.85,90.82,754,16.56,1,500,500.0,100.0,MEDIUM,25.68,3.62,19365.2,STORE
2025-08-25 00:00:00,FPO_Nashik,Cabbage,15.25,91.64,1357,25.58,11,2500,1318.64,52.75,LOW,24.31,3.12,32982.49,SELL NOW
2025-08-25 01:00:00,FPO_Nagpur,Mango,31.33,66.51,548,59.73,11,2000,642.9,32.14,LOW,65.6,3.43,35948.73,SELL NOW
2025-08-25 02:00:00,FPO_Ahmedabad,Tomato,24.22,60.06,418,24.1,4,2500,411.1,16.44,LOW,23.47,2.93,9811.21,SELL NOW
2025-08-25 03:00:00,FPO_Indore,Apple,20.07,64.76,1222,97.13,2,2000,1000.0,50.0,LOW,95.37,4.15,116543.66,SELL NOW
2025-08-25 04:00:00,FPO_Surat,Tomato,29.12,71.22,649,25.93,4,1000,441.24,44.12,LOW,27.44,4.14,17811.51,SELL NOW
2025-08-25 05:00:00,FPO_Karnal,Apple,18.85,72.57,703,91.87,14,2000,1027.23,51.36,LOW,89.32,4.37,62794.43,SELL NOW
2025-08-25 06:00:00,FPO_Jaipur,Tomato,34.14,60.58,285,19.55,7,2000,304.45,15.22,LOW,28.76,3.33,8196.81,STORE
2025-08-25 07:00:00,FPO_Nashik,Mango,32.39,35.97,1474,64.67,9,1000,1000.0,100.0,LOW,53.54,4.3,78913.75,SELL NOW
2025-08-25 08:00:00,FPO_Jaipur,Apple,27.48,56.84,1488,92.88,12,1500,1248.24,83.22,MEDIUM,98.48,2.05,146541.67,SELL NOW
2025-08-25 09:00:00,FPO_Ahmedabad,Onion,24.7,41.67,722,29.91,3,2000,522.71,26.14,LOW,35.49,1.61,25622.58,STORE
2025-08-25 10:00:00,FPO_Surat,Tomato,26.9,76.49,1303,18.65,3,500,500.0,100.0,LOW,19.37,3.77,25236.72,SELL NOW
2025-08-25 11:00:00,FPO_Ahmedabad,Tomato,21.93,70.53,1844,35.53,11,2500,1629.27,65.17,LOW,28.52,1.87,52599.57,SELL NOW
2025-08-25 12:00:00,FPO_Lucknow,Potato,27.54,63.33,660,20.65,4,1000,694.94,69.49,LOW,25.93,3.43,17111.57,STORE
2025-08-25 13:00:00,FPO_Karnal,Apple,15.0,61.24,1213,105.59,7,1000,1000.0,100.0,LOW,106.35,4.02,129006.31,SELL NOW
2025-08-25 14:00:00,FPO_Ahmedabad,Cabbage,28.53,94.49,829,35.57,6,2000,943.05,47.15,MEDIUM,35.45,2.92,29391.68,SELL NOW
2025-08-25 15:00:00,FPO_Jaipur,Onion,28.69,82.2,451,23.56,14,1500,831.9,55.46,HIGH,32.51,1.65,14662.32,SELL NOW
2025-08-25 16:00:00,FPO_Nagpur,Mango,33.07,68.08,217,56.6,5,1500,369.01,24.6,LOW,66.93,4.6,14524.75,STORE
2025-08-25 17:00:00,FPO_Nagpur,Potato,29.8,56.93,1479,26.36,4,2500,853.52,34.14,LOW,26.82,1.65,39660.71,SELL NOW
2025-08-25 18:00:00,FPO_Lucknow,Onion,33.86,84.35,1468,26.84,12,2500,1186.88,47.48,HIGH,25.96,4.67,38112.79,SELL NOW
2025-08-25 19:00:00,FPO_Indore,Apple,31.28,66.66,1376,101.45,8,1500,1023.61,68.24,LOW,90.68,1.68,124776.44,SELL NOW
2025-08-25 20:00:00,FPO_Jaipur,Onion,34.22,55.28,1832,30.51,12,1500,1409.27,93.95,MEDIUM,25.52,4.07,46745.48,SELL NOW
2025-08-25 21:00:00,FPO_Jaipur,Tomato,43.73,56.14,699,16.29,4,1500,517.74,34.52,LOW,15.36,4.74,10738.99,SELL NOW
2025-08-25 22:00:00,FPO_Ahmedabad,Tomato,30.52,74.93,657,32.72,3,2000,361.8,18.09,LOW,41.1,4.67,26999.69,STORE
2025-08-25 23:00:00,FPO_Karnal,Potato,29.1,79.28,1921,21.31,7,500,500.0,100.0,MEDIUM,26.57,4.63,51048.15,STORE
2025-08-26 00:00:00,FPO_Jaipur,Apple,35.12,74.53,1765,94.03,2,2500,1147.68,45.91,LOW,102.32,4.59,180595.03,SELL NOW
2025-08-26 01:00:00,FPO_Nashik,Apple,25.19,74.86,314,107.73,4,1000,380.86,38.09,LOW,114.21,3.29,35860.57,SELL NOW
2025-08-26 02:00:00,FPO_Indore,Onion,27.28,60.44,952,26.49,8,1500,949.33,63.29,LOW,29.49,3.45,28073.94,STORE
2025-08-26 03:00:00,FPO_Ahmedabad,Potato,30.53,56.84,968,18.21,4,1500,668.76,44.58,LOW,21.69,3.67,20992.37,STORE
2025-08-26 04:00:00,FPO_Nashik,Apple,28.43,67.23,646,91.0,10,500,500.0,100.0,MEDIUM,96.69,4.64,62458.78,SELL NOW
2025-08-26 05:00:00,FPO_Lucknow,Cabbage,28.41,63.77,552,27.98,12,1500,831.57,55.44,LOW,29.86,4.43,16482.31,SELL NOW
2025-08-26 06:00:00,FPO_Nagpur,Cabbage,33.4,49.99,824,25.21,7,2500,573.39,22.94,LOW,29.8,4.24,24553.69,STORE
2025-08-26 07:00:00,FPO_Lucknow,Tomato,17.82,64.52,740,19.31,2,1500,614.23,40.95,LOW,24.12,3.87,17847.39,STORE
2025-08-26 08:00:00,FPO_Nagpur,Onion,40.2,75.35,521,31.23,11,500,500.0,100.0,HIGH,35.44,3.66,18466.53,SELL NOW
2025-08-26 09:00:00,FPO_Lucknow,Mango,30.92,59.14,1682,64.14,5,2000,1161.37,58.07,LOW,64.3,4.73,108155.86,SELL NOW
2025-08-26 10:00:00,FPO_Jaipur,Tomato,25.6,88.81,425,30.31,12,2500,843.96,33.76,MEDIUM,40.0,2.17,17001.29,STORE
2025-08-26 11:00:00,FPO_Nashik,Potato,37.77,46.22,1979,28.62,13,2000,1492.2,74.61,MEDIUM,38.25,2.17,75691.01,STORE
2025-08-26 12:00:00,FPO_Nagpur,Apple,28.62,52.64,560,96.98,4,1000,589.18,58.92,LOW,93.66,4.94,52449.83,SELL NOW
2025-08-26 13:00:00,FPO_Ahmedabad,Tomato,28.78,56.41,1754,36.84,9,500,500.0,100.0,MEDIUM,29.74,3.44,52163.31,SELL NOW
2025-08-26 14:00:00,FPO_Nashik,Mango,26.71,77.34,1033,60.02,7,1000,890.87,89.09,MEDIUM,60.81,3.19,62818.02,SELL NOW
2025-08-26 15:00:00,FPO_Ahmedabad,Mango,36.81,68.19,311,64.0,14,1000,456.17,45.62,MEDIUM,63.0,4.48,19593.21,SELL NOW
2025-08-26 16:00:00,FPO_Nashik,Cabbage,27.94,51.71,411,31.39,9,1000,401.72,40.17,LOW,26.16,4.47,10750.16,SELL NOW
2025-08-26 17:00:00,FPO_Nashik,Potato,24.65,36.92,1456,35.25,11,1000,1000.0,100.0,LOW,36.37,2.12,52950.12,SELL NOW
2025-08-26 18:00:00,FPO_Lucknow,Tomato,33.99,47.2,1147,22.59,13,500,500.0,100.0,MEDIUM,32.73,2.11,37540.69,STORE
2025-08-26 19:00:00,FPO_Nagpur,Onion,35.1,38.7,358,26.3,13,2000,404.77,20.24,LOW,31.59,4.28,11308.85,STORE
2025-08-26 20:00:00,FPO_Nagpur,Tomato,37.64,78.1,771,28.95,10,1500,788.73,52.58,HIGH,36.04,4.25,27790.46,SELL NOW
2025-08-26 21:00:00,FPO_Karnal,Cabbage,31.8,49.11,1547,23.15,7,1000,1000.0,100.0,LOW,32.76,2.29,50678.47,STORE
2025-08-26 22:00:00,FPO_Nashik,Mango,34.88,75.21,1316,55.99,2,1500,899.96,60.0,LOW,62.85,4.45,82707.23,STORE
2025-08-26 23:00:00,FPO_Jaipur,Potato,26.44,73.16,1471,14.38,12,1500,1064.38,70.96,MEDIUM,16.55,3.18,24344.32,STORE
2025-08-27 00:00:00,FPO_Jaipur,Potato,34.15,82.87,869,22.63,2,1000,506.08,50.61,LOW,31.47,3.14,27348.05,STORE
2025-08-27 01:00:00,FPO_Ahmedabad,Onion,32.46,54.28,1364,33.98,2,2500,973.51,38.94,LOW,32.98,4.95,44988.58,SELL NOW
2025-08-27 02:00:00,FPO_Ahmedabad,Potato,31.18,71.07,1110,23.76,5,1500,725.88,48.39,LOW,19.16,3.32,21272.95,SELL NOW
2025-08-27 03:00:00,FPO_Lucknow,Cabbage,18.66,66.83,1222,16.85,1,2500,868.41,34.74,LOW,26.85,1.98,32806.35,STORE
2025-08-27 04:00:00,FPO_Nashik,Cabbage,25.67,66.87,603,16.97,13,2000,732.57,36.63,LOW,27.66,2.48,16677.81,STORE
2025-08-27 05:00:00,FPO_Ahmedabad,Cabbage,27.73,64.71,1955,25.31,7,1500,1500.0,100.0,MEDIUM,26.26,2.67,51345.46,SELL NOW
2025-08-27 06:00:00,FPO_Ahmedabad,Potato,31.19,77.63,603,20.81,2,500,365.86,73.17,LOW,21.13,4.85,12743.79,SELL NOW
2025-08-27 07:00:00,FPO_Indore,Potato,42.4,75.99,800,20.41,4,2000,617.51,30.88,MEDIUM,26.2,2.42,20962.4,STORE
2025-08-27 08:00:00,FPO_Nashik,Cabbage,33.16,64.96,1890,23.61,9,2000,1400.7,70.04,MEDIUM,21.13,3.01,39936.73,SELL NOW
2025-08-27 09:00:00,FPO_Surat,Potato,23.14,58.11,1637,19.51,8,2500,1090.67,43.63,LOW,21.31,4.12,34881.35,SELL NOW
2025-08-27 10:00:00,FPO_Lucknow,Potato,25.12,56.38,1663,22.74,10,1000,1000.0,100.0,LOW,26.92,2.46,44762.91,STORE
2025-08-27 11:00:00,FPO_Ahmedabad,Mango,36.34,65.53,1456,65.51,2,500,500.0,100.0,MEDIUM,65.05,3.96,94712.87,SELL NOW
2025-08-27 12:00:00,FPO_Lucknow,Tomato,24.85,68.33,392,23.33,14,500,500.0,100.0,MEDIUM,31.83,2.23,12475.73,STORE
2025-08-27 13:00:00,FPO_Nagpur,Apple,34.11,63.63,1322,102.26,4,2500,1103.88,44.16,LOW,106.55,2.35,140859.45,SELL NOW
2025-08-27 14:00:00,FPO_Lucknow,Potato,28.7,45.62,1336,22.41,4,2500,1228.62,49.14,LOW,24.73,4.95,33042.13,STORE
2025-08-27 15:00:00,FPO_Surat,Apple,27.0,60.43,1842,91.08,2,2000,1234.59,61.73,LOW,99.0,2.79,182353.65,SELL NOW
2025-08-27 16:00:00,FPO_Jaipur,Apple,24.95,57.09,1759,96.72,2,2500,1095.92,43.84,LOW,100.48,4.05,176743.21,SELL NOW
2025-08-27 17:00:00,FPO_Surat,Mango,15.0,65.23,1504,60.05,5,1000,1000.0,100.0,LOW,59.47,4.44,89450.08,SELL NOW
2025-08-27 18:00:00,FPO_Jaipur,Potato,31.24,95.0,1199,32.82,11,2000,1068.04,53.4,HIGH,42.15,2.71,50532.21,SELL NOW
2025-08-27 19:00:00,FPO_Lucknow,Cabbage,21.69,71.45,1939,21.37,4,2000,1398.99,69.95,LOW,24.24,2.75,47010.97,STORE
2025-08-27 20:00:00,FPO_Jaipur,Apple,19.49,83.93,722,96.95,8,2000,1005.42,50.27,LOW,83.33,4.21,60165.44,SELL NOW
2025-08-27 21:00:00,FPO_Nagpur,Potato,29.49,54.74,549,24.07,4,500,446.12,89.22,LOW,28.47,3.62,15629.26,STORE
2025-08-27 22:00:00,FPO_Nashik,Onion,34.18,65.33,515,29.43,8,500,395.08,79.02,MEDIUM,22.84,2.77,11761.49,SELL NOW
2025-08-27 23:00:00,FPO_Jaipur,Cabbage,17.82,83.43,1940,18.69,14,2000,1899.38,94.97,MEDIUM,32.13,4.12,62339.57,STORE
2025-08-28 00:00:00,FPO_Jaipur,Onion,34.02,41.29,1142,21.32,5,1000,597.85,59.79,LOW,26.14,4.52,29847.79,STORE
2025-08-28 01:00:00,FPO_Lucknow,Onion,22.58,61.5,1723,20.69,1,1500,971.11,64.74,LOW,25.5,2.32,43944.6,STORE
2025-08-28 02:00:00,FPO_Nagpur,Apple,31.89,74.31,1760,104.25,14,2000,1678.36,83.92,HIGH,111.01,1.59,195381.65,SELL NOW
2025-08-28 03:00:00,FPO_Karnal,Onion,31.47,63.91,1112,24.85,14,2500,1076.37,43.05,MEDIUM,18.93,2.46,21053.43,SELL NOW
2025-08-28 04:00:00,FPO_Karnal,Mango,26.76,56.48,851,71.85,9,1500,980.86,65.39,LOW,76.84,3.86,65389.29,SELL NOW
2025-08-28 05:00:00,FPO_Karnal,Mango,28.18,57.32,834,57.36,8,500,500.0,100.0,LOW,55.28,4.7,46107.33,SELL NOW
2025-08-28 06:00:00,FPO_Karnal,Apple,25.62,69.73,1210,103.86,1,500,500.0,100.0,LOW,104.82,4.52,126829.87,SELL NOW
2025-08-28 07:00:00,FPO_Nashik,Potato,29.58,41.44,1659,16.19,12,1500,1500.0,100.0,LOW,21.37,2.28,35454.31,STORE
2025-08-28 08:00:00,FPO_Surat,Tomato,29.53,66.87,1746,28.95,3,2500,1219.84,48.79,LOW,29.18,4.58,50945.81,SELL NOW
2025-08-28 09:00:00,FPO_Lucknow,Potato,22.46,75.89,792,29.07,3,500,500.0,100.0,LOW,22.47,4.34,17792.8,SELL NOW
2025-08-28 10:00:00,FPO_Lucknow,Potato,19.85,59.57,643,20.25,5,500,500.0,100.0,LOW,25.65,4.07,16491.35,STORE
2025-08-28 11:00:00,FPO_Indore,Potato,34.05,41.6,820,16.57,7,2000,576.61,28.83,LOW,23.15,3.91,18980.13,STORE
2025-08-28 12:00:00,FPO_Nagpur,Potato,29.22,57.32,1431,20.14,1,1000,743.12,74.31,LOW,17.61,4.32,25204.77,SELL NOW
2025-08-28 13:00:00,FPO_Karnal,Cabbage,33.22,63.14,955,23.92,1,2500,643.5,25.74,LOW,22.98,4.52,21947.19,SELL NOW
2025-08-28 14:00:00,FPO_Nashik,Tomato,23.98,48.85,1499,23.07,10,2000,1339.65,66.98,LOW,25.08,4.37,37601.27,SELL NOW
2025-08-28 15:00:00,FPO_Nagpur,Cabbage,23.05,65.46,696,33.26,13,1000,896.41,89.64,MEDIUM,45.87,1.93,31926.96,STORE
2025-08-28 16:00:00,FPO_Karnal,Onion,21.93,67.58,972,30.09,6,500,500.0,100.0,LOW,41.75,4.03,40581.15,STORE
2025-08-28 17:00:00,FPO_Nashik,Potato,26.92,83.04,1520,28.4,14,1000,1000.0,100.0,HIGH,36.85,4.44,56008.09,SELL NOW
2025-08-28 18:00:00,FPO_Nagpur,Mango,29.39,62.53,573,65.37,5,500,378.23,75.65,LOW,78.75,2.15,45124.04,STORE
2025-08-28 19:00:00,FPO_Lucknow,Apple,24.74,66.68,1798,108.51,12,2000,1460.43,73.02,MEDIUM,116.89,2.25,210173.12,SELL NOW
2025-08-28 20:00:00,FPO_Lucknow,Apple,37.39,56.74,383,93.7,12,500,483.21,96.64,HIGH,98.07,4.25,37559.9,SELL NOW
2025-08-28 21:00:00,FPO_Surat,Cabbage,24.15,57.84,231,28.22,13,1000,546.24,54.62,LOW,25.69,2.7,5934.92,SELL NOW
2025-08-28 22:00:00,FPO_Ahmedabad,Cabbage,29.49,75.56,482,22.48,3,2000,524.6,26.23,LOW,16.83,2.9,8113.19,SELL NOW
2025-08-28 23:00:00,FPO_Surat,Mango,22.7,61.48,1035,59.29,13,1000,1000.0,100.0,MEDIUM,59.84,2.82,61936.61,SELL NOW
2025-08-29 00:00:00,FPO_Jaipur,Potato,23.96,77.4,1072,16.6,3,1000,996.34,99.63,LOW,20.55,2.24,22030.65,STORE
2025-08-29 01:00:00,FPO_Surat,Tomato,27.48,64.3,1655,39.63,4,1500,1257.8,83.85,LOW,54.14,4.79,89600.63,STORE
2025-08-29 02:00:00,FPO_Karnal,Onion,23.0,47.84,1742,26.32,13,500,500.0,100.0,LOW,28.19,4.32,49114.49,SELL NOW
2025-08-29 03:00:00,FPO_Indore,Apple,28.54,54.61,885,103.26,11,500,500.0,100.0,MEDIUM,107.03,2.38,94719.7,SELL NOW
2025-08-29 04:00:00,FPO_Nagpur,Onion,30.64,95.0,661,23.57,10,1000,713.5,71.35,HIGH,28.3,1.87,18704.36,SELL NOW
2025-08-29 05:00:00,FPO_Indore,Tomato,34.56,63.49,1070,26.73,2,500,500.0,100.0,LOW,30.76,2.8,32909.5,STORE
2025-08-29 06:00:00,FPO_Ahmedabad,Cabbage,21.52,40.77,1183,30.3,13,2500,1096.47,43.86,LOW,42.19,2.95,49912.92,STORE
2025-08-29 07:00:00,FPO_Jaipur,Apple,29.01,47.93,567,101.74,9,500,500.0,100.0,LOW,111.38,1.52,63150.27,SELL NOW
2025-08-29 08:00:00,FPO_Nagpur,Onion,27.63,54.31,857,25.29,13,2000,1071.8,53.59,LOW,28.32,4.61,24268.31,STORE
2025-08-29 09:00:00,FPO_Nashik,Cabbage,16.91,51.6,1475,21.42,12,500,500.0,100.0,LOW,21.3,4.48,31422.7,SELL NOW
2025-08-29 10:00:00,FPO_Karnal,Tomato,21.23,48.51,365,28.81,4,2500,188.68,7.55,LOW,29.0,4.48,10584.97,SELL NOW
2025-08-29 11:00:00,FPO_Jaipur,Onion,30.85,86.94,1838,29.91,10,1000,1000.0,100.0,HIGH,33.08,4.32,60796.59,SELL NOW
2025-08-29 12:00:00,FPO_Lucknow,Potato,19.88,74.97,1199,15.43,3,500,500.0,100.0,LOW,14.88,4.07,17842.27,SELL NOW
2025-08-29 13:00:00,FPO_Ahmedabad,Cabbage,27.56,62.0,1928,23.09,10,2000,1515.2,75.76,LOW,30.62,3.72,59039.35,STORE
2025-08-29 14:00:00,FPO_Jaipur,Tomato,15.27,56.19,1752,27.27,11,2500,1728.41,69.14,LOW,26.89,4.86,47114.16,SELL NOW
2025-08-29 15:00:00,FPO_Karnal,Onion,27.38,62.57,801,32.84,7,1500,858.83,57.26,LOW,43.62,3.99,34938.89,STORE
2025-08-29 16:00:00,FPO_Surat,Potato,15.68,91.71,1594,27.07,13,1000,1000.0,100.0,MEDIUM,33.52,3.71,53424.7,STORE
2025-08-29 17:00:00,FPO_Jaipur,Potato,24.37,52.02,1821,25.36,9,1000,1000.0,100.0,LOW,21.82,4.26,39741.29,SELL NOW
2025-08-29 18:00:00,FPO_Surat,Tomato,25.37,41.34,1326,29.7,12,1000,1000.0,100.0,LOW,40.06,2.36,53121.24,STORE
2025-08-29 19:00:00,FPO_Karnal,Mango,28.74,75.01,793,61.81,13,2500,1049.43,41.98,MEDIUM,58.2,4.89,46151.3,SELL NOW
2025-08-29 20:00:00,FPO_Lucknow,Apple,26.48,80.12,325,102.39,2,500,436.55,87.31,LOW,113.42,1.57,36859.94,STORE
2025-08-29 21:00:00,FPO_Nagpur,Tomato,20.58,86.77,237,32.78,14,500,500.0,100.0,HIGH,39.51,3.77,9362.75,SELL NOW
2025-08-29 22:00:00,FPO_Nashik,Potato,20.7,59.71,547,30.46,6,500,500.0,100.0,LOW,44.67,1.77,24434.09,STORE
2025-08-29 23:00:00,FPO_Lucknow,Potato,18.32,59.87,1436,17.14,5,500,500.0,100.0,LOW,7.45,4.49,10700.6,SELL NOW
2025-08-30 00:00:00,FPO_Surat,Tomato,29.24,95.0,1542,25.76,1,1000,1000.0,100.0,MEDIUM,29.47,4.89,45440.64,STORE
2025-08-30 01:00:00,FPO_Surat,Mango,28.97,73.93,936,65.05,11,1500,918.89,61.26,MEDIUM,67.92,2.93,63576.49,SELL NOW
2025-08-30 02:00:00,FPO_Nashik,Apple,32.02,63.72,933,95.02,7,1000,797.59,79.76,LOW,94.93,4.5,88570.09,SELL NOW
2025-08-30 03:00:00,FPO_Nagpur,Onion,25.0,72.55,625,23.52,1,1500,300.6,20.04,LOW,31.47,2.68,19668.68,STORE
2025-08-30 04:00:00,FPO_Jaipur,Tomato,17.59,58.46,1470,24.79,10,1500,1372.77,91.52,LOW,26.19,2.06,38496.58,SELL NOW
2025-08-30 05:00:00,FPO_Nashik,Apple,26.1,69.52,847,100.37,9,500,500.0,100.0,MEDIUM,110.57,2.47,93654.42,STORE
2025-08-30 06:00:00,FPO_Ahmedabad,Apple,28.07,69.27,485,97.61,4,2000,565.22,28.26,LOW,95.96,2.56,46538.8,SELL NOW
2025-08-30 07:00:00,FPO_Ahmedabad,Cabbage,21.01,77.51,1454,26.85,14,2500,1337.43,53.5,MEDIUM,20.26,3.71,29463.45,SELL NOW
2025-08-30 08:00:00,FPO_Karnal,Potato,21.58,50.23,519,20.58,8,2000,680.3,34.02,LOW,19.85,4.29,10301.83,SELL NOW
2025-08-30 09:00:00,FPO_Lucknow,Onion,30.71,70.33,711,28.27,1,1500,389.53,25.97,LOW,34.14,2.22,24274.53,STORE
2025-08-30 10:00:00,FPO_Surat,Tomato,28.6,47.5,1744,19.65,5,2000,1116.5,55.83,LOW,27.66,1.81,48246.0,STORE
2025-08-30 11:00:00,FPO_Nagpur,Potato,34.8,93.13,424,24.99,3,1500,384.24,25.62,MEDIUM,23.21,2.28,9841.85,SELL NOW
2025-08-30 12:00:00,FPO_Karnal,Cabbage,38.33,58.71,705,28.06,4,1000,497.66,49.77,LOW,33.66,2.54,23733.06,STORE
2025-08-30 13:00:00,FPO_Lucknow,Cabbage,18.98,40.18,1330,24.06,12,1000,1000.0,100.0,LOW,28.82,2.48,38333.4,STORE
2025-08-30 14:00:00,FPO_Lucknow,Potato,25.49,95.0,1922,22.74,4,500,500.0,100.0,MEDIUM,26.78,2.27,51474.12,STORE
2025-08-30 15:00:00,FPO_Karnal,Mango,28.74,57.18,1956,60.73,8,2500,1562.12,62.48,LOW,72.47,3.13,141760.36,STORE
2025-08-30 16:00:00,FPO_Indore,Apple,30.18,66.42,1830,105.26,10,1000,1000.0,100.0,MEDIUM,106.82,4.5,195486.79,SELL NOW
2025-08-30 17:00:00,FPO_Lucknow,Tomato,34.1,39.57,1930,29.11,10,2500,1463.97,58.56,LOW,27.42,1.85,52928.84,SELL NOW
2025-08-30 18:00:00,FPO_Indore,Tomato,32.37,64.2,1977,21.32,13,500,500.0,100.0,HIGH,24.7,4.52,48835.43,SELL NOW
2025-08-30 19:00:00,FPO_Ahmedabad,Tomato,34.83,90.09,941,37.54,3,2500,581.43,23.26,LOW,39.73,3.24,37383.55,SELL NOW
2025-08-30 20:00:00,FPO_Ahmedabad,Potato,28.37,75.57,1554,28.44,1,1000,934.85,93.48,LOW,35.96,3.81,55888.38,STORE
2025-08-30 21:00:00,FPO_Lucknow,Mango,24.23,39.49,1228,60.25,5,1000,700.58,70.06,LOW,63.29,4.35,77716.79,SELL NOW
2025-08-30 22:00:00,FPO_Ahmedabad,Onion,39.7,53.55,667,30.77,2,2000,345.5,17.28,LOW,35.04,2.57,23371.81,STORE
2025-08-30 23:00:00,FPO_Nagpur,Cabbage,28.92,78.77,1739,26.45,13,2000,1413.59,70.68,HIGH,28.01,4.84,48715.65,SELL NOW
2025-08-31 00:00:00,FPO_Indore,Potato,26.55,74.55,1999,18.15,11,2000,1736.11,86.81,MEDIUM,9.72,1.79,19427.48,SELL NOW
2025-08-31 01:00:00,FPO_Indore,Onion,21.57,57.71,1137,35.57,13,2500,1346.52,53.86,LOW,39.48,3.35,44894.33,STORE
2025-08-31 02:00:00,FPO_Lucknow,Cabbage,28.96,70.96,964,30.05,14,1000,1000.0,100.0,HIGH,38.96,2.39,37555.7,SELL NOW
2025-08-31 03:00:00,FPO_Ahmedabad,Cabbage,34.03,47.03,362,24.57,6,500,205.07,41.01,LOW,30.49,2.93,11036.28,STORE
2025-08-31 04:00:00,FPO_Nashik,Mango,25.0,45.39,852,63.36,4,1500,511.29,34.09,LOW,58.79,3.07,50087.56,SELL NOW
2025-08-31 05:00:00,FPO_Surat,Apple,27.2,30.0,1100,105.22,9,1000,980.53,98.05,LOW,106.52,4.7,117176.51,SELL NOW
2025-08-31 06:00:00,FPO_Karnal,Tomato,29.49,78.88,1007,29.14,7,2000,905.9,45.3,LOW,30.89,3.05,31104.98,SELL NOW
2025-08-31 07:00:00,FPO_Karnal,Onion,30.83,63.42,1754,24.85,2,2000,1146.3,57.31,LOW,30.62,3.94,53702.06,STORE
2025-08-31 08:00:00,FPO_Indore,Potato,26.44,65.06,281,25.43,7,2500,280.52,11.22,LOW,29.15,4.83,8190.85,STORE
2025-08-31 09:00:00,FPO_Lucknow,Onion,25.64,30.0,680,30.28,10,2000,688.93,34.45,LOW,18.22,3.23,12392.49,SELL NOW
2025-08-31 10:00:00,FPO_Lucknow,Apple,24.94,64.26,715,94.53,14,2500,1034.54,41.38,LOW,92.38,2.93,66052.04,SELL NOW
2025-08-31 11:00:00,FPO_Nagpur,Tomato,21.36,73.27,1863,33.17,8,500,500.0,100.0,LOW,34.36,4.91,64007.0,SELL NOW
2025-08-31 12:00:00,FPO_Jaipur,Onion,23.38,33.66,386,31.18,3,2000,316.22,15.81,LOW,30.93,4.4,11940.08,SELL NOW
2025-08-31 13:00:00,FPO_Surat,Apple,23.22,65.66,345,98.85,3,2500,356.47,14.26,LOW,100.84,4.79,34789.18,SELL NOW
2025-08-31 14:00:00,FPO_Jaipur,Potato,18.75,64.0,1205,32.36,11,2000,1145.01,57.25,LOW,32.98,2.89,39746.0,SELL NOW
2025-08-31 15:00:00,FPO_Indore,Mango,33.96,58.02,351,57.27,2,2500,195.44,7.82,LOW,59.08,3.94,20737.46,SELL NOW
2025-08-31 16:00:00,FPO_Karnal,Cabbage,30.16,84.61,1586,20.29,12,1000,1000.0,100.0,HIGH,27.23,2.37,43189.2,SELL NOW
2025-08-31 17:00:00,FPO_Nagpur,Potato,28.85,81.02,292,22.78,1,2500,322.6,12.9,LOW,31.6,4.53,9227.73,STORE
2025-08-31 18:00:00,FPO_Nagpur,Tomato,35.83,95.0,1254,27.22,3,1500,815.51,54.37,MEDIUM,29.43,4.77,36899.64,SELL NOW
2025-08-31 19:00:00,FPO_Nagpur,Cabbage,32.31,46.81,739,22.21,10,500,500.0,100.0,MEDIUM,28.13,2.44,20790.89,STORE
2025-08-31 20:00:00,FPO_Indore,Potato,23.26,71.43,848,29.04,12,1000,1000.0,100.0,MEDIUM,34.14,1.87,28951.18,STORE
2025-08-31 21:00:00,FPO_Jaipur,Potato,35.04,87.5,801,16.39,11,500,500.0,100.0,HIGH,26.24,2.2,21016.94,SELL NOW
2025-08-31 22:00:00,FPO_Karnal,Potato,33.83,54.62,248,23.55,7,1000,205.8,20.58,LOW,29.91,3.71,7416.46,STORE
2025-08-31 23:00:00,FPO_Nagpur,Potato,21.29,90.37,1481,22.44,11,2000,1466.79,73.34,MEDIUM,35.77,2.45,52973.21,STORE
2025-09-01 00:00:00,FPO_Karnal,Cabbage,33.42,70.47,1741,24.94,9,2500,1570.27,62.81,MEDIUM,31.43,3.74,54725.35,STORE
2025-09-01 01:00:00,FPO_Ahmedabad,Tomato,25.2,38.8,740,33.78,14,2000,1002.24,50.11,LOW,28.69,2.73,21229.07,SELL NOW
2025-09-01 02:00:00,FPO_Lucknow,Apple,33.98,45.71,1633,110.27,9,500,500.0,100.0,MEDIUM,119.99,4.71,195939.47,SELL NOW
2025-09-01 03:00:00,FPO_Lucknow,Onion,25.97,56.29,355,30.0,13,500,500.0,100.0,MEDIUM,37.6,3.08,13348.77,STORE
2025-09-01 04:00:00,FPO_Karnal,Mango,24.8,63.68,974,64.44,6,1000,887.37,88.74,LOW,71.93,3.24,70064.05,STORE
2025-09-01 05:00:00,FPO_Nashik,Onion,25.42,83.58,745,30.2,14,500,500.0,100.0,HIGH,26.65,2.72,19850.93,SELL NOW
2025-09-01 06:00:00,FPO_Nashik,Onion,22.17,63.65,1663,30.39,6,2500,1395.98,55.84,LOW,38.86,1.76,64630.12,STORE
2025-09-01 07:00:00,FPO_Indore,Mango,19.12,82.99,1460,62.26,11,500,500.0,100.0,MEDIUM,70.2,3.23,102484.95,STORE
2025-09-01 08:00:00,FPO_Indore,Cabbage,15.0,66.62,849,25.84,5,2000,801.38,40.07,LOW,21.85,4.21,18547.53,SELL NOW
2025-09-01 09:00:00,FPO_Lucknow,Tomato,21.67,65.19,1591,23.44,2,2500,1144.97,45.8,LOW,29.99,4.84,47709.57,STORE
2025-09-01 10:00:00,FPO_Ahmedabad,Mango,43.78,60.62,1200,66.66,7,500,500.0,100.0,HIGH,71.12,1.77,85344.09,SELL NOW
2025-09-01 11:00:00,FPO_Surat,Tomato,30.87,79.73,1280,30.25,1,1500,889.87,59.32,LOW,33.29,4.29,42616.12,STORE
2025-09-01 12:00:00,FPO_Jaipur,Cabbage,39.19,66.94,374,24.77,6,1500,376.94,25.13,LOW,27.35,2.43,10227.87,STORE
2025-09-01 13:00:00,FPO_Jaipur,Onion,26.09,54.01,1437,26.87,14,2000,1278.67,63.93,LOW,20.35,4.38,29236.69,SELL NOW
2025-09-01 14:00:00,FPO_Indore,Tomato,25.19,69.98,226,29.46,4,1000,274.64,27.46,LOW,32.12,2.7,7258.32,SELL NOW
2025-09-01 15:00:00,FPO_Ahmedabad,Cabbage,38.3,58.14,1342,23.78,3,1000,718.64,71.86,LOW,30.66,1.9,41152.11,STORE
2025-09-01 16:00:00,FPO_Indore,Cabbage,30.25,57.31,346,25.91,11,500,500.0,100.0,MEDIUM,24.79,3.64,8577.68,SELL NOW
2025-09-01 17:00:00,FPO_Surat,Apple,22.27,82.74,1067,99.06,13,2500,1253.04,50.12,MEDIUM,101.77,4.63,108590.3,SELL NOW
2025-09-01 18:00:00,FPO_Jaipur,Mango,31.8,62.61,464,55.84,1,1000,401.86,40.19,LOW,56.3,2.14,26124.34,SELL NOW
2025-09-01 19:00:00,FPO_Karnal,Apple,35.51,95.0,1626,108.05,14,1500,1500.0,100.0,HIGH,108.91,1.58,177082.98,SELL NOW
2025-09-01 20:00:00,FPO_Indore,Onion,19.43,76.03,457,25.28,6,1000,542.65,54.26,LOW,19.1,4.59,8727.35,SELL NOW
2025-09-01 21:00:00,FPO_Nagpur,Mango,30.79,53.51,1412,56.1,13,1500,1244.9,82.99,MEDIUM,62.4,3.94,88106.72,STORE
2025-09-01 22:00:00,FPO_Karnal,Onion,19.83,52.48,1026,33.39,7,1000,975.28,97.53,LOW,36.49,4.33,37435.83,SELL NOW
2025-09-01 23:00:00,FPO_Surat,Apple,35.18,46.39,942,101.55,11,2000,786.91,39.35,LOW,100.46,1.71,94636.23,SELL NOW
2025-09-02 00:00:00,FPO_Surat,Cabbage,29.38,74.09,1722,28.3,1,2500,1156.82,46.27,LOW,37.29,4.62,64214.3,STORE
2025-09-02 01:00:00,FPO_Indore,Onion,31.78,52.15,909,32.52,11,500,500.0,100.0,MEDIUM,39.8,2.97,36177.18,STORE
2025-09-02 02:00:00,FPO_Lucknow,Mango,26.7,31.02,1462,56.23,1,1500,1067.27,71.15,LOW,58.9,4.64,86112.93,SELL NOW
2025-09-02 03:00:00,FPO_Indore,Mango,17.31,40.23,1550,63.35,7,1000,1000.0,100.0,LOW,72.6,1.73,112527.51,STORE
2025-09-02 04:00:00,FPO_Lucknow,Onion,25.35,48.44,1293,26.78,11,500,500.0,100.0,LOW,37.7,4.6,48747.69,STORE
2025-09-02 05:00:00,FPO_Surat,Mango,33.58,70.05,1987,65.27,12,1500,1500.0,100.0,HIGH,63.57,3.86,126305.2,SELL NOW
2025-09-02 06:00:00,FPO_Ahmedabad,Cabbage,39.96,63.76,1928,20.01,6,1500,1397.81,93.19,MEDIUM,17.43,3.44,33612.08,SELL NOW
2025-09-02 07:00:00,FPO_Surat,Cabbage,29.69,79.14,1248,21.04,7,2000,1034.69,51.73,LOW,12.87,1.72,16067.45,SELL NOW
2025-09-02 08:00:00,FPO_Jaipur,Mango,23.88,51.39,1805,56.18,13,1000,1000.0,100.0,LOW,55.63,3.91,100416.79,SELL NOW
2025-09-02 09:00:00,FPO_Karnal,Onion,31.21,60.13,1379,31.55,8,500,500.0,100.0,MEDIUM,32.61,3.59,44975.33,SELL NOW
2025-09-02 10:00:00,FPO_Karnal,Apple,33.04,91.21,1881,99.74,8,1000,1000.0,100.0,HIGH,94.58,4.04,177911.73,SELL NOW
2025-09-02 11:00:00,FPO_Nashik,Mango,28.8,59.88,418,60.57,9,1000,660.91,66.09,LOW,59.38,4.01,24821.57,SELL NOW
2025-09-02 12:00:00,FPO_Nashik,Mango,28.43,68.37,760,59.41,13,2500,893.34,35.73,LOW,66.11,3.05,50242.16,STORE
2025-09-02 13:00:00,FPO_Surat,Mango,29.28,55.16,1602,59.73,9,1500,1284.38,85.63,LOW,64.05,2.22,102612.04,SELL NOW
2025-09-02 14:00:00,FPO_Jaipur,Mango,28.26,61.62,1091,57.59,7,1500,928.06,61.87,LOW,56.79,4.72,61957.3,SELL NOW
2025-09-02 15:00:00,FPO_Nashik,Onion,29.79,72.13,1417,22.44,9,2500,1186.86,47.47,LOW,31.64,4.74,44836.01,STORE
2025-09-02 16:00:00,FPO_Karnal,Apple,38.97,74.86,1263,93.02,6,2500,867.87,34.71,MEDIUM,89.29,2.24,112771.63,SELL NOW
2025-09-02 17:00:00,FPO_Indore,Apple,15.8,66.77,796,95.99,9,1000,1000.0,100.0,LOW,101.5,3.71,80790.15,SELL NOW
2025-09-02 18:00:00,FPO_Ahmedabad,Tomato,26.57,61.1,542,26.39,11,1500,743.55,49.57,LOW,28.23,2.21,15300.07,SELL NOW
2025-09-02 19:00:00,FPO_Ahmedabad,Mango,22.41,66.95,702,67.32,2,500,390.11,78.02,LOW,70.8,4.51,49701.8,SELL NOW
2025-09-02 20:00:00,FPO_Jaipur,Mango,35.08,53.96,649,54.9,11,2000,698.22,34.91,LOW,59.41,1.84,38555.23,SELL NOW
2025-09-02 21:00:00,FPO_Surat,Tomato,27.15,61.77,535,22.54,2,2500,241.94,9.68,LOW,31.52,4.97,16864.9,STORE
2025-09-02 22:00:00,FPO_Nashik,Apple,31.36,69.99,203,90.9,14,500,496.47,99.29,HIGH,97.44,3.64,19781.29,SELL NOW
2025-09-02 23:00:00,FPO_Indore,Potato,36.56,79.8,958,24.51,6,500,500.0,100.0,HIGH,32.97,1.58,31589.27,SELL NOW
2025-09-03 00:00:00,FPO_Ahmedabad,Cabbage,21.51,51.33,716,23.93,3,1000,606.2,60.62,LOW,21.84,4.59,15640.43,SELL NOW
2025-09-03 01:00:00,FPO_Ahmedabad,Potato,24.83,62.34,1720,15.53,2,2500,924.03,36.96,LOW,17.09,3.9,29389.44,STORE
2025-09-03 02:00:00,FPO_Nagpur,Apple,35.94,49.92,1449,99.86,8,500,500.0,100.0,MEDIUM,98.13,3.94,142183.99,SELL NOW
2025-09-03 03:00:00,FPO_Surat,Mango,21.27,58.33,1373,57.08,7,2000,1076.38,53.82,LOW,53.55,2.46,73521.52,SELL NOW
2025-09-03 04:00:00,FPO_Nagpur,Potato,25.04,80.01,437,28.48,8,500,500.0,100.0,MEDIUM,35.99,2.68,15729.39,STORE
2025-09-03 05:00:00,FPO_Karnal,Onion,18.4,56.95,1883,26.65,6,2000,1610.98,80.55,LOW,19.86,4.7,37389.43,SELL NOW
2025-09-03 06:00:00,FPO_Ahmedabad,Onion,36.18,63.56,302,38.49,9,2000,583.69,29.18,LOW,38.57,3.72,11648.43,SELL NOW
2025-09-03 07:00:00,FPO_Jaipur,Tomato,24.51,46.45,1398,28.86,9,2000,1104.99,55.25,LOW,29.12,1.56,40706.41,SELL NOW
2025-09-03 08:00:00,FPO_Lucknow,Apple,30.11,56.58,1209,98.03,2,2500,891.06,35.64,LOW,99.96,2.65,120856.71,SELL NOW
2025-09-03 09:00:00,FPO_Lucknow,Apple,32.06,41.77,1684,98.72,10,2000,1329.35,66.47,LOW,96.0,3.59,161657.01,SELL NOW
2025-09-03 10:00:00,FPO_Indore,Potato,23.18,69.18,1971,23.47,5,2500,1743.7,69.75,LOW,22.78,2.02,44899.76,SELL NOW
2025-09-03 11:00:00,FPO_Ahmedabad,Mango,16.58,70.52,1257,58.66,9,500,500.0,100.0,LOW,70.99,1.84,89228.42,STORE
2025-09-03 12:00:00,FPO_Ahmedabad,Apple,26.68,70.05,1907,95.37,3,2000,1506.21,75.31,LOW,97.06,1.71,185100.71,SELL NOW
2025-09-03 13:00:00,FPO_Karnal,Potato,26.59,71.02,717,25.15,5,1500,582.9,38.86,LOW,23.74,3.71,17019.63,SELL NOW
2025-09-03 14:00:00,FPO_Ahmedabad,Potato,27.64,70.08,639,26.96,8,500,500.0,100.0,MEDIUM,31.14,2.62,19895.34,STORE
2025-09-03 15:00:00,FPO_Jaipur,Cabbage,27.67,42.11,1508,30.14,2,1500,924.82,61.65,LOW,33.51,2.81,50539.34,STORE
2025-09-03 16:00:00,FPO_Nagpur,Cabbage,25.01,53.18,424,24.2,6,1500,281.03,18.74,LOW,36.82,1.71,15613.05,STORE
2025-09-03 17:00:00,FPO_Ahmedabad,Apple,24.77,31.34,764,105.46,11,1000,684.33,68.43,LOW,107.09,4.08,81819.07,SELL NOW
2025-09-03 18:00:00,FPO_Ahmedabad,Potato,29.79,58.05,1480,23.58,4,2500,1005.84,40.23,LOW,29.01,4.18,42938.1,STORE
2025-09-03 19:00:00,FPO_Karnal,Tomato,23.06,51.94,1282,26.54,12,1000,1000.0,100.0,LOW,23.54,4.4,30174.27,SELL NOW
2025-09-03 20:00:00,FPO_Surat,Tomato,27.43,64.42,445,25.19,14,2500,844.73,33.79,LOW,24.6,3.78,10947.73,SELL NOW
2025-09-03 21:00:00,FPO_Nashik,Cabbage,24.62,95.0,1742,29.6,12,1000,1000.0,100.0,HIGH,29.5,4.21,51384.07,SELL NOW
2025-09-03 22:00:00,FPO_Surat,Apple,29.77,76.73,1437,91.59,6,500,500.0,100.0,MEDIUM,87.17,3.52,125268.11,SELL NOW
2025-09-03 23:00:00,FPO_Karnal,Mango,34.65,87.94,1127,66.94,3,1500,650.45,43.36,MEDIUM,70.18,3.22,79093.73,SELL NOW
2025-09-04 00:00:00,FPO_Surat,Tomato,34.9,77.32,1813,28.63,6,500,500.0,100.0,HIGH,32.89,2.41,59626.68,SELL NOW
2025-09-04 01:00:00,FPO_Karnal,Tomato,35.74,63.5,1924,25.01,7,2500,1347.22,53.89,LOW,28.65,1.69,55126.03,STORE
2025-09-04 02:00:00,FPO_Jaipur,Cabbage,26.0,64.85,1152,21.43,10,1500,1001.85,66.79,LOW,16.37,2.52,18858.38,SELL NOW
2025-09-04 03:00:00,FPO_Indore,Cabbage,26.5,77.97,1018,22.78,3,1500,729.44,48.63,LOW,20.96,3.89,21333.28,SELL NOW
2025-09-04 04:00:00,FPO_Ahmedabad,Apple,20.39,68.73,415,103.53,5,2500,650.04,26.0,LOW,104.56,4.74,43390.93,SELL NOW
2025-09-04 05:00:00,FPO_Karnal,Cabbage,25.94,60.68,1626,26.56,13,500,500.0,100.0,MEDIUM,23.72,2.4,38573.92,SELL NOW
2025-09-04 06:00:00,FPO_Karnal,Onion,26.16,86.4,482,27.71,12,1500,696.68,46.45,MEDIUM,20.5,3.84,9881.7,SELL NOW
2025-09-04 07:00:00,FPO_Nashik,Potato,24.3,71.67,1796,19.3,8,500,500.0,100.0,MEDIUM,27.09,3.17,48646.01,STORE
2025-09-04 08:00:00,FPO_Karnal,Tomato,24.27,43.62,772,29.57,2,500,456.52,91.3,LOW,40.12,3.7,30973.46,STORE
2025-09-04 09:00:00,FPO_Lucknow,Onion,17.81,62.29,1438,43.72,7,500,500.0,100.0,LOW,52.44,1.51,75408.6,STORE
2025-09-04 10:00:00,FPO_Indore,Mango,19.95,65.75,581,73.67,13,1500,894.88,59.66,LOW,78.13,1.93,45391.83,SELL NOW
2025-09-04 11:00:00,FPO_Ahmedabad,Onion,28.27,58.93,1268,35.26,1,2000,995.23,49.76,LOW,35.29,2.26,44744.57,SELL NOW
2025-09-04 12:00:00,FPO_Ahmedabad,Apple,28.49,59.22,371,96.13,7,1000,406.69,40.67,LOW,109.97,4.63,40797.81,STORE
2025-09-04 13:00:00,FPO_Nashik,Mango,30.9,58.74,1444,63.77,1,2500,1095.73,43.83,LOW,72.13,1.64,104154.35,STORE
2025-09-04 14:00:00,FPO_Jaipur,Mango,26.45,38.23,1608,56.28,4,500,500.0,100.0,LOW,55.17,3.49,88713.31,SELL NOW
2025-09-04 15:00:00,FPO_Ahmedabad,Cabbage,28.07,35.56,1318,23.86,4,1500,931.88,62.13,LOW,34.4,4.75,45343.88,STORE
2025-09-04 16:00:00,FPO_Lucknow,Onion,35.5,55.2,243,36.83,12,2500,260.69,10.43,LOW,40.65,3.78,9879.05,STORE
2025-09-04 17:00:00,FPO_Ahmedabad,Apple,27.68,58.99,427,98.78,5,2000,194.14,9.71,LOW,108.38,3.2,46278.48,SELL NOW
2025-09-04 18:00:00,FPO_Lucknow,Tomato,24.21,44.91,773,26.59,2,2000,352.53,17.63,LOW,37.56,2.85,29030.75,STORE
2025-09-04 19:00:00,FPO_Indore,Cabbage,20.85,49.64,516,22.47,14,1500,828.83,55.26,LOW,22.16,3.68,11435.12,SELL NOW
2025-09-04 20:00:00,FPO_Indore,Onion,32.78,61.2,930,25.91,14,500,500.0,100.0,HIGH,28.24,3.18,26264.41,SELL NOW
2025-09-04 21:00:00,FPO_Nagpur,Tomato,17.78,80.47,1558,26.69,12,2000,1585.32,79.27,MEDIUM,30.93,3.97,48187.84,STORE
2025-09-04 22:00:00,FPO_Nagpur,Onion,22.97,79.48,800,33.7,11,2000,963.46,48.17,LOW,37.17,3.66,29732.07,STORE
2025-09-04 23:00:00,FPO_Lucknow,Cabbage,30.51,79.98,823,28.38,12,2000,1041.14,52.06,MEDIUM,26.24,3.49,21597.88,SELL NOW
2025-09-05 00:00:00,FPO_Jaipur,Tomato,16.56,49.85,1942,29.47,6,1500,1500.0,100.0,LOW,33.03,4.85,64143.74,STORE
2025-09-05 01:00:00,FPO_Ahmedabad,Cabbage,24.31,61.67,666,30.88,6,2500,602.55,24.1,LOW,32.42,4.42,21591.09,SELL NOW
2025-09-05 02:00:00,FPO_Karnal,Onion,28.78,83.53,1938,21.38,14,1000,1000.0,100.0,HIGH,23.0,3.63,44564.72,SELL NOW
2025-09-05 03:00:00,FPO_Ahmedabad,Mango,25.7,38.53,496,60.26,8,1500,550.79,36.72,LOW,55.39,3.39,27473.98,SELL NOW
2025-09-05 04:00:00,FPO_Nagpur,Potato,22.1,58.11,744,18.46,13,500,500.0,100.0,MEDIUM,20.29,4.03,15096.23,SELL NOW
2025-09-05 05:00:00,FPO_Surat,Mango,24.44,68.33,688,69.92,10,1500,839.44,55.96,LOW,83.64,4.31,57542.21,STORE
2025-09-05 06:00:00,FPO_Karnal,Cabbage,32.9,39.42,1219,23.72,12,1500,1093.81,72.92,LOW,29.0,2.53,35349.16,STORE
2025-09-05 07:00:00,FPO_Lucknow,Cabbage,38.99,71.43,414,28.71,1,1000,146.05,14.61,LOW,30.13,3.83,12472.52,SELL NOW
2025-09-05 08:00:00,FPO_Karnal,Cabbage,28.84,88.2,1747,29.99,4,1000,1000.0,100.0,MEDIUM,35.68,1.97,62328.55,STORE
2025-09-05 09:00:00,FPO_Surat,Tomato,16.07,83.37,1225,26.13,12,1000,1000.0,100.0,MEDIUM,36.18,3.01,44316.34,STORE
2025-09-05 10:00:00,FPO_Ahmedabad,Apple,31.41,62.33,860,104.65,2,2500,457.83,18.31,LOW,104.05,4.78,89485.23,SELL NOW
2025-09-05 11:00:00,FPO_Ahmedabad,Cabbage,25.62,77.22,853,30.21,11,1500,996.12,66.41,MEDIUM,41.64,2.64,35520.98,STORE
2025-09-05 12:00:00,FPO_Jaipur,Mango,21.43,39.26,1001,63.95,8,500,500.0,100.0,LOW,61.61,2.04,61668.62,SELL NOW
2025-09-05 13:00:00,FPO_Nashik,Potato,23.2,69.18,1430,19.39,12,1000,1000.0,100.0,MEDIUM,20.44,2.01,29227.24,SELL NOW
2025-09-05 14:00:00,FPO_Karnal,Cabbage,23.45,60.43,540,17.85,4,1000,448.03,44.8,LOW,18.46,2.88,9969.13,SELL NOW
2025-09-05 15:00:00,FPO_Nagpur,Cabbage,19.53,62.76,903,35.69,14,1500,1052.71,70.18,LOW,44.78,2.29,40436.22,STORE
2025-09-05 16:00:00,FPO_Surat,Cabbage,27.62,66.56,606,23.55,8,500,500.0,100.0,MEDIUM,21.01,2.99,12734.9,SELL NOW
2025-09-05 17:00:00,FPO_Surat,Tomato,38.97,70.81,1052,33.02,13,1000,1000.0,100.0,HIGH,41.34,4.02,43489.05,SELL NOW
2025-09-05 18:00:00,FPO_Surat,Cabbage,21.4,43.22,505,22.68,2,1500,326.98,21.8,LOW,24.75,4.61,12500.92,SELL NOW
2025-09-05 19:00:00,FPO_Nagpur,Mango,38.78,50.29,1730,70.49,13,2000,1519.84,75.99,MEDIUM,74.18,1.89,128332.56,SELL NOW
2025-09-05 20:00:00,FPO_Nashik,Onion,29.25,61.16,1692,27.51,14,2500,1381.13,55.25,MEDIUM,36.44,4.19,61649.71,STORE
2025-09-05 21:00:00,FPO_Ahmedabad,Apple,27.44,38.32,1987,100.5,4,1500,1208.81,80.59,LOW,105.91,1.86,210447.08,SELL NOW
2025-09-05 22:00:00,FPO_Jaipur,Cabbage,26.07,67.06,1939,36.61,12,1000,1000.0,100.0,MEDIUM,46.0,2.83,89187.19,STORE
2025-09-05 23:00:00,FPO_Jaipur,Tomato,23.16,77.49,1073,20.01,9,500,500.0,100.0,MEDIUM,28.23,4.99,30287.41,STORE
2025-09-06 00:00:00,FPO_Nagpur,Mango,29.75,85.88,1781,66.03,5,2000,1389.85,69.49,MEDIUM,82.13,1.74,146270.82,STORE
2025-09-06 01:00:00,FPO_Jaipur,Cabbage,31.13,66.45,694,24.87,6,500,500.0,100.0,MEDIUM,33.64,1.58,23346.04,STORE
2025-09-06 02:00:00,FPO_Surat,Tomato,15.0,93.3,1484,31.54,10,500,500.0,100.0,MEDIUM,35.15,2.67,52167.07,STORE
2025-09-06 03:00:00,FPO_Indore,Onion,43.26,64.47,777,28.26,12,500,500.0,100.0,HIGH,31.57,4.83,24526.99,SELL NOW
2025-09-06 04:00:00,FPO_Nashik,Potato,17.13,46.15,1885,30.18,9,1500,1500.0,100.0,LOW,41.86,1.57,78903.83,STORE
2025-09-06 05:00:00,FPO_Ahmedabad,Cabbage,24.87,64.16,1805,20.94,9,1500,1500.0,100.0,MEDIUM,25.55,2.28,46113.69,STORE
2025-09-06 06:00:00,FPO_Indore,Mango,15.0,61.91,1587,60.19,7,2500,1390.85,55.63,LOW,65.83,3.61,104464.92,SELL NOW
2025-09-06 07:00:00,FPO_Nashik,Tomato,26.39,72.74,1737,32.68,11,2000,1431.04,71.55,MEDIUM,41.78,2.32,72567.36,STORE
2025-09-06 08:00:00,FPO_Lucknow,Tomato,25.23,69.06,740,23.9,2,500,500.0,100.0,LOW,25.39,1.69,18787.05,SELL NOW
2025-09-06 09:00:00,FPO_Karnal,Cabbage,24.93,67.99,967,25.64,7,1000,737.69,73.77,LOW,24.41,1.68,23600.27,SELL NOW
2025-09-06 10:00:00,FPO_Nagpur,Tomato,29.83,79.5,1796,22.87,9,500,500.0,100.0,HIGH,28.98,3.46,52051.22,SELL NOW
2025-09-06 11:00:00,FPO_Surat,Potato,26.54,58.55,1835,19.99,2,2000,1300.54,65.03,LOW,20.8,3.47,38168.06,SELL NOW
2025-09-06 12:00:00,FPO_Jaipur,Tomato,31.23,73.08,1095,41.12,7,500,500.0,100.0,MEDIUM,51.97,3.97,56912.06,STORE
2025-09-06 13:00:00,FPO_Lucknow,Apple,20.58,69.21,654,106.71,12,1500,857.01,57.13,LOW,97.73,1.96,63918.59,SELL NOW
2025-09-06 14:00:00,FPO_Jaipur,Apple,28.46,66.71,1367,103.33,7,1500,1180.31,78.69,LOW,104.1,3.25,142304.56,SELL NOW
2025-09-06 15:00:00,FPO_Indore,Tomato,24.21,64.01,1415,29.85,3,2000,918.28,45.91,LOW,34.65,3.6,49034.53,STORE
2025-09-06 16:00:00,FPO_Ahmedabad,Cabbage,25.78,45.93,1576,17.17,6,2500,1333.01,53.32,LOW,17.32,2.28,27302.85,SELL NOW
2025-09-06 17:00:00,FPO_Ahmedabad,Apple,29.62,61.19,498,99.07,8,500,500.0,100.0,MEDIUM,109.73,3.42,54644.43,STORE
2025-09-06 18:00:00,FPO_Ahmedabad,Mango,24.97,62.15,1683,64.61,10,2000,1380.94,69.05,LOW,69.31,3.98,116652.25,SELL NOW
2025-09-06 19:00:00,FPO_Surat,Apple,27.37,54.16,626,97.79,8,1000,566.64,56.66,LOW,98.07,4.97,61390.02,SELL NOW
2025-09-06 20:00:00,FPO_Jaipur,Tomato,21.07,44.63,915,29.8,14,1000,1000.0,100.0,LOW,34.68,3.59,31736.66,STORE
2025-09-06 21:00:00,FPO_Lucknow,Cabbage,34.57,56.65,956,19.98,3,2500,461.76,18.47,LOW,16.53,4.51,15800.39,SELL NOW
2025-09-06 22:00:00,FPO_Ahmedabad,Onion,32.37,57.9,230,24.56,6,1500,362.71,24.18,LOW,30.82,4.42,7088.28,STORE
2025-09-06 23:00:00,FPO_Lucknow,Cabbage,28.6,44.9,531,36.41,2,2000,261.33,13.07,LOW,46.69,4.79,24791.2,STORE
2025-09-07 00:00:00,FPO_Jaipur,Cabbage,26.54,44.88,1634,35.65,14,500,500.0,100.0,MEDIUM,38.56,4.03,63010.45,SELL NOW
2025-09-07 01:00:00,FPO_Surat,Cabbage,27.37,33.62,251,24.57,2,2000,50.0,5.0,LOW,28.2,2.25,7077.86,STORE
2025-09-07 02:00:00,FPO_Indore,Mango,34.44,69.43,1607,56.11,13,2500,1445.48,57.82,MEDIUM,54.12,2.54,86969.81,SELL NOW
2025-09-07 03:00:00,FPO_Surat,Potato,31.95,79.67,442,17.29,8,2000,606.13,30.31,LOW,17.15,4.25,7578.59,SELL NOW
2025-09-07 04:00:00,FPO_Lucknow,Tomato,34.55,65.24,974,30.01,11,2500,1003.69,40.15,MEDIUM,38.92,3.32,37908.18,STORE
2025-09-07 05:00:00,FPO_Surat,Potato,25.95,58.94,885,31.67,10,2500,842.8,33.71,LOW,34.74,2.38,30742.15,SELL NOW
2025-09-07 06:00:00,FPO_Surat,Onion,30.9,44.15,1835,26.51,5,2500,1129.52,45.18,LOW,41.3,3.8,75792.62,STORE
2025-09-07 07:00:00,FPO_Indore,Potato,35.13,31.93,1640,23.0,5,2000,1010.03,50.5,LOW,29.51,4.67,48400.91,STORE
2025-09-07 08:00:00,FPO_Jaipur,Tomato,22.44,64.51,1698,28.74,11,1000,1000.0,100.0,MEDIUM,26.67,2.75,45291.43,SELL NOW
2025-09-07 09:00:00,FPO_Jaipur,Tomato,22.07,74.24,1615,36.33,4,500,500.0,100.0,LOW,51.48,3.59,83137.2,STORE
2025-09-07 10:00:00,FPO_Nagpur,Onion,29.65,52.51,1612,31.4,11,2500,1190.84,47.63,LOW,27.86,3.54,44908.33,SELL NOW
2025-09-07 11:00:00,FPO_Surat,Tomato,20.59,80.83,772,21.02,10,1500,855.77,57.05,LOW,22.7,1.94,17522.99,SELL NOW
2025-09-07 12:00:00,FPO_Jaipur,Onion,17.11,54.67,1071,33.76,4,2500,690.07,27.6,LOW,38.23,1.82,40944.35,STORE
2025-09-07 13:00:00,FPO_Jaipur,Onion,35.05,81.27,899,30.85,8,2000,772.95,38.65,MEDIUM,36.02,4.61,32384.38,STORE
2025-09-07 14:00:00,FPO_Nashik,Tomato,36.09,53.29,1692,23.66,3,2500,1012.13,40.49,LOW,24.17,4.77,40894.04,SELL NOW
2025-09-07 15:00:00,FPO_Ahmedabad,Apple,20.92,30.0,1631,105.3,11,1500,1248.24,83.22,LOW,108.95,4.66,177702.59,SELL NOW
2025-09-07 16:00:00,FPO_Nagpur,Onion,19.41,74.4,718,28.44,3,1000,805.92,80.59,LOW,38.7,2.89,27789.35,STORE
2025-09-07 17:00:00,FPO_Karnal,Tomato,24.08,51.16,1412,29.67,8,2000,1273.31,63.67,LOW,40.01,2.51,56488.39,STORE
2025-09-07 18:00:00,FPO_Nagpur,Apple,35.52,41.86,794,100.72,3,2000,486.89,24.34,LOW,113.44,4.8,90070.73,STORE
2025-09-07 19:00:00,FPO_Nagpur,Onion,25.54,72.22,1574,28.51,12,2000,1444.46,72.22,MEDIUM,27.76,4.59,43698.41,SELL NOW
2025-09-07 20:00:00,FPO_Karnal,Apple,28.57,51.66,482,95.94,2,1500,398.98,26.6,LOW,101.01,4.37,48686.79,SELL NOW
2025-09-07 21:00:00,FPO_Nashik,Mango,29.95,43.81,1859,62.8,13,2000,1455.02,72.75,LOW,68.67,2.67,127652.17,SELL NOW
2025-09-07 22:00:00,FPO_Surat,Cabbage,29.04,84.67,1380,18.9,11,1000,1000.0,100.0,HIGH,13.37,3.74,18444.09,SELL NOW
2025-09-07 23:00:00,FPO_Indore,Mango,36.96,61.93,798,64.64,13,500,500.0,100.0,HIGH,66.69,4.13,53217.41,SELL NOW
